歌手,歌名,来源,置信度
AP满人,Fly Dubstep Remix,github_dataset,0.8
AP满人,Fly Dubstep Remix,github_extended,0.7
AP满人,Fly Dubstep Remix,github_v2,0.75
AP满人,Hip-Hop 国,github_dataset,0.8
AP满人,Hip-Hop 国,github_extended,0.7
AP满人,Hip-Hop 国,github_v2,0.75
AP满人,Leaving,github_dataset,0.8
AP满人,Leaving,github_extended,0.7
AP满人,Leaving,github_v2,0.75
AP满人,Let It Go(Feat. J. Sheon),github_dataset,0.8
AP满人,Let It Go(Feat. J. Sheon),github_extended,0.7
AP满人,Let It Go(Feat. J. Sheon),github_v2,0.75
AP满人,Long Drive(Feat. YoungStar),github_dataset,0.8
AP满人,Long Drive(Feat. YoungStar),github_extended,0.7
AP满人,Long Drive(Feat. YoungStar),github_v2,0.75
AP满人,Money,github_dataset,0.8
AP满人,Money,github_extended,0.7
AP满人,Money,github_v2,0.75
AP满人,Next Big Thing,github_dataset,0.8
AP满人,Next Big Thing,github_extended,0.7
AP满人,Next Big Thing,github_v2,0.75
AP满人,Rain Dropz(Feat.Sbazzo),github_dataset,0.8
AP满人,Rain Dropz(Feat.Sbazzo),github_extended,0.7
AP满人,Rain Dropz(Feat.Sbazzo),github_v2,0.75
AP满人,Rain Dropz-雨落,github_dataset,0.8
AP满人,Rain Dropz-雨落,github_extended,0.7
AP满人,Rain Dropz-雨落,github_v2,0.75
AP满人,Rapper 的 Rapper,github_dataset,0.8
AP满人,Rapper 的 Rapper,github_extended,0.7
AP满人,Rapper 的 Rapper,github_v2,0.75
AP满人,Summer Of Mine (Feat. Meighan Nealon),github_dataset,0.8
AP满人,Summer Of Mine (Feat. Meighan Nealon),github_extended,0.7
AP满人,Summer Of Mine (Feat. Meighan Nealon),github_v2,0.75
AP满人,To Make It Better,github_dataset,0.8
AP满人,To Make It Better,github_extended,0.7
AP满人,To Make It Better,github_v2,0.75
AP满人,Trade Story(Feat. Fayya),github_dataset,0.8
AP满人,Trade Story(Feat. Fayya),github_extended,0.7
AP满人,Trade Story(Feat. Fayya),github_v2,0.75
AP满人,We don't Give A,github_dataset,0.8
AP满人,We don't Give A,github_extended,0.7
AP满人,We don't Give A,github_v2,0.75
AP满人,十年 Feature(Feat. SoftLipa.Jnco),github_dataset,0.8
AP满人,十年 Feature(Feat. SoftLipa.Jnco),github_extended,0.7
AP满人,十年 Feature(Feat. SoftLipa.Jnco),github_v2,0.75
AP满人,双手,github_dataset,0.8
AP满人,双手,github_extended,0.7
AP满人,双手,github_v2,0.75
AP满人,巨星,github_dataset,0.8
AP满人,巨星,github_extended,0.7
AP满人,巨星,github_v2,0.75
AP满人,真我,github_dataset,0.8
AP满人,真我,github_extended,0.7
AP满人,真我,github_v2,0.75
AP满人,蒙娜莉萨,github_dataset,0.8
AP满人,蒙娜莉萨,github_extended,0.7
AP满人,蒙娜莉萨,github_v2,0.75
AP满人,起义之日 (Prod By 光光),github_dataset,0.8
AP满人,起义之日 (Prod By 光光),github_extended,0.7
AP满人,起义之日 (Prod By 光光),github_v2,0.75
AP满人,那一刻,github_dataset,0.8
AP满人,那一刻,github_extended,0.7
AP满人,那一刻,github_v2,0.75
AP满人,飞,github_dataset,0.8
AP满人,飞,github_extended,0.7
AP满人,飞,github_v2,0.75
AP满人,黑特,github_dataset,0.8
AP满人,黑特,github_extended,0.7
AP满人,黑特,github_v2,0.75
AR刘夫阳,020,github_dataset,0.8
AR刘夫阳,020,github_extended,0.7
AR刘夫阳,020,github_v2,0.75
AR刘夫阳,020 Remix,github_dataset,0.8
AR刘夫阳,020 Remix,github_extended,0.7
AR刘夫阳,020 Remix,github_v2,0.75
AR刘夫阳,All That,github_dataset,0.8
AR刘夫阳,All That,github_extended,0.7
AR刘夫阳,All That,github_v2,0.75
AR刘夫阳,Brand New Hits,github_dataset,0.8
AR刘夫阳,Brand New Hits,github_extended,0.7
AR刘夫阳,Brand New Hits,github_v2,0.75
AR刘夫阳,C位,github_dataset,0.8
AR刘夫阳,C位,github_extended,0.7
AR刘夫阳,C位,github_v2,0.75
AR刘夫阳,Dangerous,github_dataset,0.8
AR刘夫阳,Dangerous,github_extended,0.7
AR刘夫阳,Dangerous,github_v2,0.75
AR刘夫阳,Good Girl,github_dataset,0.8
AR刘夫阳,Good Girl,github_extended,0.7
AR刘夫阳,Good Girl,github_v2,0.75
AR刘夫阳,I Don't Care,github_dataset,0.8
AR刘夫阳,I Don't Care,github_extended,0.7
AR刘夫阳,I Don't Care,github_v2,0.75
AR刘夫阳,ITM,github_dataset,0.8
AR刘夫阳,ITM,github_extended,0.7
AR刘夫阳,ITM,github_v2,0.75
AR刘夫阳,OnlyYou,github_dataset,0.8
AR刘夫阳,OnlyYou,github_extended,0.7
AR刘夫阳,OnlyYou,github_v2,0.75
AR刘夫阳,Patience / 军火库 Featuring 谢帝,github_dataset,0.8
AR刘夫阳,Patience / 军火库 Featuring 谢帝,github_extended,0.7
AR刘夫阳,Patience / 军火库 Featuring 谢帝,github_v2,0.75
AR刘夫阳,Real Rap Shit Pt.2 (Lu Remix),github_dataset,0.8
AR刘夫阳,Real Rap Shit Pt.2 (Lu Remix),github_extended,0.7
AR刘夫阳,Real Rap Shit Pt.2 (Lu Remix),github_v2,0.75
AR刘夫阳,Real Rap Shit,github_dataset,0.8
AR刘夫阳,Real Rap Shit,github_extended,0.7
AR刘夫阳,Real Rap Shit,github_v2,0.75
AR刘夫阳,Spend it (Fast &amp; Furious),github_dataset,0.8
AR刘夫阳,Spend it (Fast &amp; Furious),github_extended,0.7
AR刘夫阳,Spend it (Fast &amp; Furious),github_v2,0.75
AR刘夫阳,乱标价,github_dataset,0.8
AR刘夫阳,乱标价,github_extended,0.7
AR刘夫阳,乱标价,github_v2,0.75
AR刘夫阳,刷刷刷刷,github_dataset,0.8
AR刘夫阳,刷刷刷刷,github_extended,0.7
AR刘夫阳,刷刷刷刷,github_v2,0.75
AR刘夫阳,同龄人的代沟,github_dataset,0.8
AR刘夫阳,同龄人的代沟,github_extended,0.7
AR刘夫阳,同龄人的代沟,github_v2,0.75
AR刘夫阳,学霸,github_dataset,0.8
AR刘夫阳,学霸,github_extended,0.7
AR刘夫阳,学霸,github_v2,0.75
AR刘夫阳,害臊,github_dataset,0.8
AR刘夫阳,害臊,github_extended,0.7
AR刘夫阳,害臊,github_v2,0.75
AR刘夫阳,对号入座 FT. AR,github_dataset,0.8
AR刘夫阳,对号入座 FT. AR,github_extended,0.7
AR刘夫阳,对号入座 FT. AR,github_v2,0.75
AR刘夫阳,开学典礼演讲,github_dataset,0.8
AR刘夫阳,开学典礼演讲,github_extended,0.7
AR刘夫阳,开学典礼演讲,github_v2,0.75
AR刘夫阳,押韵歌,github_dataset,0.8
AR刘夫阳,押韵歌,github_extended,0.7
AR刘夫阳,押韵歌,github_v2,0.75
AR刘夫阳,押韵歌(All-Star Remix),github_dataset,0.8
AR刘夫阳,押韵歌(All-Star Remix),github_extended,0.7
AR刘夫阳,押韵歌(All-Star Remix),github_v2,0.75
AR刘夫阳,校园寓言故事,github_dataset,0.8
AR刘夫阳,校园寓言故事,github_extended,0.7
AR刘夫阳,校园寓言故事,github_v2,0.75
AR刘夫阳,毕业典礼演讲,github_dataset,0.8
AR刘夫阳,毕业典礼演讲,github_extended,0.7
AR刘夫阳,毕业典礼演讲,github_v2,0.75
AR刘夫阳,毕业照,github_dataset,0.8
AR刘夫阳,毕业照,github_extended,0.7
AR刘夫阳,毕业照,github_v2,0.75
AR刘夫阳,消失的爱人(Used to Love H.E.R.),github_dataset,0.8
AR刘夫阳,消失的爱人(Used to Love H.E.R.),github_extended,0.7
AR刘夫阳,消失的爱人(Used to Love H.E.R.),github_v2,0.75
AR刘夫阳,狗年 Year Of the Dog,github_dataset,0.8
AR刘夫阳,狗年 Year Of the Dog,github_extended,0.7
AR刘夫阳,狗年 Year Of the Dog,github_v2,0.75
AR刘夫阳,皇帝的新衣 (Skr),github_dataset,0.8
AR刘夫阳,皇帝的新衣 (Skr),github_extended,0.7
AR刘夫阳,皇帝的新衣 (Skr),github_v2,0.75
AR刘夫阳,粤语 Rap (Interlude),github_dataset,0.8
AR刘夫阳,粤语 Rap (Interlude),github_extended,0.7
AR刘夫阳,粤语 Rap (Interlude),github_v2,0.75
AR刘夫阳,耐心 (Patience Pt.2),github_dataset,0.8
AR刘夫阳,耐心 (Patience Pt.2),github_extended,0.7
AR刘夫阳,耐心 (Patience Pt.2),github_v2,0.75
Bridge,Bridge,lrc_cx_build,0.88
Bridge,中流,lrc_cx_build,0.88
Bridge,击水,lrc_cx_build,0.88
Bridge,彼岸,lrc_cx_build,0.88
Bridge,摆渡,lrc_cx_build,0.88
Bridge,桥,lrc_cx_build,0.88
Bridge,此岸,lrc_cx_build,0.88
Bridge,泅渡,lrc_cx_build,0.88
Bridge,渡河,lrc_cx_build,0.88
Bridge,过河,lrc_cx_build,0.88
C-Block,1More,github_dataset,0.8
C-Block,1More,github_extended,0.7
C-Block,1More,github_v2,0.75
C-Block,Baby Baby,github_dataset,0.8
C-Block,Baby Baby,github_extended,0.7
C-Block,Baby Baby,github_v2,0.75
C-Block,Black Hoodie,github_dataset,0.8
C-Block,Black Hoodie,github_extended,0.7
C-Block,Black Hoodie,github_v2,0.75
C-Block,Money Monster（《金钱怪咖》主题曲）,github_dataset,0.8
C-Block,Money Monster（《金钱怪咖》主题曲）,github_extended,0.7
C-Block,Money Monster（《金钱怪咖》主题曲）,github_v2,0.75
C-Block,The Second Love,github_dataset,0.8
C-Block,The Second Love,github_extended,0.7
C-Block,The Second Love,github_v2,0.75
C-Block,W.O.M.W,github_dataset,0.8
C-Block,W.O.M.W,github_extended,0.7
C-Block,W.O.M.W,github_v2,0.75
C-Block,Walking On My Way,github_dataset,0.8
C-Block,Walking On My Way,github_extended,0.7
C-Block,Walking On My Way,github_v2,0.75
C-Block,七里八里,github_dataset,0.8
C-Block,七里八里,github_extended,0.7
C-Block,七里八里,github_v2,0.75
C-Block,三人行,github_dataset,0.8
C-Block,三人行,github_extended,0.7
C-Block,三人行,github_v2,0.75
C-Block,三千里,github_dataset,0.8
C-Block,三千里,github_extended,0.7
C-Block,三千里,github_v2,0.75
C-Block,以下范上,github_dataset,0.8
C-Block,以下范上,github_extended,0.7
C-Block,以下范上,github_v2,0.75
C-Block,停电夜,github_dataset,0.8
C-Block,停电夜,github_extended,0.7
C-Block,停电夜,github_v2,0.75
C-Block,兵临城下,github_dataset,0.8
C-Block,兵临城下,github_extended,0.7
C-Block,兵临城下,github_v2,0.75
C-Block,冠军,github_dataset,0.8
C-Block,冠军,github_extended,0.7
C-Block,冠军,github_v2,0.75
C-Block,十年长沙,github_dataset,0.8
C-Block,十年长沙,github_extended,0.7
C-Block,十年长沙,github_v2,0.75
C-Block,南京红,lrc_cx_build,0.88
C-Block,唯一的,github_dataset,0.8
C-Block,唯一的,github_extended,0.7
C-Block,唯一的,github_v2,0.75
C-Block,大闹天宫,github_dataset,0.8
C-Block,大闹天宫,github_extended,0.7
C-Block,大闹天宫,github_v2,0.75
C-Block,女人花,github_dataset,0.8
C-Block,女人花,github_extended,0.7
C-Block,女人花,github_v2,0.75
C-Block,孤独症,github_dataset,0.8
C-Block,孤独症,github_extended,0.7
C-Block,孤独症,github_v2,0.75
C-Block,宁波路,lrc_cx_build,0.88
C-Block,带我回家,github_dataset,0.8
C-Block,带我回家,github_extended,0.7
C-Block,带我回家,github_v2,0.75
C-Block,很高兴认识你,github_dataset,0.8
C-Block,很高兴认识你,github_extended,0.7
C-Block,很高兴认识你,github_v2,0.75
C-Block,我们恋爱吧,github_dataset,0.8
C-Block,我们恋爱吧,github_extended,0.7
C-Block,我们恋爱吧,github_v2,0.75
C-Block,我们毕业了,github_dataset,0.8
C-Block,我们毕业了,github_extended,0.7
C-Block,我们毕业了,github_v2,0.75
C-Block,我的梦,github_dataset,0.8
C-Block,我的梦,github_extended,0.7
C-Block,我的梦,github_v2,0.75
C-Block,无锡桥,lrc_cx_build,0.88
C-Block,未来主人翁,github_dataset,0.8
C-Block,未来主人翁,github_extended,0.7
C-Block,未来主人翁,github_v2,0.75
C-Block,杭州夜,lrc_cx_build,0.88
C-Block,梦怡,github_dataset,0.8
C-Block,梦怡,github_extended,0.7
C-Block,梦怡,github_v2,0.75
C-Block,水深,github_dataset,0.8
C-Block,水深,github_extended,0.7
C-Block,水深,github_v2,0.75
C-Block,江湖流,github_dataset,0.8
C-Block,江湖流,github_extended,0.7
C-Block,江湖流,github_v2,0.75
C-Block,没有钱,github_dataset,0.8
C-Block,没有钱,github_extended,0.7
C-Block,没有钱,github_v2,0.75
C-Block,淘金日记,github_dataset,0.8
C-Block,淘金日记,github_extended,0.7
C-Block,淘金日记,github_v2,0.75
C-Block,火苗,github_dataset,0.8
C-Block,火苗,github_extended,0.7
C-Block,火苗,github_v2,0.75
C-Block,白沙,github_dataset,0.8
C-Block,白沙,github_extended,0.7
C-Block,白沙,github_v2,0.75
C-Block,礼物（THE GIFT）,github_dataset,0.8
C-Block,礼物（THE GIFT）,github_extended,0.7
C-Block,礼物（THE GIFT）,github_v2,0.75
C-Block,离骚,github_dataset,0.8
C-Block,离骚,github_extended,0.7
C-Block,离骚,github_v2,0.75
C-Block,第二次的爱,github_dataset,0.8
C-Block,第二次的爱,github_extended,0.7
C-Block,第二次的爱,github_v2,0.75
C-Block,策长沙,github_dataset,0.8
C-Block,策长沙,github_extended,0.7
C-Block,策长沙,github_v2,0.75
C-Block,绿林好汉,github_dataset,0.8
C-Block,绿林好汉,github_extended,0.7
C-Block,绿林好汉,github_v2,0.75
C-Block,罩着你,github_dataset,0.8
C-Block,罩着你,github_extended,0.7
C-Block,罩着你,github_v2,0.75
C-Block,老街的味,github_dataset,0.8
C-Block,老街的味,github_extended,0.7
C-Block,老街的味,github_v2,0.75
C-Block,苏州河,lrc_cx_build,0.88
C-Block,英雄钢笔,github_dataset,0.8
C-Block,英雄钢笔,github_extended,0.7
C-Block,英雄钢笔,github_v2,0.75
C-Block,莫名我就喜欢你,github_dataset,0.8
C-Block,莫名我就喜欢你,github_extended,0.7
C-Block,莫名我就喜欢你,github_v2,0.75
C-Block,跳跳蛙,github_dataset,0.8
C-Block,跳跳蛙,github_extended,0.7
C-Block,跳跳蛙,github_v2,0.75
C-Block,蹦极,github_dataset,0.8
C-Block,蹦极,github_extended,0.7
C-Block,蹦极,github_v2,0.75
C-Block,野家拳,github_dataset,0.8
C-Block,野家拳,github_extended,0.7
C-Block,野家拳,github_v2,0.75
C-Block,长沙策长沙,github_dataset,0.8
C-Block,长沙策长沙,github_extended,0.7
C-Block,长沙策长沙,github_v2,0.75
C-Block,长河,github_dataset,0.8
C-Block,长河,github_extended,0.7
C-Block,长河,github_v2,0.75
C-Block,零花鞋,github_dataset,0.8
C-Block,零花鞋,github_extended,0.7
C-Block,零花鞋,github_v2,0.75
C-Block,顶两口,github_dataset,0.8
C-Block,顶两口,github_extended,0.7
C-Block,顶两口,github_v2,0.75
COU,farewell,github_dataset,0.8
COU,farewell,github_extended,0.7
COU,farewell,github_v2,0.75
COU,女演员,github_dataset,0.8
COU,女演员,github_extended,0.7
COU,女演员,github_v2,0.75
COU,海潮之声,github_dataset,0.8
COU,海潮之声,github_extended,0.7
COU,海潮之声,github_v2,0.75
COU,记忆,github_dataset,0.8
COU,记忆,github_extended,0.7
COU,记忆,github_v2,0.75
Capper,Capper,lrc_cx_build,0.88
Capper,Drip Like That,netease_top,0.85
D-Evil,D-Evil(produced by 光光),github_dataset,0.8
D-Evil,D-Evil(produced by 光光),github_extended,0.7
D-Evil,D-Evil(produced by 光光),github_v2,0.75
D-Evil,Race Against Time / 和时间赛跑 Ft. Soul Crew、欣谚(produced by ScRaTcH_P),github_dataset,0.8
D-Evil,Race Against Time / 和时间赛跑 Ft. Soul Crew、欣谚(produced by ScRaTcH_P),github_extended,0.7
D-Evil,Race Against Time / 和时间赛跑 Ft. Soul Crew、欣谚(produced by ScRaTcH_P),github_v2,0.75
D-Evil,Something In Your Soul(produced by ScRaTcH_P),github_dataset,0.8
D-Evil,Something In Your Soul(produced by ScRaTcH_P),github_extended,0.7
D-Evil,Something In Your Soul(produced by ScRaTcH_P),github_v2,0.75
D-Evil,bonus track:挤公交(produced by 光光),github_dataset,0.8
D-Evil,bonus track:挤公交(produced by 光光),github_extended,0.7
D-Evil,bonus track:挤公交(produced by 光光),github_v2,0.75
D-Evil,dream team,github_dataset,0.8
D-Evil,dream team,github_extended,0.7
D-Evil,dream team,github_v2,0.75
D-Evil,freestyle,github_dataset,0.8
D-Evil,freestyle,github_extended,0.7
D-Evil,freestyle,github_v2,0.75
D-Evil,hipa do u like,github_dataset,0.8
D-Evil,hipa do u like,github_extended,0.7
D-Evil,hipa do u like,github_v2,0.75
D-Evil,speed,github_dataset,0.8
D-Evil,speed,github_extended,0.7
D-Evil,speed,github_v2,0.75
D-Evil,一辈子的朋友(produced by 光光),github_dataset,0.8
D-Evil,一辈子的朋友(produced by 光光),github_extended,0.7
D-Evil,一辈子的朋友(produced by 光光),github_v2,0.75
D-Evil,举起手,github_dataset,0.8
D-Evil,举起手,github_extended,0.7
D-Evil,举起手,github_v2,0.75
D-Evil,哎!(nana nana) (produced by 光光),github_dataset,0.8
D-Evil,哎!(nana nana) (produced by 光光),github_extended,0.7
D-Evil,哎!(nana nana) (produced by 光光),github_v2,0.75
D-Evil,喝馄饨,github_dataset,0.8
D-Evil,喝馄饨,github_extended,0.7
D-Evil,喝馄饨,github_v2,0.75
D-Evil,坚强的心(produced by ScRaTcH_P),github_dataset,0.8
D-Evil,坚强的心(produced by ScRaTcH_P),github_extended,0.7
D-Evil,坚强的心(produced by ScRaTcH_P),github_v2,0.75
D-Evil,夜总会,github_dataset,0.8
D-Evil,夜总会,github_extended,0.7
D-Evil,夜总会,github_v2,0.75
D-Evil,我的爱情,github_dataset,0.8
D-Evil,我的爱情,github_extended,0.7
D-Evil,我的爱情,github_v2,0.75
D-Evil,房的一米,github_dataset,0.8
D-Evil,房的一米,github_extended,0.7
D-Evil,房的一米,github_v2,0.75
D-Evil,救赎(produced by 光光),github_dataset,0.8
D-Evil,救赎(produced by 光光),github_extended,0.7
D-Evil,救赎(produced by 光光),github_v2,0.75
D-Evil,梦要继续(produced by ScRaTcH_P),github_dataset,0.8
D-Evil,梦要继续(produced by ScRaTcH_P),github_extended,0.7
D-Evil,梦要继续(produced by ScRaTcH_P),github_v2,0.75
D-Evil,点头,github_dataset,0.8
D-Evil,点头,github_extended,0.7
D-Evil,点头,github_v2,0.75
D-Evil,王者之路,github_dataset,0.8
D-Evil,王者之路,github_extended,0.7
D-Evil,王者之路,github_v2,0.75
GAI,一步之遥,lrc_cx_build,0.88
GAI,光宗绍祖,lrc_cx_build,0.88
GAI,兰亭序,lrc_cx_build,0.88
GAI,兰花草,lrc_cx_ext,0.85
GAI,千里之外,lrc_cx_ext,0.85
GAI,千里之外,netease_top,0.85
GAI,威远故事,lrc_cx_build,0.88
GAI,少年,lrc_cx_build,0.88
GAI,少年的天,lrc_cx_build,0.88
GAI,有故事的人,lrc_cx_build,0.88
GAI,有杯二两,lrc_cx_ext,0.85
GAI,有杯二两,netease_top,0.85
GAI,有里没外,lrc_cx_build,0.88
GAI,朝天门,lrc_cx_ext,0.85
GAI,朝天门,netease_top,0.85
GAI,江湖郎中,lrc_cx_build,0.88
GAI,沧海一声笑,lrc_cx_build,0.88
GAI,沧海一声笑,lrc_cx_ext,0.85
GAI,烈火如歌,lrc_cx_build,0.88
GAI,皮囊,lrc_cx_ext,0.85
GAI,皮囊,netease_top,0.85
GAI,皮影戏,lrc_cx_ext,0.85
GAI,皮气,lrc_cx_build,0.88
GAI,空城,lrc_cx_build,0.88
GAI,花火,lrc_cx_build,0.88
GAI,苦行僧,lrc_cx_ext,0.85
GAI,苦行僧,netease_top,0.85
GAI,超时代,lrc_cx_build,0.88
GAI,超社会,lrc_cx_build,0.88
GAI,超社会,lrc_cx_ext,0.85
GAI,重庆森林,lrc_cx_build,0.88
GAI,龙拳,lrc_cx_ext,0.85
GAI,龙拳,netease_top,0.85
GAI周延,2017 重庆茶馆 Cypher (Tory/Bridge/GAI),github_dataset,0.8
GAI周延,2017 重庆茶馆 Cypher (Tory/Bridge/GAI),github_extended,0.7
GAI周延,2017 重庆茶馆 Cypher (Tory/Bridge/GAI),github_v2,0.75
GAI周延,GAI海选清唱片段 (Live),github_dataset,0.8
GAI周延,GAI海选清唱片段 (Live),github_extended,0.7
GAI周延,GAI海选清唱片段 (Live),github_v2,0.75
GAI周延,RAINBOW,github_dataset,0.8
GAI周延,RAINBOW,github_extended,0.7
GAI周延,RAINBOW,github_v2,0.75
GAI周延,Street Fighter (Live),github_dataset,0.8
GAI周延,Street Fighter (Live),github_extended,0.7
GAI周延,Street Fighter (Live),github_v2,0.75
GAI周延,◓,github_dataset,0.8
GAI周延,◓,github_extended,0.7
GAI周延,◓,github_v2,0.75
GAI周延,一百零八 (Live),github_dataset,0.8
GAI周延,一百零八 (Live),github_extended,0.7
GAI周延,一百零八 (Live),github_v2,0.75
GAI周延,万里长城,github_dataset,0.8
GAI周延,万里长城,github_extended,0.7
GAI周延,万里长城,github_v2,0.75
GAI周延,为梦打Call,github_dataset,0.8
GAI周延,为梦打Call,github_extended,0.7
GAI周延,为梦打Call,github_v2,0.75
GAI周延,你猜我猜不猜,github_dataset,0.8
GAI周延,你猜我猜不猜,github_extended,0.7
GAI周延,你猜我猜不猜,github_v2,0.75
GAI周延,光宗耀祖,github_dataset,0.8
GAI周延,光宗耀祖,github_extended,0.7
GAI周延,光宗耀祖,github_v2,0.75
GAI周延,凡人歌 (Live),github_dataset,0.8
GAI周延,凡人歌 (Live),github_extended,0.7
GAI周延,凡人歌 (Live),github_v2,0.75
GAI周延,包间,github_dataset,0.8
GAI周延,包间,github_extended,0.7
GAI周延,包间,github_v2,0.75
GAI周延,可爱女孩,github_dataset,0.8
GAI周延,可爱女孩,github_extended,0.7
GAI周延,可爱女孩,github_v2,0.75
GAI周延,圆周率,github_dataset,0.8
GAI周延,圆周率,github_extended,0.7
GAI周延,圆周率,github_v2,0.75
GAI周延,在下霍元甲,github_dataset,0.8
GAI周延,在下霍元甲,github_extended,0.7
GAI周延,在下霍元甲,github_v2,0.75
GAI周延,垃圾话,github_dataset,0.8
GAI周延,垃圾话,github_extended,0.7
GAI周延,垃圾话,github_v2,0.75
GAI周延,夕阳下,github_dataset,0.8
GAI周延,夕阳下,github_extended,0.7
GAI周延,夕阳下,github_v2,0.75
GAI周延,大人物,github_dataset,0.8
GAI周延,大人物,github_extended,0.7
GAI周延,大人物,github_v2,0.75
GAI周延,好运来,github_dataset,0.8
GAI周延,好运来,github_extended,0.7
GAI周延,好运来,github_v2,0.75
GAI周延,我爱王斯然,github_dataset,0.8
GAI周延,我爱王斯然,github_extended,0.7
GAI周延,我爱王斯然,github_v2,0.75
GAI周延,永不独行,github_dataset,0.8
GAI周延,永不独行,github_extended,0.7
GAI周延,永不独行,github_v2,0.75
GAI周延,没时间后悔 (Live),github_dataset,0.8
GAI周延,没时间后悔 (Live),github_extended,0.7
GAI周延,没时间后悔 (Live),github_v2,0.75
GAI周延,没钱咋个整,github_dataset,0.8
GAI周延,没钱咋个整,github_extended,0.7
GAI周延,没钱咋个整,github_v2,0.75
GAI周延,沧海一声笑 (Live),github_dataset,0.8
GAI周延,沧海一声笑 (Live),github_extended,0.7
GAI周延,沧海一声笑 (Live),github_v2,0.75
GAI周延,爱如潮水 (Live),github_dataset,0.8
GAI周延,爱如潮水 (Live),github_extended,0.7
GAI周延,爱如潮水 (Live),github_v2,0.75
GAI周延,爱难脱身,github_dataset,0.8
GAI周延,爱难脱身,github_extended,0.7
GAI周延,爱难脱身,github_v2,0.75
GAI周延,王者降临,github_dataset,0.8
GAI周延,王者降临,github_extended,0.7
GAI周延,王者降临,github_v2,0.75
GAI周延,白日梦想家,github_dataset,0.8
GAI周延,白日梦想家,github_extended,0.7
GAI周延,白日梦想家,github_v2,0.75
GAI周延,盖世英雄,github_dataset,0.8
GAI周延,盖世英雄,github_extended,0.7
GAI周延,盖世英雄,github_v2,0.75
GAI周延,空城计,github_dataset,0.8
GAI周延,空城计,github_extended,0.7
GAI周延,空城计,github_v2,0.75
GAI周延,红旗车,github_dataset,0.8
GAI周延,红旗车,github_extended,0.7
GAI周延,红旗车,github_v2,0.75
GAI周延,耍没耍过的,github_dataset,0.8
GAI周延,耍没耍过的,github_extended,0.7
GAI周延,耍没耍过的,github_v2,0.75
GAI周延,菜商卡头和车手,github_dataset,0.8
GAI周延,菜商卡头和车手,github_extended,0.7
GAI周延,菜商卡头和车手,github_v2,0.75
GAI周延,萤火虫,github_dataset,0.8
GAI周延,萤火虫,github_extended,0.7
GAI周延,萤火虫,github_v2,0.75
GAI周延,见字如面,github_dataset,0.8
GAI周延,见字如面,github_extended,0.7
GAI周延,见字如面,github_v2,0.75
GAI周延,豁得凶,github_dataset,0.8
GAI周延,豁得凶,github_extended,0.7
GAI周延,豁得凶,github_v2,0.75
GAI周延,都市惊奇夜,github_dataset,0.8
GAI周延,都市惊奇夜,github_extended,0.7
GAI周延,都市惊奇夜,github_v2,0.75
GAI周延,都市惊奇夜-《中国惊奇先生》手游主题曲,github_dataset,0.8
GAI周延,都市惊奇夜-《中国惊奇先生》手游主题曲,github_extended,0.7
GAI周延,都市惊奇夜-《中国惊奇先生》手游主题曲,github_v2,0.75
GAI周延,酒干倘卖无 (Live),github_dataset,0.8
GAI周延,酒干倘卖无 (Live),github_extended,0.7
GAI周延,酒干倘卖无 (Live),github_v2,0.75
GAI周延,长河,github_dataset,0.8
GAI周延,长河,github_extended,0.7
GAI周延,长河,github_v2,0.75
GAI周延,饥饿游戏,github_dataset,0.8
GAI周延,饥饿游戏,github_extended,0.7
GAI周延,饥饿游戏,github_v2,0.75
GAI周延,饥饿游戏 ,github_dataset,0.8
GAI周延,饥饿游戏 ,github_extended,0.7
GAI周延,饥饿游戏 ,github_v2,0.75
Higher Brothers,First Class,lrc_cx_build,0.88
Higher Brothers,Fun,lrc_cx_build,0.88
Higher Brothers,Fun,lrc_cx_ext,0.85
Higher Brothers,Fun,netease_top,0.85
Higher Brothers,Good Time,lrc_cx_build,0.88
Higher Brothers,Good Time,lrc_cx_ext,0.85
Higher Brothers,Know Your Ya Boi,lrc_cx_ext,0.85
Higher Brothers,Kong,lrc_cx_build,0.88
Higher Brothers,Made In China,lrc_cx_ext,0.85
Higher Brothers,Made In China,netease_top,0.85
Higher Brothers,Made in China,lrc_cx_build,0.88
Higher Brothers,Mind,lrc_cx_build,0.88
Higher Brothers,Nine Trey,lrc_cx_build,0.88
Higher Brothers,Nowhere,lrc_cx_ext,0.85
Higher Brothers,Nowhere,netease_top,0.85
Higher Brothers,One Time,lrc_cx_ext,0.85
Higher Brothers,One Time,netease_top,0.85
Higher Brothers,Racks,lrc_cx_ext,0.85
Higher Brothers,Switch,lrc_cx_ext,0.85
Higher Brothers,Too Hard,lrc_cx_build,0.88
Higher Brothers,WeUp,lrc_cx_ext,0.85
Higher Brothers,WeUp,netease_top,0.85
Higher Brothers,West Coast,lrc_cx_build,0.88
Higher Brothers,Y.O.L.O.,lrc_cx_build,0.88
Higher Brothers,Ya Boy,lrc_cx_ext,0.85
Higher Brothers,Ya Boy,netease_top,0.85
ICE,AYA,github_dataset,0.8
ICE,AYA,github_extended,0.7
ICE,AYA,github_v2,0.75
ICE,AYA (Live),github_dataset,0.8
ICE,AYA (Live),github_extended,0.7
ICE,AYA (Live),github_v2,0.75
ICE,CALL MY NAME,github_dataset,0.8
ICE,CALL MY NAME,github_extended,0.7
ICE,CALL MY NAME,github_v2,0.75
ICE,Cold,github_dataset,0.8
ICE,Cold,github_extended,0.7
ICE,Cold,github_v2,0.75
ICE,DON‘T WORRY,github_dataset,0.8
ICE,DON‘T WORRY,github_extended,0.7
ICE,DON‘T WORRY,github_v2,0.75
ICE,FEELING DOPE,github_dataset,0.8
ICE,FEELING DOPE,github_extended,0.7
ICE,FEELING DOPE,github_v2,0.75
ICE,Get It Out (Live),github_dataset,0.8
ICE,Get It Out (Live),github_extended,0.7
ICE,Get It Out (Live),github_v2,0.75
ICE,Homie Choice,github_dataset,0.8
ICE,Homie Choice,github_extended,0.7
ICE,Homie Choice,github_v2,0.75
ICE,I DON’T KNOW WHY THEY HATE ME,github_dataset,0.8
ICE,I DON’T KNOW WHY THEY HATE ME,github_extended,0.7
ICE,I DON’T KNOW WHY THEY HATE ME,github_v2,0.75
ICE,I'm ok,github_dataset,0.8
ICE,I'm ok,github_extended,0.7
ICE,I'm ok,github_v2,0.75
ICE,ICE (Live),github_dataset,0.8
ICE,ICE (Live),github_extended,0.7
ICE,ICE (Live),github_v2,0.75
ICE,Intro,github_dataset,0.8
ICE,Intro,github_extended,0.7
ICE,Intro,github_v2,0.75
ICE,NO WHY,github_dataset,0.8
ICE,NO WHY,github_extended,0.7
ICE,NO WHY,github_v2,0.75
ICE,No name,github_dataset,0.8
ICE,No name,github_extended,0.7
ICE,No name,github_v2,0.75
ICE,Only U,github_dataset,0.8
ICE,Only U,github_extended,0.7
ICE,Only U,github_v2,0.75
ICE,Paint me,github_dataset,0.8
ICE,Paint me,github_extended,0.7
ICE,Paint me,github_v2,0.75
ICE,RUNAWAY,github_dataset,0.8
ICE,RUNAWAY,github_extended,0.7
ICE,RUNAWAY,github_v2,0.75
ICE,Red,github_dataset,0.8
ICE,Red,github_extended,0.7
ICE,Red,github_v2,0.75
ICE,Size,github_dataset,0.8
ICE,Size,github_extended,0.7
ICE,Size,github_v2,0.75
ICE,TAKE IT EASY,github_dataset,0.8
ICE,TAKE IT EASY,github_extended,0.7
ICE,TAKE IT EASY,github_v2,0.75
ICE,Three Pass,github_dataset,0.8
ICE,Three Pass,github_extended,0.7
ICE,Three Pass,github_v2,0.75
ICE,Three Pass (Live),github_dataset,0.8
ICE,Three Pass (Live),github_extended,0.7
ICE,Three Pass (Live),github_v2,0.75
ICE,Trust My Gut (Live),github_dataset,0.8
ICE,Trust My Gut (Live),github_extended,0.7
ICE,Trust My Gut (Live),github_v2,0.75
ICE,U DON'T KNOW,github_dataset,0.8
ICE,U DON'T KNOW,github_extended,0.7
ICE,U DON'T KNOW,github_v2,0.75
ICE,U DON’T KNOW (live),github_dataset,0.8
ICE,U DON’T KNOW (live),github_extended,0.7
ICE,U DON’T KNOW (live),github_v2,0.75
ICE,UP,github_dataset,0.8
ICE,UP,github_extended,0.7
ICE,UP,github_v2,0.75
ICE,V.V.S,github_dataset,0.8
ICE,V.V.S,github_extended,0.7
ICE,V.V.S,github_v2,0.75
ICE,W I F I (Prod. by Myers Beatz),github_dataset,0.8
ICE,W I F I (Prod. by Myers Beatz),github_extended,0.7
ICE,W I F I (Prod. by Myers Beatz),github_v2,0.75
ICE,Yesterday,github_dataset,0.8
ICE,Yesterday,github_extended,0.7
ICE,Yesterday,github_v2,0.75
ICE,◓,github_dataset,0.8
ICE,◓,github_extended,0.7
ICE,◓,github_v2,0.75
ICE,不太聪明,github_dataset,0.8
ICE,不太聪明,github_extended,0.7
ICE,不太聪明,github_v2,0.75
ICE,不妥协,lrc_cx_build,0.88
ICE,不完美,lrc_cx_build,0.88
ICE,不将就,lrc_cx_build,0.88
ICE,不怕输,lrc_cx_build,0.88
ICE,不放弃,lrc_cx_build,0.88
ICE,不服输,lrc_cx_build,0.88
ICE,不认命,lrc_cx_build,0.88
ICE,不认输,lrc_cx_build,0.88
ICE,中国新说唱EP10 RAP01,github_dataset,0.8
ICE,中国新说唱EP10 RAP01,github_extended,0.7
ICE,中国新说唱EP10 RAP01,github_v2,0.75
ICE,你猜我猜,github_dataset,0.8
ICE,你猜我猜,github_extended,0.7
ICE,你猜我猜,github_v2,0.75
ICE,光点,lrc_cx_build,0.88
ICE,别让我难过,lrc_cx_build,0.88
ICE,华夏power (Live),github_dataset,0.8
ICE,华夏power (Live),github_extended,0.7
ICE,华夏power (Live),github_v2,0.75
ICE,差不多,github_dataset,0.8
ICE,差不多,github_extended,0.7
ICE,差不多,github_v2,0.75
ICE,您与服务器断开连接,github_dataset,0.8
ICE,您与服务器断开连接,github_extended,0.7
ICE,您与服务器断开连接,github_v2,0.75
ICE,慢一点,github_dataset,0.8
ICE,慢一点,github_extended,0.7
ICE,慢一点,github_v2,0.75
ICE,懂你的美,github_dataset,0.8
ICE,懂你的美,github_extended,0.7
ICE,懂你的美,github_v2,0.75
ICE,潘玮柏邓紫棋战队Cypher (Live),github_dataset,0.8
ICE,潘玮柏邓紫棋战队Cypher (Live),github_extended,0.7
ICE,潘玮柏邓紫棋战队Cypher (Live),github_v2,0.75
ICE,王牌冤家 (Live),github_dataset,0.8
ICE,王牌冤家 (Live),github_extended,0.7
ICE,王牌冤家 (Live),github_v2,0.75
ICE,蜕变 (Live),github_dataset,0.8
ICE,蜕变 (Live),github_extended,0.7
ICE,蜕变 (Live),github_v2,0.75
ICE,解药,github_dataset,0.8
ICE,解药,github_extended,0.7
ICE,解药,github_v2,0.75
ICE,铁血战士,github_dataset,0.8
ICE,铁血战士,github_extended,0.7
ICE,铁血战士,github_v2,0.75
ICE,镜前自述,github_dataset,0.8
ICE,镜前自述,github_extended,0.7
ICE,镜前自述,github_v2,0.75
ICE,陪着你走,github_dataset,0.8
ICE,陪着你走,github_extended,0.7
ICE,陪着你走,github_v2,0.75
ICE,顶天立地(Live),github_dataset,0.8
ICE,顶天立地(Live),github_extended,0.7
ICE,顶天立地(Live),github_v2,0.75
JR Fog,**** You Too,github_dataset,0.8
JR Fog,**** You Too,github_extended,0.7
JR Fog,**** You Too,github_v2,0.75
JR Fog,180,github_dataset,0.8
JR Fog,180,github_extended,0.7
JR Fog,180,github_v2,0.75
JR Fog,6.Work(ft.Jr Fog)(Prod.依兴驰),github_dataset,0.8
JR Fog,6.Work(ft.Jr Fog)(Prod.依兴驰),github_extended,0.7
JR Fog,6.Work(ft.Jr Fog)(Prod.依兴驰),github_v2,0.75
JR Fog,Always On The Road,github_dataset,0.8
JR Fog,Always On The Road,github_extended,0.7
JR Fog,Always On The Road,github_v2,0.75
JR Fog,Always on the Road,github_dataset,0.8
JR Fog,Always on the Road,github_extended,0.7
JR Fog,Always on the Road,github_v2,0.75
JR Fog,Baby是我(Remix) - remix,github_dataset,0.8
JR Fog,Baby是我(Remix) - remix,github_extended,0.7
JR Fog,Baby是我(Remix) - remix,github_v2,0.75
JR Fog,Hello,github_dataset,0.8
JR Fog,Hello,github_extended,0.7
JR Fog,Hello,github_v2,0.75
JR Fog,Hiphop To China,github_dataset,0.8
JR Fog,Hiphop To China,github_extended,0.7
JR Fog,Hiphop To China,github_v2,0.75
JR Fog,I Love Hiphop,github_dataset,0.8
JR Fog,I Love Hiphop,github_extended,0.7
JR Fog,I Love Hiphop,github_v2,0.75
JR Fog,Mixtape - 女神再见（JR Fog remix）,github_dataset,0.8
JR Fog,Mixtape - 女神再见（JR Fog remix）,github_extended,0.7
JR Fog,Mixtape - 女神再见（JR Fog remix）,github_v2,0.75
JR Fog,Mixtape - 曲目一（JR Fog remix）,github_dataset,0.8
JR Fog,Mixtape - 曲目一（JR Fog remix）,github_extended,0.7
JR Fog,Mixtape - 曲目一（JR Fog remix）,github_v2,0.75
JR Fog,Mixtape - 格子（JR Fog remix）,github_dataset,0.8
JR Fog,Mixtape - 格子（JR Fog remix）,github_extended,0.7
JR Fog,Mixtape - 格子（JR Fog remix）,github_v2,0.75
JR Fog,Nana,github_dataset,0.8
JR Fog,Nana,github_extended,0.7
JR Fog,Nana,github_v2,0.75
JR Fog,Rapper,github_dataset,0.8
JR Fog,Rapper,github_extended,0.7
JR Fog,Rapper,github_v2,0.75
JR Fog,Skit Wif Vyan,github_dataset,0.8
JR Fog,Skit Wif Vyan,github_extended,0.7
JR Fog,Skit Wif Vyan,github_v2,0.75
JR Fog,Stay Alone Together,github_dataset,0.8
JR Fog,Stay Alone Together,github_extended,0.7
JR Fog,Stay Alone Together,github_v2,0.75
JR Fog,Tell Me Tell Me (Feat. Sum稣),github_dataset,0.8
JR Fog,Tell Me Tell Me (Feat. Sum稣),github_extended,0.7
JR Fog,Tell Me Tell Me (Feat. Sum稣),github_v2,0.75
JR Fog,Tell Me Why,github_dataset,0.8
JR Fog,Tell Me Why,github_extended,0.7
JR Fog,Tell Me Why,github_v2,0.75
JR Fog,Walking,github_dataset,0.8
JR Fog,Walking,github_extended,0.7
JR Fog,Walking,github_v2,0.75
JR Fog,不够,github_dataset,0.8
JR Fog,不够,github_extended,0.7
JR Fog,不够,github_v2,0.75
JR Fog,专家级,github_dataset,0.8
JR Fog,专家级,github_extended,0.7
JR Fog,专家级,github_v2,0.75
JR Fog,吃屎,github_dataset,0.8
JR Fog,吃屎,github_extended,0.7
JR Fog,吃屎,github_v2,0.75
JR Fog,坏女孩,github_dataset,0.8
JR Fog,坏女孩,github_extended,0.7
JR Fog,坏女孩,github_v2,0.75
JR Fog,天王巨星,github_dataset,0.8
JR Fog,天王巨星,github_extended,0.7
JR Fog,天王巨星,github_v2,0.75
JR Fog,宗教说唱,github_dataset,0.8
JR Fog,宗教说唱,github_extended,0.7
JR Fog,宗教说唱,github_v2,0.75
JR Fog,寻人启事,github_dataset,0.8
JR Fog,寻人启事,github_extended,0.7
JR Fog,寻人启事,github_v2,0.75
JR Fog,废客戏,github_dataset,0.8
JR Fog,废客戏,github_extended,0.7
JR Fog,废客戏,github_v2,0.75
JR Fog,必有我师REMIX,github_dataset,0.8
JR Fog,必有我师REMIX,github_extended,0.7
JR Fog,必有我师REMIX,github_v2,0.75
JR Fog,我什么都不想说 (Feat. JAN周莹),github_dataset,0.8
JR Fog,我什么都不想说 (Feat. JAN周莹),github_extended,0.7
JR Fog,我什么都不想说 (Feat. JAN周莹),github_v2,0.75
JR Fog,我只能写歌给你,github_dataset,0.8
JR Fog,我只能写歌给你,github_extended,0.7
JR Fog,我只能写歌给你,github_v2,0.75
JR Fog,我想飞,github_dataset,0.8
JR Fog,我想飞,github_extended,0.7
JR Fog,我想飞,github_v2,0.75
JR Fog,我的声音,github_dataset,0.8
JR Fog,我的声音,github_extended,0.7
JR Fog,我的声音,github_v2,0.75
JR Fog,无用之人,github_dataset,0.8
JR Fog,无用之人,github_extended,0.7
JR Fog,无用之人,github_v2,0.75
JR Fog,晴天雨天（ft.JR Fog&amp;陈雪花）,github_dataset,0.8
JR Fog,晴天雨天（ft.JR Fog&amp;陈雪花）,github_extended,0.7
JR Fog,晴天雨天（ft.JR Fog&amp;陈雪花）,github_v2,0.75
JR Fog,没有你在,github_dataset,0.8
JR Fog,没有你在,github_extended,0.7
JR Fog,没有你在,github_v2,0.75
JR Fog,流行音乐,github_dataset,0.8
JR Fog,流行音乐,github_extended,0.7
JR Fog,流行音乐,github_v2,0.75
JR Fog,热身,github_dataset,0.8
JR Fog,热身,github_extended,0.7
JR Fog,热身,github_v2,0.75
JR Fog,站起来,github_dataset,0.8
JR Fog,站起来,github_extended,0.7
JR Fog,站起来,github_v2,0.75
JR Fog,纯属虚构,github_dataset,0.8
JR Fog,纯属虚构,github_extended,0.7
JR Fog,纯属虚构,github_v2,0.75
JR Fog,肥宅水(Prod. By 蛋卷),github_dataset,0.8
JR Fog,肥宅水(Prod. By 蛋卷),github_extended,0.7
JR Fog,肥宅水(Prod. By 蛋卷),github_v2,0.75
JR Fog,警察,github_dataset,0.8
JR Fog,警察,github_extended,0.7
JR Fog,警察,github_v2,0.75
JR Fog,说话时间 (Talk Time),github_dataset,0.8
JR Fog,说话时间 (Talk Time),github_extended,0.7
JR Fog,说话时间 (Talk Time),github_v2,0.75
JR Fog,起个名字,github_dataset,0.8
JR Fog,起个名字,github_extended,0.7
JR Fog,起个名字,github_v2,0.75
JR Fog,那个女人,github_dataset,0.8
JR Fog,那个女人,github_extended,0.7
JR Fog,那个女人,github_v2,0.75
JR Fog,那个家,github_dataset,0.8
JR Fog,那个家,github_extended,0.7
JR Fog,那个家,github_v2,0.75
JR Fog,酒一杯 (Prod. By 萧启道),github_dataset,0.8
JR Fog,酒一杯 (Prod. By 萧启道),github_extended,0.7
JR Fog,酒一杯 (Prod. By 萧启道),github_v2,0.75
JR Fog,黑白的战斗,github_dataset,0.8
JR Fog,黑白的战斗,github_extended,0.7
JR Fog,黑白的战斗,github_v2,0.75
Jony J,28,github_dataset,0.8
Jony J,28,github_extended,0.7
Jony J,28,github_v2,0.75
Jony J,Almost Home,github_dataset,0.8
Jony J,Almost Home,github_extended,0.7
Jony J,Almost Home,github_v2,0.75
Jony J,Big Things Start Small,github_dataset,0.8
Jony J,Big Things Start Small,github_extended,0.7
Jony J,Big Things Start Small,github_v2,0.75
Jony J,Come Here RMB,github_dataset,0.8
Jony J,Come Here RMB,github_extended,0.7
Jony J,Come Here RMB,github_v2,0.75
Jony J,Fantasy,github_dataset,0.8
Jony J,Fantasy,github_extended,0.7
Jony J,Fantasy,github_v2,0.75
Jony J,Himmel og hav,manual,1.0
Jony J,How To Lie,github_dataset,0.8
Jony J,How To Lie,github_extended,0.7
Jony J,How To Lie,github_v2,0.75
Jony J,Intro,github_dataset,0.8
Jony J,Intro,github_extended,0.7
Jony J,Intro,github_v2,0.75
Jony J,J Hood,github_dataset,0.8
Jony J,J Hood,github_extended,0.7
Jony J,J Hood,github_v2,0.75
Jony J,LSD,lrc_cx_build,0.88
Jony J,Lost ,github_dataset,0.8
Jony J,Lost ,github_extended,0.7
Jony J,Lost ,github_v2,0.75
Jony J,My City 南京,github_dataset,0.8
Jony J,My City 南京,github_extended,0.7
Jony J,My City 南京,github_v2,0.75
Jony J,My City(feat.顾杰),github_dataset,0.8
Jony J,My City(feat.顾杰),github_extended,0.7
Jony J,My City(feat.顾杰),github_v2,0.75
Jony J,My Man,github_dataset,0.8
Jony J,My Man,github_extended,0.7
Jony J,My Man,github_v2,0.75
Jony J,Nattevandring,manual,1.0
Jony J,Okay,github_dataset,0.8
Jony J,Okay,github_extended,0.7
Jony J,Okay,github_v2,0.75
Jony J,One love (Live),github_dataset,0.8
Jony J,One love (Live),github_extended,0.7
Jony J,One love (Live),github_v2,0.75
Jony J,R.A.P.,lrc_cx_build,0.88
Jony J,Skit,github_dataset,0.8
Jony J,Skit,github_extended,0.7
Jony J,Skit,github_v2,0.75
Jony J,So.Far.So.Good,github_dataset,0.8
Jony J,So.Far.So.Good,github_extended,0.7
Jony J,So.Far.So.Good,github_v2,0.75
Jony J,Team Work,github_dataset,0.8
Jony J,Team Work,github_extended,0.7
Jony J,Team Work,github_v2,0.75
Jony J,What'll U Do[Bonus track],github_dataset,0.8
Jony J,What'll U Do[Bonus track],github_extended,0.7
Jony J,What'll U Do[Bonus track],github_v2,0.75
Jony J,Why we here,github_dataset,0.8
Jony J,Why we here,github_extended,0.7
Jony J,Why we here,github_v2,0.75
Jony J,Yes Day,github_dataset,0.8
Jony J,Yes Day,github_extended,0.7
Jony J,Yes Day,github_v2,0.75
Jony J,不用去猜,github_dataset,0.8
Jony J,不用去猜,github_extended,0.7
Jony J,不用去猜,github_v2,0.75
Jony J,不用来住,lrc_cx_build,0.88
Jony J,众人皆醉我独醒,github_dataset,0.8
Jony J,众人皆醉我独醒,github_extended,0.7
Jony J,众人皆醉我独醒,github_v2,0.75
Jony J,众人皆醉我独醒,lrc_cx_ext,0.85
Jony J,住你耳朵里,github_dataset,0.8
Jony J,住你耳朵里,github_extended,0.7
Jony J,住你耳朵里,github_v2,0.75
Jony J,你看得见,github_dataset,0.8
Jony J,你看得见,github_extended,0.7
Jony J,你看得见,github_v2,0.75
Jony J,信仰,github_dataset,0.8
Jony J,信仰,github_extended,0.7
Jony J,信仰,github_v2,0.75
Jony J,口袋里的秘密,github_dataset,0.8
Jony J,口袋里的秘密,github_extended,0.7
Jony J,口袋里的秘密,github_v2,0.75
Jony J,口袋里的秘密,lrc_cx_ext,0.85
Jony J,喜新恋旧,github_dataset,0.8
Jony J,喜新恋旧,github_extended,0.7
Jony J,喜新恋旧,github_v2,0.75
Jony J,喽啰,github_dataset,0.8
Jony J,喽啰,github_extended,0.7
Jony J,喽啰,github_v2,0.75
Jony J,奴隶,github_dataset,0.8
Jony J,奴隶,github_extended,0.7
Jony J,奴隶,github_v2,0.75
Jony J,奴隶,lrc_cx_ext,0.85
Jony J,奴隶,netease_top,0.85
Jony J,子弹口水,github_dataset,0.8
Jony J,子弹口水,github_extended,0.7
Jony J,子弹口水,github_v2,0.75
Jony J,安格拉夏,github_dataset,0.8
Jony J,安格拉夏,github_extended,0.7
Jony J,安格拉夏,github_v2,0.75
Jony J,安格拉夏,lrc_cx_ext,0.85
Jony J,安格拉夏,netease_top,0.85
Jony J,开门见山,github_dataset,0.8
Jony J,开门见山,github_extended,0.7
Jony J,开门见山,github_v2,0.75
Jony J,忙先生,github_dataset,0.8
Jony J,忙先生,github_extended,0.7
Jony J,忙先生,github_v2,0.75
Jony J,忙先生,lrc_cx_ext,0.85
Jony J,想把你留在这里,github_dataset,0.8
Jony J,想把你留在这里,github_extended,0.7
Jony J,想把你留在这里,github_v2,0.75
Jony J,慢慢来,github_dataset,0.8
Jony J,慢慢来,github_extended,0.7
Jony J,慢慢来,github_v2,0.75
Jony J,我与自己,lrc_cx_ext,0.85
Jony J,我与自己(feat.讲者),github_dataset,0.8
Jony J,我与自己(feat.讲者),github_extended,0.7
Jony J,我与自己(feat.讲者),github_v2,0.75
Jony J,我的音乐,lrc_cx,0.9
Jony J,我的音乐,lrc_cx_ext,0.85
Jony J,我的音乐,manual,1.0
Jony J,我的音乐,netease_top,0.85
Jony J,改变,github_dataset,0.8
Jony J,改变,github_extended,0.7
Jony J,改变,github_v2,0.75
Jony J,改变,lrc_cx_ext,0.85
Jony J,无业游民,github_dataset,0.8
Jony J,无业游民,github_extended,0.7
Jony J,无业游民,github_v2,0.75
Jony J,时光列车,github_dataset,0.8
Jony J,时光列车,github_extended,0.7
Jony J,时光列车,github_v2,0.75
Jony J,时光列车,lrc_cx_ext,0.85
Jony J,泛滥,github_dataset,0.8
Jony J,泛滥,github_extended,0.7
Jony J,泛滥,github_v2,0.75
Jony J,物女金,github_dataset,0.8
Jony J,物女金,github_extended,0.7
Jony J,物女金,github_v2,0.75
Jony J,甜葡萄 红眼睛 (Live),github_dataset,0.8
Jony J,甜葡萄 红眼睛 (Live),github_extended,0.7
Jony J,甜葡萄 红眼睛 (Live),github_v2,0.75
Jony J,甜葡萄 红眼睛,github_dataset,0.8
Jony J,甜葡萄 红眼睛,github_extended,0.7
Jony J,甜葡萄 红眼睛,github_v2,0.75
Jony J,甜葡萄红眼睛,lrc_cx_ext,0.85
Jony J,甜葡萄红眼睛,netease_top,0.85
Jony J,疯人院,lrc_cx_build,0.88
Jony J,睡前老报纸[Bonus track],github_dataset,0.8
Jony J,睡前老报纸[Bonus track],github_extended,0.7
Jony J,睡前老报纸[Bonus track],github_v2,0.75
Jony J,让我回去,lrc_cx_ext,0.85
Jony J,让我回去,netease_top,0.85
Jony J,记忆碎片,github_dataset,0.8
Jony J,记忆碎片,github_extended,0.7
Jony J,记忆碎片,github_v2,0.75
Jony J,记忆碎片,lrc_cx_ext,0.85
Jony J,记忆碎片,netease_top,0.85
Jony J,返老还童,github_dataset,0.8
Jony J,返老还童,github_extended,0.7
Jony J,返老还童,github_v2,0.75
Jony J,连锁反应,github_dataset,0.8
Jony J,连锁反应,github_extended,0.7
Jony J,连锁反应,github_v2,0.75
Jony J,迷宫Intro,github_dataset,0.8
Jony J,迷宫Intro,github_extended,0.7
Jony J,迷宫Intro,github_v2,0.75
Jony J,迷宫Outro,github_dataset,0.8
Jony J,迷宫Outro,github_extended,0.7
Jony J,迷宫Outro,github_v2,0.75
Jony J,雾,lrc_cx_build,0.88
KeyNG,亲爱的第,lrc_cx_build,0.88
KeyNG,人间不值得,lrc_cx_build,0.88
KeyNG,人间清醒,lrc_cx_build,0.88
KeyNG,别闹,lrc_cx_build,0.88
KeyNG,我本优秀,lrc_cx_build,0.88
KeyNG,我本单纯,lrc_cx_build,0.88
KeyNG,我本善良,lrc_cx_build,0.88
KeyNG,没有理由,lrc_cx_build,0.88
Lil Jet,0755,github_dataset,0.8
Lil Jet,0755,github_extended,0.7
Lil Jet,0755,github_v2,0.75
Lil Jet,Bounce Back（Prod.牧羊少年）,github_dataset,0.8
Lil Jet,Bounce Back（Prod.牧羊少年）,github_extended,0.7
Lil Jet,Bounce Back（Prod.牧羊少年）,github_v2,0.75
Lil Jet,Don't Turn Around,github_dataset,0.8
Lil Jet,Don't Turn Around,github_extended,0.7
Lil Jet,Don't Turn Around,github_v2,0.75
Lil Jet,JET式病毒,github_dataset,0.8
Lil Jet,JET式病毒,github_extended,0.7
Lil Jet,JET式病毒,github_v2,0.75
Lil Jet,Jet school,github_dataset,0.8
Lil Jet,Jet school,github_extended,0.7
Lil Jet,Jet school,github_v2,0.75
Lil Jet,Lil.Jet - 再一起（暴雨remix）,github_dataset,0.8
Lil Jet,Lil.Jet - 再一起（暴雨remix）,github_extended,0.7
Lil Jet,Lil.Jet - 再一起（暴雨remix）,github_v2,0.75
Lil Jet,Lil.Jet-暴雨Remix（ZoBee/Lil.Jet/Ms.CANG Remix）,github_dataset,0.8
Lil Jet,Lil.Jet-暴雨Remix（ZoBee/Lil.Jet/Ms.CANG Remix）,github_extended,0.7
Lil Jet,Lil.Jet-暴雨Remix（ZoBee/Lil.Jet/Ms.CANG Remix）,github_v2,0.75
Lil Jet,Lil.Jet-自由世界（Lil white孙明栋 / Lil.Jet remix）,github_dataset,0.8
Lil Jet,Lil.Jet-自由世界（Lil white孙明栋 / Lil.Jet remix）,github_extended,0.7
Lil Jet,Lil.Jet-自由世界（Lil white孙明栋 / Lil.Jet remix）,github_v2,0.75
Lil Jet,Money Money,github_dataset,0.8
Lil Jet,Money Money,github_extended,0.7
Lil Jet,Money Money,github_v2,0.75
Lil Jet,NO WAY( Feat. Lil Jet ),github_dataset,0.8
Lil Jet,NO WAY( Feat. Lil Jet ),github_extended,0.7
Lil Jet,NO WAY( Feat. Lil Jet ),github_v2,0.75
Lil Jet,No Matter Where（Prod.by S.O）,github_dataset,0.8
Lil Jet,No Matter Where（Prod.by S.O）,github_extended,0.7
Lil Jet,No Matter Where（Prod.by S.O）,github_v2,0.75
Lil Jet,Rainbow(暴雨remix),github_dataset,0.8
Lil Jet,Rainbow(暴雨remix),github_extended,0.7
Lil Jet,Rainbow(暴雨remix),github_v2,0.75
Lil Jet,Rainstorm(暴雨Remix),github_dataset,0.8
Lil Jet,Rainstorm(暴雨Remix),github_extended,0.7
Lil Jet,Rainstorm(暴雨Remix),github_v2,0.75
Lil Jet,Stupid (feat. Lil.Jet),github_dataset,0.8
Lil Jet,Stupid (feat. Lil.Jet),github_extended,0.7
Lil Jet,Stupid (feat. Lil.Jet),github_v2,0.75
Lil Jet,VJ - END,github_dataset,0.8
Lil Jet,VJ - END,github_extended,0.7
Lil Jet,VJ - END,github_v2,0.75
Lil Jet,Venus,github_dataset,0.8
Lil Jet,Venus,github_extended,0.7
Lil Jet,Venus,github_v2,0.75
Lil Jet,不停转,github_dataset,0.8
Lil Jet,不停转,github_extended,0.7
Lil Jet,不停转,github_v2,0.75
Lil Jet,两个人的沙漠,github_dataset,0.8
Lil Jet,两个人的沙漠,github_extended,0.7
Lil Jet,两个人的沙漠,github_v2,0.75
Lil Jet,坏孩子,github_dataset,0.8
Lil Jet,坏孩子,github_extended,0.7
Lil Jet,坏孩子,github_v2,0.75
Lil Jet,大麻烦,github_dataset,0.8
Lil Jet,大麻烦,github_extended,0.7
Lil Jet,大麻烦,github_v2,0.75
Lil Jet,守财奴,github_dataset,0.8
Lil Jet,守财奴,github_extended,0.7
Lil Jet,守财奴,github_v2,0.75
Lil Jet,庇护所,github_dataset,0.8
Lil Jet,庇护所,github_extended,0.7
Lil Jet,庇护所,github_v2,0.75
Lil Jet,戏精急诊室(ft.Lil Jet),github_dataset,0.8
Lil Jet,戏精急诊室(ft.Lil Jet),github_extended,0.7
Lil Jet,戏精急诊室(ft.Lil Jet),github_v2,0.75
Lil Jet,我真的没想好,github_dataset,0.8
Lil Jet,我真的没想好,github_extended,0.7
Lil Jet,我真的没想好,github_v2,0.75
Lil Jet,暴雨,github_dataset,0.8
Lil Jet,暴雨,github_extended,0.7
Lil Jet,暴雨,github_v2,0.75
Lil Jet,暴雨 Remix,github_dataset,0.8
Lil Jet,暴雨 Remix,github_extended,0.7
Lil Jet,暴雨 Remix,github_v2,0.75
Lil Jet,暴雨&amp;Bounce Back（Live版）,github_dataset,0.8
Lil Jet,暴雨&amp;Bounce Back（Live版）,github_extended,0.7
Lil Jet,暴雨&amp;Bounce Back（Live版）,github_v2,0.75
Lil Jet,暴雨Hook,github_dataset,0.8
Lil Jet,暴雨Hook,github_extended,0.7
Lil Jet,暴雨Hook,github_v2,0.75
Lil Jet,暴雨II,github_dataset,0.8
Lil Jet,暴雨II,github_extended,0.7
Lil Jet,暴雨II,github_v2,0.75
Lil Jet,暴雨REMIX,github_dataset,0.8
Lil Jet,暴雨REMIX,github_extended,0.7
Lil Jet,暴雨REMIX,github_v2,0.75
Lil Jet,暴雨Remix,github_dataset,0.8
Lil Jet,暴雨Remix,github_extended,0.7
Lil Jet,暴雨Remix,github_v2,0.75
Lil Jet,暴雨hook-wav（Cover：Lil.Jet）,github_dataset,0.8
Lil Jet,暴雨hook-wav（Cover：Lil.Jet）,github_extended,0.7
Lil Jet,暴雨hook-wav（Cover：Lil.Jet）,github_v2,0.75
Lil Jet,暴雨remix,github_dataset,0.8
Lil Jet,暴雨remix,github_extended,0.7
Lil Jet,暴雨remix,github_v2,0.75
Lil Jet,未来（feat.Lil.Jet）,github_dataset,0.8
Lil Jet,未来（feat.Lil.Jet）,github_extended,0.7
Lil Jet,未来（feat.Lil.Jet）,github_v2,0.75
Lil Jet,桌球棋牌Feat.Buzzy/Ms.CANG,github_dataset,0.8
Lil Jet,桌球棋牌Feat.Buzzy/Ms.CANG,github_extended,0.7
Lil Jet,桌球棋牌Feat.Buzzy/Ms.CANG,github_v2,0.75
Lil Jet,桌球棋牌HOOK,github_dataset,0.8
Lil Jet,桌球棋牌HOOK,github_extended,0.7
Lil Jet,桌球棋牌HOOK,github_v2,0.75
Lil Jet,桌球棋牌Remix,github_dataset,0.8
Lil Jet,桌球棋牌Remix,github_extended,0.7
Lil Jet,桌球棋牌Remix,github_v2,0.75
Lil Jet,梦,github_dataset,0.8
Lil Jet,梦,github_extended,0.7
Lil Jet,梦,github_v2,0.75
Lil Jet,王子,github_dataset,0.8
Lil Jet,王子,github_extended,0.7
Lil Jet,王子,github_v2,0.75
Lil Jet,自我介绍（Prod.Lil.Jet）,github_dataset,0.8
Lil Jet,自我介绍（Prod.Lil.Jet）,github_extended,0.7
Lil Jet,自我介绍（Prod.Lil.Jet）,github_v2,0.75
Lil Jet,说句实话,github_dataset,0.8
Lil Jet,说句实话,github_extended,0.7
Lil Jet,说句实话,github_v2,0.75
Lil Jet,谁能动我,github_dataset,0.8
Lil Jet,谁能动我,github_extended,0.7
Lil Jet,谁能动我,github_v2,0.75
Lil Jet,重混香奈儿 (ft. Lil Jet) (Chanel Remix),github_dataset,0.8
Lil Jet,重混香奈儿 (ft. Lil Jet) (Chanel Remix),github_extended,0.7
Lil Jet,重混香奈儿 (ft. Lil Jet) (Chanel Remix),github_v2,0.75
Lil Jet,陷阱历险记,github_dataset,0.8
Lil Jet,陷阱历险记,github_extended,0.7
Lil Jet,陷阱历险记,github_v2,0.75
Lil Jet,随意点（Intro）,github_dataset,0.8
Lil Jet,随意点（Intro）,github_extended,0.7
Lil Jet,随意点（Intro）,github_v2,0.75
Lil Jet,雨后彩虹（暴雨Remix）,github_dataset,0.8
Lil Jet,雨后彩虹（暴雨Remix）,github_extended,0.7
Lil Jet,雨后彩虹（暴雨Remix）,github_v2,0.75
Lil Jet,雨天 （暴雨REMIX）,github_dataset,0.8
Lil Jet,雨天 （暴雨REMIX）,github_extended,0.7
Lil Jet,雨天 （暴雨REMIX）,github_v2,0.75
Lil Jet,飞碟ft.Lil Jet(Stay With You Remix Prod.By Cheat Codes&amp;Cade),github_dataset,0.8
Lil Jet,飞碟ft.Lil Jet(Stay With You Remix Prod.By Cheat Codes&amp;Cade),github_extended,0.7
Lil Jet,飞碟ft.Lil Jet(Stay With You Remix Prod.By Cheat Codes&amp;Cade),github_v2,0.75
Lil Jet,鹰feat.Yee,github_dataset,0.8
Lil Jet,鹰feat.Yee,github_extended,0.7
Lil Jet,鹰feat.Yee,github_v2,0.75
Lil Jet,아무도 없을 때,github_dataset,0.8
Lil Jet,아무도 없을 때,github_extended,0.7
Lil Jet,아무도 없을 때,github_v2,0.75
MC Hotdog,Coming Home,github_dataset,0.8
MC Hotdog,Coming Home,github_extended,0.7
MC Hotdog,Coming Home,github_v2,0.75
MC Hotdog,Easy Come Easy Go,github_dataset,0.8
MC Hotdog,Easy Come Easy Go,github_extended,0.7
MC Hotdog,Easy Come Easy Go,github_v2,0.75
MC Hotdog,Easy Come Easy go,github_dataset,0.8
MC Hotdog,Easy Come Easy go,github_extended,0.7
MC Hotdog,Easy Come Easy go,github_v2,0.75
MC Hotdog,Here We Go (Feat. MC Hotdog),github_dataset,0.8
MC Hotdog,Here We Go (Feat. MC Hotdog),github_extended,0.7
MC Hotdog,Here We Go (Feat. MC Hotdog),github_v2,0.75
MC Hotdog,Hot Dog,lrc_cx_build,0.88
MC Hotdog,King Boomba's Crew,github_dataset,0.8
MC Hotdog,King Boomba's Crew,github_extended,0.7
MC Hotdog,King Boomba's Crew,github_v2,0.75
MC Hotdog,MC来了,github_dataset,0.8
MC Hotdog,MC来了,github_extended,0.7
MC Hotdog,MC来了,github_v2,0.75
MC Hotdog,MC来了,lrc_cx_ext,0.85
MC Hotdog,MC来了,netease_top,0.85
MC Hotdog,MJ Fresh Gang ,github_dataset,0.8
MC Hotdog,MJ Fresh Gang ,github_extended,0.7
MC Hotdog,MJ Fresh Gang ,github_v2,0.75
MC Hotdog,Mario Karting,github_dataset,0.8
MC Hotdog,Mario Karting,github_extended,0.7
MC Hotdog,Mario Karting,github_v2,0.75
MC Hotdog,Stack Ya Coins,github_dataset,0.8
MC Hotdog,Stack Ya Coins,github_extended,0.7
MC Hotdog,Stack Ya Coins,github_v2,0.75
MC Hotdog,Super Duper Fly,github_dataset,0.8
MC Hotdog,Super Duper Fly,github_extended,0.7
MC Hotdog,Super Duper Fly,github_v2,0.75
MC Hotdog,Woman 27(Acoustic Version),github_dataset,0.8
MC Hotdog,Woman 27(Acoustic Version),github_extended,0.7
MC Hotdog,Woman 27(Acoustic Version),github_v2,0.75
MC Hotdog,不吃早餐才是一件很嘻哈的事,github_dataset,0.8
MC Hotdog,不吃早餐才是一件很嘻哈的事,github_extended,0.7
MC Hotdog,不吃早餐才是一件很嘻哈的事,github_v2,0.75
MC Hotdog,不吃早餐才是一件很嘻哈的事,lrc_cx_ext,0.85
MC Hotdog,九局下半,github_dataset,0.8
MC Hotdog,九局下半,github_extended,0.7
MC Hotdog,九局下半,github_v2,0.75
MC Hotdog,九局下半,lrc_cx_ext,0.85
MC Hotdog,九局下半,netease_top,0.85
MC Hotdog,五环之歌,github_dataset,0.8
MC Hotdog,五环之歌,github_extended,0.7
MC Hotdog,五环之歌,github_v2,0.75
MC Hotdog,他们觉得,github_dataset,0.8
MC Hotdog,他们觉得,github_extended,0.7
MC Hotdog,他们觉得,github_v2,0.75
MC Hotdog,再见Hip-Hop,github_dataset,0.8
MC Hotdog,再见Hip-Hop,github_extended,0.7
MC Hotdog,再见Hip-Hop,github_v2,0.75
MC Hotdog,几点,github_dataset,0.8
MC Hotdog,几点,github_extended,0.7
MC Hotdog,几点,github_v2,0.75
MC Hotdog,凡人,github_dataset,0.8
MC Hotdog,凡人,github_extended,0.7
MC Hotdog,凡人,github_v2,0.75
MC Hotdog,制作人cypher (Live),github_dataset,0.8
MC Hotdog,制作人cypher (Live),github_extended,0.7
MC Hotdog,制作人cypher (Live),github_v2,0.75
MC Hotdog,加油!,github_dataset,0.8
MC Hotdog,加油!,github_extended,0.7
MC Hotdog,加油!,github_v2,0.75
MC Hotdog,加油！,github_dataset,0.8
MC Hotdog,加油！,github_extended,0.7
MC Hotdog,加油！,github_v2,0.75
MC Hotdog,十三号天使,github_dataset,0.8
MC Hotdog,十三号天使,github_extended,0.7
MC Hotdog,十三号天使,github_v2,0.75
MC Hotdog,十三号天使,lrc_cx_ext,0.85
MC Hotdog,嗨嗨人生,github_dataset,0.8
MC Hotdog,嗨嗨人生,github_extended,0.7
MC Hotdog,嗨嗨人生,github_v2,0.75
MC Hotdog,嘿嘿Taxi,github_dataset,0.8
MC Hotdog,嘿嘿Taxi,github_extended,0.7
MC Hotdog,嘿嘿Taxi,github_v2,0.75
MC Hotdog,好无聊,github_dataset,0.8
MC Hotdog,好无聊,github_extended,0.7
MC Hotdog,好无聊,github_v2,0.75
MC Hotdog,孤独求败,lrc_cx_ext,0.85
MC Hotdog,孤独求败 (Live),github_dataset,0.8
MC Hotdog,孤独求败 (Live),github_extended,0.7
MC Hotdog,孤独求败 (Live),github_v2,0.75
MC Hotdog,安可,github_dataset,0.8
MC Hotdog,安可,github_extended,0.7
MC Hotdog,安可,github_v2,0.75
MC Hotdog,就让这首歌,github_dataset,0.8
MC Hotdog,就让这首歌,github_extended,0.7
MC Hotdog,就让这首歌,github_v2,0.75
MC Hotdog,差不多先生,github_dataset,0.8
MC Hotdog,差不多先生,github_extended,0.7
MC Hotdog,差不多先生,github_v2,0.75
MC Hotdog,差不多先生,lrc_cx_ext,0.85
MC Hotdog,差不多先生,netease_top,0.85
MC Hotdog,差不多先生过新年,github_dataset,0.8
MC Hotdog,差不多先生过新年,github_extended,0.7
MC Hotdog,差不多先生过新年,github_v2,0.75
MC Hotdog,废话,lrc_cx_build,0.88
MC Hotdog,废话,lrc_cx_ext,0.85
MC Hotdog,废话,netease_top,0.85
MC Hotdog,我们活在同样的时间里,lrc_cx_build,0.88
MC Hotdog,我们的 album 是说唱音乐,lrc_cx_build,0.88
MC Hotdog,我哈你,github_dataset,0.8
MC Hotdog,我哈你,github_extended,0.7
MC Hotdog,我哈你,github_v2,0.75
MC Hotdog,我的时代,github_dataset,0.8
MC Hotdog,我的时代,github_extended,0.7
MC Hotdog,我的时代,github_v2,0.75
MC Hotdog,我的時代 (feat.張震嶽) ,github_dataset,0.8
MC Hotdog,我的時代 (feat.張震嶽) ,github_extended,0.7
MC Hotdog,我的時代 (feat.張震嶽) ,github_v2,0.75
MC Hotdog,我的生活,github_dataset,0.8
MC Hotdog,我的生活,github_extended,0.7
MC Hotdog,我的生活,github_v2,0.75
MC Hotdog,断背山,github_dataset,0.8
MC Hotdog,断背山,github_extended,0.7
MC Hotdog,断背山,github_v2,0.75
MC Hotdog,梦想的力量,github_dataset,0.8
MC Hotdog,梦想的力量,github_extended,0.7
MC Hotdog,梦想的力量,github_v2,0.75
MC Hotdog,母老虎,github_dataset,0.8
MC Hotdog,母老虎,github_extended,0.7
MC Hotdog,母老虎,github_v2,0.75
MC Hotdog,毒,github_dataset,0.8
MC Hotdog,毒,github_extended,0.7
MC Hotdog,毒,github_v2,0.75
MC Hotdog,海洋,github_dataset,0.8
MC Hotdog,海洋,github_extended,0.7
MC Hotdog,海洋,github_v2,0.75
MC Hotdog,离开,github_dataset,0.8
MC Hotdog,离开,github_extended,0.7
MC Hotdog,离开,github_v2,0.75
MC Hotdog,老子有钱,github_dataset,0.8
MC Hotdog,老子有钱,github_extended,0.7
MC Hotdog,老子有钱,github_v2,0.75
MC Hotdog,英雄之火+不灭火,lrc_cx_ext,0.85
MC Hotdog,英雄之火+不灭火 (Live),github_dataset,0.8
MC Hotdog,英雄之火+不灭火 (Live),github_extended,0.7
MC Hotdog,英雄之火+不灭火 (Live),github_v2,0.75
MC Hotdog,虎口脱险,lrc_cx_ext,0.85
MC Hotdog,虎口脱险,netease_top,0.85
MC Hotdog,让我RAP,github_dataset,0.8
MC Hotdog,让我RAP,github_extended,0.7
MC Hotdog,让我RAP,github_v2,0.75
MC Hotdog,让我RAP,lrc_cx_ext,0.85
MC Hotdog,让我RAP,netease_top,0.85
MC Hotdog,贫民百万歌星,lrc_cx_ext,0.85
MC Hotdog,贫民百万歌星,netease_top,0.85
MC Hotdog,贫民百万歌星 (Live版),github_dataset,0.8
MC Hotdog,贫民百万歌星 (Live版),github_extended,0.7
MC Hotdog,贫民百万歌星 (Live版),github_v2,0.75
MC Hotdog,轻熟女 27,github_dataset,0.8
MC Hotdog,轻熟女 27,github_extended,0.7
MC Hotdog,轻熟女 27,github_v2,0.75
MC Hotdog,醉,github_dataset,0.8
MC Hotdog,醉,github_extended,0.7
MC Hotdog,醉,github_v2,0.75
MC Hotdog,飞太远,lrc_cx_ext,0.85
MC Hotdog,飞太远,netease_top,0.85
MC Hotdog,飞太远 (Live),github_dataset,0.8
MC Hotdog,飞太远 (Live),github_extended,0.7
MC Hotdog,飞太远 (Live),github_v2,0.75
MC Hotdog,马祖小夜曲,github_dataset,0.8
MC Hotdog,马祖小夜曲,github_extended,0.7
MC Hotdog,马祖小夜曲,github_v2,0.75
MC Hotdog,鸡你太美,lrc_cx_build,0.88
MC Hotdog,黑珍珠(Black Pearl),github_dataset,0.8
MC Hotdog,黑珍珠(Black Pearl),github_extended,0.7
MC Hotdog,黑珍珠(Black Pearl),github_v2,0.75
MC4,yessir,github_dataset,0.8
MC4,yessir,github_extended,0.7
MC4,yessir,github_v2,0.75
MC4,不然要怎样,github_dataset,0.8
MC4,不然要怎样,github_extended,0.7
MC4,不然要怎样,github_v2,0.75
MC4,别追了,github_dataset,0.8
MC4,别追了,github_extended,0.7
MC4,别追了,github_v2,0.75
MC4,北漂青年,github_dataset,0.8
MC4,北漂青年,github_extended,0.7
MC4,北漂青年,github_v2,0.75
MC4,垮掉,github_dataset,0.8
MC4,垮掉,github_extended,0.7
MC4,垮掉,github_v2,0.75
MC4,城市素描,github_dataset,0.8
MC4,城市素描,github_extended,0.7
MC4,城市素描,github_v2,0.75
MC4,小时候,github_dataset,0.8
MC4,小时候,github_extended,0.7
MC4,小时候,github_v2,0.75
MC4,挚友,github_dataset,0.8
MC4,挚友,github_extended,0.7
MC4,挚友,github_v2,0.75
MC4,景阳刚,github_dataset,0.8
MC4,景阳刚,github_extended,0.7
MC4,景阳刚,github_v2,0.75
MC4,相亲相亲,github_dataset,0.8
MC4,相亲相亲,github_extended,0.7
MC4,相亲相亲,github_v2,0.75
Max马俊,24小时(Live),github_dataset,0.8
Max马俊,24小时(Live),github_extended,0.7
Max马俊,24小时(Live),github_v2,0.75
Max马俊,Max (Live),github_dataset,0.8
Max马俊,Max (Live),github_extended,0.7
Max马俊,Max (Live),github_v2,0.75
Max马俊,king is back,github_dataset,0.8
Max马俊,king is back,github_extended,0.7
Max马俊,king is back,github_v2,0.75
Max马俊,东成西就 (Live),github_dataset,0.8
Max马俊,东成西就 (Live),github_extended,0.7
Max马俊,东成西就 (Live),github_v2,0.75
Max马俊,中国新说唱EP12 RAP01 (Live),github_dataset,0.8
Max马俊,中国新说唱EP12 RAP01 (Live),github_extended,0.7
Max马俊,中国新说唱EP12 RAP01 (Live),github_v2,0.75
Max马俊,冠军新疆,github_dataset,0.8
Max马俊,冠军新疆,github_extended,0.7
Max马俊,冠军新疆,github_v2,0.75
Max马俊,力量,github_dataset,0.8
Max马俊,力量,github_extended,0.7
Max马俊,力量,github_v2,0.75
Max马俊,唯一的港湾,github_dataset,0.8
Max马俊,唯一的港湾,github_extended,0.7
Max马俊,唯一的港湾,github_v2,0.75
Max马俊,嘿兄弟Album Version,github_dataset,0.8
Max马俊,嘿兄弟Album Version,github_extended,0.7
Max马俊,嘿兄弟Album Version,github_v2,0.75
Max马俊,我的梦 (Live),github_dataset,0.8
Max马俊,我的梦 (Live),github_extended,0.7
Max马俊,我的梦 (Live),github_v2,0.75
Max马俊,疆要野,github_dataset,0.8
Max马俊,疆要野,github_extended,0.7
Max马俊,疆要野,github_v2,0.75
Mc光光,4.黑森林,github_dataset,0.8
Mc光光,4.黑森林,github_extended,0.7
Mc光光,4.黑森林,github_v2,0.75
Mc光光,All Day All Night,github_dataset,0.8
Mc光光,All Day All Night,github_extended,0.7
Mc光光,All Day All Night,github_v2,0.75
Mc光光,Bump n Jump,github_dataset,0.8
Mc光光,Bump n Jump,github_extended,0.7
Mc光光,Bump n Jump,github_v2,0.75
Mc光光,B A Rap $tar,github_dataset,0.8
Mc光光,B A Rap $tar,github_extended,0.7
Mc光光,B A Rap $tar,github_v2,0.75
Mc光光,Chasing You (Prod. by Yoken),github_dataset,0.8
Mc光光,Chasing You (Prod. by Yoken),github_extended,0.7
Mc光光,Chasing You (Prod. by Yoken),github_v2,0.75
Mc光光,City Light,github_dataset,0.8
Mc光光,City Light,github_extended,0.7
Mc光光,City Light,github_v2,0.75
Mc光光,Gay爷只打字,github_dataset,0.8
Mc光光,Gay爷只打字,github_extended,0.7
Mc光光,Gay爷只打字,github_v2,0.75
Mc光光,Get it On,github_dataset,0.8
Mc光光,Get it On,github_extended,0.7
Mc光光,Get it On,github_v2,0.75
Mc光光,Hustle always on top,github_dataset,0.8
Mc光光,Hustle always on top,github_extended,0.7
Mc光光,Hustle always on top,github_v2,0.75
Mc光光,I Don't Need Dat Sh*t,github_dataset,0.8
Mc光光,I Don't Need Dat Sh*t,github_extended,0.7
Mc光光,I Don't Need Dat Sh*t,github_v2,0.75
Mc光光,Like Me,github_dataset,0.8
Mc光光,Like Me,github_extended,0.7
Mc光光,Like Me,github_v2,0.75
Mc光光,Pussy Sweet,github_dataset,0.8
Mc光光,Pussy Sweet,github_extended,0.7
Mc光光,Pussy Sweet,github_v2,0.75
Mc光光,Radio,github_dataset,0.8
Mc光光,Radio,github_extended,0.7
Mc光光,Radio,github_v2,0.75
Mc光光,Run Dat Game,github_dataset,0.8
Mc光光,Run Dat Game,github_extended,0.7
Mc光光,Run Dat Game,github_v2,0.75
Mc光光,Say Hello,github_dataset,0.8
Mc光光,Say Hello,github_extended,0.7
Mc光光,Say Hello,github_v2,0.75
Mc光光,Sunday Morning,github_dataset,0.8
Mc光光,Sunday Morning,github_extended,0.7
Mc光光,Sunday Morning,github_v2,0.75
Mc光光,Till da morning,github_dataset,0.8
Mc光光,Till da morning,github_extended,0.7
Mc光光,Till da morning,github_v2,0.75
Mc光光,Underground,github_dataset,0.8
Mc光光,Underground,github_extended,0.7
Mc光光,Underground,github_v2,0.75
Mc光光,Worldwide,github_dataset,0.8
Mc光光,Worldwide,github_extended,0.7
Mc光光,Worldwide,github_v2,0.75
Mc光光,all i have,github_dataset,0.8
Mc光光,all i have,github_extended,0.7
Mc光光,all i have,github_v2,0.75
Mc光光,confusing my city,github_dataset,0.8
Mc光光,confusing my city,github_extended,0.7
Mc光光,confusing my city,github_v2,0.75
Mc光光,got no more,github_dataset,0.8
Mc光光,got no more,github_extended,0.7
Mc光光,got no more,github_v2,0.75
Mc光光,i just wanna feel ya,github_dataset,0.8
Mc光光,i just wanna feel ya,github_extended,0.7
Mc光光,i just wanna feel ya,github_v2,0.75
Mc光光,i need a girl,github_dataset,0.8
Mc光光,i need a girl,github_extended,0.7
Mc光光,i need a girl,github_v2,0.75
Mc光光,senzu bean,github_dataset,0.8
Mc光光,senzu bean,github_extended,0.7
Mc光光,senzu bean,github_v2,0.75
Mc光光,such a beautiful,github_dataset,0.8
Mc光光,such a beautiful,github_extended,0.7
Mc光光,such a beautiful,github_v2,0.75
Mc光光,summer time summer night,github_dataset,0.8
Mc光光,summer time summer night,github_extended,0.7
Mc光光,summer time summer night,github_v2,0.75
Mc光光,superhero,github_dataset,0.8
Mc光光,superhero,github_extended,0.7
Mc光光,superhero,github_v2,0.75
Mc光光,一个人待会儿,github_dataset,0.8
Mc光光,一个人待会儿,github_extended,0.7
Mc光光,一个人待会儿,github_v2,0.75
Mc光光,不要链,github_dataset,0.8
Mc光光,不要链,github_extended,0.7
Mc光光,不要链,github_v2,0.75
Mc光光,为你存在,github_dataset,0.8
Mc光光,为你存在,github_extended,0.7
Mc光光,为你存在,github_v2,0.75
Mc光光,从这里出发,github_dataset,0.8
Mc光光,从这里出发,github_extended,0.7
Mc光光,从这里出发,github_v2,0.75
Mc光光,养你,github_dataset,0.8
Mc光光,养你,github_extended,0.7
Mc光光,养你,github_v2,0.75
Mc光光,出口 (Find a way),github_dataset,0.8
Mc光光,出口 (Find a way),github_extended,0.7
Mc光光,出口 (Find a way),github_v2,0.75
Mc光光,听你说晚安,github_dataset,0.8
Mc光光,听你说晚安,github_extended,0.7
Mc光光,听你说晚安,github_v2,0.75
Mc光光,听你说晚安 [remix],github_dataset,0.8
Mc光光,听你说晚安 [remix],github_extended,0.7
Mc光光,听你说晚安 [remix],github_v2,0.75
Mc光光,因为有你,github_dataset,0.8
Mc光光,因为有你,github_extended,0.7
Mc光光,因为有你,github_v2,0.75
Mc光光,女主角,github_dataset,0.8
Mc光光,女主角,github_extended,0.7
Mc光光,女主角,github_v2,0.75
Mc光光,对不起,github_dataset,0.8
Mc光光,对不起,github_extended,0.7
Mc光光,对不起,github_v2,0.75
Mc光光,小雨哒啦哒,github_dataset,0.8
Mc光光,小雨哒啦哒,github_extended,0.7
Mc光光,小雨哒啦哒,github_v2,0.75
Mc光光,小马,github_dataset,0.8
Mc光光,小马,github_extended,0.7
Mc光光,小马,github_v2,0.75
Mc光光,心里话,github_dataset,0.8
Mc光光,心里话,github_extended,0.7
Mc光光,心里话,github_v2,0.75
Mc光光,焚书坑儒,github_dataset,0.8
Mc光光,焚书坑儒,github_extended,0.7
Mc光光,焚书坑儒,github_v2,0.75
Mc光光,百万富翁,github_dataset,0.8
Mc光光,百万富翁,github_extended,0.7
Mc光光,百万富翁,github_v2,0.75
Mc光光,给你煮面,github_dataset,0.8
Mc光光,给你煮面,github_extended,0.7
Mc光光,给你煮面,github_v2,0.75
Mc光光,行尸走肉,github_dataset,0.8
Mc光光,行尸走肉,github_extended,0.7
Mc光光,行尸走肉,github_v2,0.75
Mc光光,谢谢你,github_dataset,0.8
Mc光光,谢谢你,github_extended,0.7
Mc光光,谢谢你,github_v2,0.75
Mc光光,赐我个梦吧,github_dataset,0.8
Mc光光,赐我个梦吧,github_extended,0.7
Mc光光,赐我个梦吧,github_v2,0.75
Mc光光,过山车,github_dataset,0.8
Mc光光,过山车,github_extended,0.7
Mc光光,过山车,github_v2,0.75
Mc光光,麻烦,github_dataset,0.8
Mc光光,麻烦,github_extended,0.7
Mc光光,麻烦,github_v2,0.75
Pharaoh,Pharaoh,lrc_cx_build,0.88
Pharaoh,中国新说唱,lrc_cx_ext,0.85
Pharaoh,九尾狐,lrc_cx_ext,0.85
Pharaoh,内卷天后,lrc_cx_ext,0.85
Pharaoh,哈！北京,lrc_cx_ext,0.85
Pharaoh,大碗宽面,lrc_cx_ext,0.85
Pharaoh,春芽,lrc_cx_ext,0.85
Pharaoh,有点东西,lrc_cx_ext,0.85
Pharaoh,说唱新世代,lrc_cx_ext,0.85
Rich Brian,American Boyfriend,lrc_cx_ext,0.85
Rich Brian,American Boyfriend,netease_top,0.85
Rich Brian,Damping Ground,lrc_cx_ext,0.85
Rich Brian,Dat tick,lrc_cx_ext,0.85
Rich Brian,Dat tick,netease_top,0.85
Rich Brian,Dat tick (Remix),lrc_cx_ext,0.85
Rich Brian,Holy Water,lrc_cx_ext,0.85
Rich Brian,Holy Water,netease_top,0.85
Rich Brian,Mamahan,lrc_cx_ext,0.85
Rich Brian,Mamahan,netease_top,0.85
Rich Brian,Mata Pelajaran,lrc_cx_ext,0.85
Rich Brian,Moshpit,lrc_cx_ext,0.85
Sbazzo,Confession-忏悔,github_dataset,0.8
Sbazzo,Confession-忏悔,github_extended,0.7
Sbazzo,Confession-忏悔,github_v2,0.75
Sbazzo,Dont Leave,github_dataset,0.8
Sbazzo,Dont Leave,github_extended,0.7
Sbazzo,Dont Leave,github_v2,0.75
Sbazzo,Get Down On Da Floor,github_dataset,0.8
Sbazzo,Get Down On Da Floor,github_extended,0.7
Sbazzo,Get Down On Da Floor,github_v2,0.75
Sbazzo,I USED TO LOVE HER,github_dataset,0.8
Sbazzo,I USED TO LOVE HER,github_extended,0.7
Sbazzo,I USED TO LOVE HER,github_v2,0.75
Sbazzo,LIFE,github_dataset,0.8
Sbazzo,LIFE,github_extended,0.7
Sbazzo,LIFE,github_v2,0.75
Sbazzo,Like This,github_dataset,0.8
Sbazzo,Like This,github_extended,0.7
Sbazzo,Like This,github_v2,0.75
Sbazzo,Looking back,github_dataset,0.8
Sbazzo,Looking back,github_extended,0.7
Sbazzo,Looking back,github_v2,0.75
Sbazzo,Lu1 - My Fathers Watch Remix-爸爸的手表Remix（Sbazzo / Lu1 / Cee remix）,github_dataset,0.8
Sbazzo,Lu1 - My Fathers Watch Remix-爸爸的手表Remix（Sbazzo / Lu1 / Cee remix）,github_extended,0.7
Sbazzo,Lu1 - My Fathers Watch Remix-爸爸的手表Remix（Sbazzo / Lu1 / Cee remix）,github_v2,0.75
Sbazzo,MEDS,github_dataset,0.8
Sbazzo,MEDS,github_extended,0.7
Sbazzo,MEDS,github_v2,0.75
Sbazzo,Mr.Rapper,github_dataset,0.8
Sbazzo,Mr.Rapper,github_extended,0.7
Sbazzo,Mr.Rapper,github_v2,0.75
Sbazzo,Needless to say-不必说,github_dataset,0.8
Sbazzo,Needless to say-不必说,github_extended,0.7
Sbazzo,Needless to say-不必说,github_v2,0.75
Sbazzo,Rain Dropz(Feat.Sbazzo),github_dataset,0.8
Sbazzo,Rain Dropz(Feat.Sbazzo),github_extended,0.7
Sbazzo,Rain Dropz(Feat.Sbazzo),github_v2,0.75
Sbazzo,Rain Dropz-雨落,github_dataset,0.8
Sbazzo,Rain Dropz-雨落,github_extended,0.7
Sbazzo,Rain Dropz-雨落,github_v2,0.75
Sbazzo,Respect-尊敬,github_dataset,0.8
Sbazzo,Respect-尊敬,github_extended,0.7
Sbazzo,Respect-尊敬,github_v2,0.75
Sbazzo,Revolution-革命,github_dataset,0.8
Sbazzo,Revolution-革命,github_extended,0.7
Sbazzo,Revolution-革命,github_v2,0.75
Sbazzo,Sbazzo - Street Poets Remix-街头诗人（Sbazzo / R2K remix）,github_dataset,0.8
Sbazzo,Sbazzo - Street Poets Remix-街头诗人（Sbazzo / R2K remix）,github_extended,0.7
Sbazzo,Sbazzo - Street Poets Remix-街头诗人（Sbazzo / R2K remix）,github_v2,0.75
Sbazzo,Sorrow,github_dataset,0.8
Sbazzo,Sorrow,github_extended,0.7
Sbazzo,Sorrow,github_v2,0.75
Sbazzo,The fall-秋天,github_dataset,0.8
Sbazzo,The fall-秋天,github_extended,0.7
Sbazzo,The fall-秋天,github_v2,0.75
Sbazzo,U N I,github_dataset,0.8
Sbazzo,U N I,github_extended,0.7
Sbazzo,U N I,github_v2,0.75
Sbazzo,一黑到底,github_dataset,0.8
Sbazzo,一黑到底,github_extended,0.7
Sbazzo,一黑到底,github_v2,0.75
Sbazzo,一黑到底Remix,github_dataset,0.8
Sbazzo,一黑到底Remix,github_extended,0.7
Sbazzo,一黑到底Remix,github_v2,0.75
Sbazzo,假鬼佬,github_dataset,0.8
Sbazzo,假鬼佬,github_extended,0.7
Sbazzo,假鬼佬,github_v2,0.75
Sbazzo,光线/The Light,github_dataset,0.8
Sbazzo,光线/The Light,github_extended,0.7
Sbazzo,光线/The Light,github_v2,0.75
Sbazzo,原来的声音/Soundtrack,github_dataset,0.8
Sbazzo,原来的声音/Soundtrack,github_extended,0.7
Sbazzo,原来的声音/Soundtrack,github_v2,0.75
Sbazzo,壮志凌云,github_dataset,0.8
Sbazzo,壮志凌云,github_extended,0.7
Sbazzo,壮志凌云,github_v2,0.75
Sbazzo,天堂电影院,github_dataset,0.8
Sbazzo,天堂电影院,github_extended,0.7
Sbazzo,天堂电影院,github_v2,0.75
Sbazzo,如果我能回头,github_dataset,0.8
Sbazzo,如果我能回头,github_extended,0.7
Sbazzo,如果我能回头,github_v2,0.75
Sbazzo,当你回家/When You Come Home,github_dataset,0.8
Sbazzo,当你回家/When You Come Home,github_extended,0.7
Sbazzo,当你回家/When You Come Home,github_v2,0.75
Sbazzo,恩惠,github_dataset,0.8
Sbazzo,恩惠,github_extended,0.7
Sbazzo,恩惠,github_v2,0.75
Sbazzo,我的超级英雄/My SuperHero,github_dataset,0.8
Sbazzo,我的超级英雄/My SuperHero,github_extended,0.7
Sbazzo,我的超级英雄/My SuperHero,github_v2,0.75
Sbazzo,战国策,github_dataset,0.8
Sbazzo,战国策,github_extended,0.7
Sbazzo,战国策,github_v2,0.75
Sbazzo,日出/Sunrise,github_dataset,0.8
Sbazzo,日出/Sunrise,github_extended,0.7
Sbazzo,日出/Sunrise,github_v2,0.75
Sbazzo,浮生路,github_dataset,0.8
Sbazzo,浮生路,github_extended,0.7
Sbazzo,浮生路,github_v2,0.75
Sbazzo,消音,github_dataset,0.8
Sbazzo,消音,github_extended,0.7
Sbazzo,消音,github_v2,0.75
Sbazzo,灰remix,github_dataset,0.8
Sbazzo,灰remix,github_extended,0.7
Sbazzo,灰remix,github_v2,0.75
Sbazzo,灵魂飞翔/Soul Fly,github_dataset,0.8
Sbazzo,灵魂飞翔/Soul Fly,github_extended,0.7
Sbazzo,灵魂飞翔/Soul Fly,github_v2,0.75
Sbazzo,爱/Love,github_dataset,0.8
Sbazzo,爱/Love,github_extended,0.7
Sbazzo,爱/Love,github_v2,0.75
Sbazzo,猛龙过江,github_dataset,0.8
Sbazzo,猛龙过江,github_extended,0.7
Sbazzo,猛龙过江,github_v2,0.75
Sbazzo,蓝天/Blue Sky,github_dataset,0.8
Sbazzo,蓝天/Blue Sky,github_extended,0.7
Sbazzo,蓝天/Blue Sky,github_v2,0.75
Sbazzo,调色,github_dataset,0.8
Sbazzo,调色,github_extended,0.7
Sbazzo,调色,github_v2,0.75
Sbazzo,路程,github_dataset,0.8
Sbazzo,路程,github_extended,0.7
Sbazzo,路程,github_v2,0.75
Sbazzo,迷雾,github_dataset,0.8
Sbazzo,迷雾,github_extended,0.7
Sbazzo,迷雾,github_v2,0.75
Sbazzo,雨声,github_dataset,0.8
Sbazzo,雨声,github_extended,0.7
Sbazzo,雨声,github_v2,0.75
Sbazzo,驱魔人,github_dataset,0.8
Sbazzo,驱魔人,github_extended,0.7
Sbazzo,驱魔人,github_v2,0.75
Test,Test,lrc_cx,0.9
Test Artist,Test Song,manual,1.0
Tizzy T,00 else,lrc_cx_build,0.88
Tizzy T,020,github_dataset,0.8
Tizzy T,020,github_extended,0.7
Tizzy T,020,github_v2,0.75
Tizzy T,2018 MDSK CYPHER,github_dataset,0.8
Tizzy T,2018 MDSK CYPHER,github_extended,0.7
Tizzy T,2018 MDSK CYPHER,github_v2,0.75
Tizzy T,BLESSED,github_dataset,0.8
Tizzy T,BLESSED,github_extended,0.7
Tizzy T,BLESSED,github_v2,0.75
Tizzy T,Bling Bling,lrc_cx_build,0.88
Tizzy T,Bling Bling,lrc_cx_ext,0.85
Tizzy T,Bling Bling,netease_top,0.85
Tizzy T,G.O.A.T(Tizzy T Version),github_dataset,0.8
Tizzy T,G.O.A.T(Tizzy T Version),github_extended,0.7
Tizzy T,G.O.A.T(Tizzy T Version),github_v2,0.75
Tizzy T,GOING GO,github_dataset,0.8
Tizzy T,GOING GO,github_extended,0.7
Tizzy T,GOING GO,github_v2,0.75
Tizzy T,Going Go,github_dataset,0.8
Tizzy T,Going Go,github_extended,0.7
Tizzy T,Going Go,github_v2,0.75
Tizzy T,KEEP GOING,lrc_cx_build,0.88
Tizzy T,Kiss Me,lrc_cx_build,0.88
Tizzy T,Lip service,lrc_cx_build,0.88
Tizzy T,Lose Control,lrc_cx_build,0.88
Tizzy T,NO GANG,github_dataset,0.8
Tizzy T,NO GANG,github_extended,0.7
Tizzy T,NO GANG,github_v2,0.75
Tizzy T,Party是我家,github_dataset,0.8
Tizzy T,Party是我家,github_extended,0.7
Tizzy T,Party是我家,github_v2,0.75
Tizzy T,RELAX,github_dataset,0.8
Tizzy T,RELAX,github_extended,0.7
Tizzy T,RELAX,github_v2,0.75
Tizzy T,Rap Game,github_dataset,0.8
Tizzy T,Rap Game,github_extended,0.7
Tizzy T,Rap Game,github_v2,0.75
Tizzy T,Relax (M3SSIAH Remix),github_dataset,0.8
Tizzy T,Relax (M3SSIAH Remix),github_extended,0.7
Tizzy T,Relax (M3SSIAH Remix),github_v2,0.75
Tizzy T,Runnin’,github_dataset,0.8
Tizzy T,Runnin’,github_extended,0.7
Tizzy T,Runnin’,github_v2,0.75
Tizzy T,SAD,github_dataset,0.8
Tizzy T,SAD,github_extended,0.7
Tizzy T,SAD,github_v2,0.75
Tizzy T,Tic Toc,github_dataset,0.8
Tizzy T,Tic Toc,github_extended,0.7
Tizzy T,Tic Toc,github_v2,0.75
Tizzy T,Tizzy T - 大一岁 (Demo)（Tizzy T remix）,github_dataset,0.8
Tizzy T,Tizzy T - 大一岁 (Demo)（Tizzy T remix）,github_extended,0.7
Tizzy T,Tizzy T - 大一岁 (Demo)（Tizzy T remix）,github_v2,0.75
Tizzy T,Tizzy T-KIMO-PARTY是我家REMIX（AirfyLee / Tizzy T remix）,github_dataset,0.8
Tizzy T,Tizzy T-KIMO-PARTY是我家REMIX（AirfyLee / Tizzy T remix）,github_extended,0.7
Tizzy T,Tizzy T-KIMO-PARTY是我家REMIX（AirfyLee / Tizzy T remix）,github_v2,0.75
Tizzy T,Wanna Be With You,github_dataset,0.8
Tizzy T,Wanna Be With You,github_extended,0.7
Tizzy T,Wanna Be With You,github_v2,0.75
Tizzy T,三年二班 (Live),github_dataset,0.8
Tizzy T,三年二班 (Live),github_extended,0.7
Tizzy T,三年二班 (Live),github_v2,0.75
Tizzy T,不在乎,github_dataset,0.8
Tizzy T,不在乎,github_extended,0.7
Tizzy T,不在乎,github_v2,0.75
Tizzy T,不害羞,lrc_cx_build,0.88
Tizzy T,不悔,lrc_cx_ext,0.85
Tizzy T,不痛不痒,lrc_cx_ext,0.85
Tizzy T,不痛不痒,netease_top,0.85
Tizzy T,不需要,github_dataset,0.8
Tizzy T,不需要,github_extended,0.7
Tizzy T,不需要,github_v2,0.75
Tizzy T,中国姑娘,github_dataset,0.8
Tizzy T,中国姑娘,github_extended,0.7
Tizzy T,中国姑娘,github_v2,0.75
Tizzy T,二链,github_dataset,0.8
Tizzy T,二链,github_extended,0.7
Tizzy T,二链,github_v2,0.75
Tizzy T,他们都想像我这么做,github_dataset,0.8
Tizzy T,他们都想像我这么做,github_extended,0.7
Tizzy T,他们都想像我这么做,github_v2,0.75
Tizzy T,你别吼,lrc_cx_build,0.88
Tizzy T,几乎成名,github_dataset,0.8
Tizzy T,几乎成名,github_extended,0.7
Tizzy T,几乎成名,github_v2,0.75
Tizzy T,勇者大陆,github_dataset,0.8
Tizzy T,勇者大陆,github_extended,0.7
Tizzy T,勇者大陆,github_v2,0.75
Tizzy T,千里之外 (Live),github_dataset,0.8
Tizzy T,千里之外 (Live),github_extended,0.7
Tizzy T,千里之外 (Live),github_v2,0.75
Tizzy T,向爱出发,github_dataset,0.8
Tizzy T,向爱出发,github_extended,0.7
Tizzy T,向爱出发,github_v2,0.75
Tizzy T,回到未来,github_dataset,0.8
Tizzy T,回到未来,github_extended,0.7
Tizzy T,回到未来,github_v2,0.75
Tizzy T,坠落,github_dataset,0.8
Tizzy T,坠落,github_extended,0.7
Tizzy T,坠落,github_v2,0.75
Tizzy T,夜曲,lrc_cx_ext,0.85
Tizzy T,夢裡面,github_dataset,0.8
Tizzy T,夢裡面,github_extended,0.7
Tizzy T,夢裡面,github_v2,0.75
Tizzy T,大一岁,github_dataset,0.8
Tizzy T,大一岁,github_extended,0.7
Tizzy T,大一岁,github_v2,0.75
Tizzy T,大小十几平方,github_dataset,0.8
Tizzy T,大小十几平方,github_extended,0.7
Tizzy T,大小十几平方,github_v2,0.75
Tizzy T,市中心,github_dataset,0.8
Tizzy T,市中心,github_extended,0.7
Tizzy T,市中心,github_v2,0.75
Tizzy T,带你去未来,github_dataset,0.8
Tizzy T,带你去未来,github_extended,0.7
Tizzy T,带你去未来,github_v2,0.75
Tizzy T,心跳の回忆,github_dataset,0.8
Tizzy T,心跳の回忆,github_extended,0.7
Tizzy T,心跳の回忆,github_v2,0.75
Tizzy T,恶作剧,lrc_cx_ext,0.85
Tizzy T,想把你留在这里,github_dataset,0.8
Tizzy T,想把你留在这里,github_extended,0.7
Tizzy T,想把你留在这里,github_v2,0.75
Tizzy T,成全,lrc_cx_ext,0.85
Tizzy T,我的太阳,lrc_cx_build,0.88
Tizzy T,我的时代,lrc_cx_ext,0.85
Tizzy T,我的时代,netease_top,0.85
Tizzy T,我要回家,lrc_cx_build,0.88
Tizzy T,拜托 拜托,github_dataset,0.8
Tizzy T,拜托 拜托,github_extended,0.7
Tizzy T,拜托 拜托,github_v2,0.75
Tizzy T,无人之岛,lrc_cx_ext,0.85
Tizzy T,无可替代,github_dataset,0.8
Tizzy T,无可替代,github_extended,0.7
Tizzy T,无可替代,github_v2,0.75
Tizzy T,晃,github_dataset,0.8
Tizzy T,晃,github_extended,0.7
Tizzy T,晃,github_v2,0.75
Tizzy T,浮夸,lrc_cx_ext,0.85
Tizzy T,盯着王座,github_dataset,0.8
Tizzy T,盯着王座,github_extended,0.7
Tizzy T,盯着王座,github_v2,0.75
Tizzy T,绅士,github_dataset,0.8
Tizzy T,绅士,github_extended,0.7
Tizzy T,绅士,github_v2,0.75
Tizzy T,英雄好难过 feat.TT,github_dataset,0.8
Tizzy T,英雄好难过 feat.TT,github_extended,0.7
Tizzy T,英雄好难过 feat.TT,github_v2,0.75
Tizzy T,菩萨保佑,github_dataset,0.8
Tizzy T,菩萨保佑,github_extended,0.7
Tizzy T,菩萨保佑,github_v2,0.75
Tizzy T,说散就散,lrc_cx_ext,0.85
Tizzy T,追光者,lrc_cx_ext,0.85
Tizzy T,逆光,lrc_cx_ext,0.85
Tizzy T,青春叛逆手冊,github_dataset,0.8
Tizzy T,青春叛逆手冊,github_extended,0.7
Tizzy T,青春叛逆手冊,github_v2,0.75
Ty,10x10 (Intro),github_dataset,0.8
Ty,10x10 (Intro),github_extended,0.7
Ty,10x10 (Intro),github_v2,0.75
Ty,20,github_dataset,0.8
Ty,20,github_extended,0.7
Ty,20,github_v2,0.75
Ty,Flex On You,github_dataset,0.8
Ty,Flex On You,github_extended,0.7
Ty,Flex On You,github_v2,0.75
Ty,H,github_dataset,0.8
Ty,H,github_extended,0.7
Ty,H,github_v2,0.75
Ty,My New Swag,github_dataset,0.8
Ty,My New Swag,github_extended,0.7
Ty,My New Swag,github_v2,0.75
Ty,Real Life,github_dataset,0.8
Ty,Real Life,github_extended,0.7
Ty,Real Life,github_v2,0.75
Ty,nobody can know me remix,github_dataset,0.8
Ty,nobody can know me remix,github_extended,0.7
Ty,nobody can know me remix,github_v2,0.75
Ty,一辈子,github_dataset,0.8
Ty,一辈子,github_extended,0.7
Ty,一辈子,github_v2,0.75
Ty,为什么,github_dataset,0.8
Ty,为什么,github_extended,0.7
Ty,为什么,github_v2,0.75
Ty,书没读好,github_dataset,0.8
Ty,书没读好,github_extended,0.7
Ty,书没读好,github_v2,0.75
Ty,从小,github_dataset,0.8
Ty,从小,github_extended,0.7
Ty,从小,github_v2,0.75
Ty,从小 Remix,github_dataset,0.8
Ty,从小 Remix,github_extended,0.7
Ty,从小 Remix,github_v2,0.75
Ty,你,github_dataset,0.8
Ty,你,github_extended,0.7
Ty,你,github_v2,0.75
Ty,你觉得,github_dataset,0.8
Ty,你觉得,github_extended,0.7
Ty,你觉得,github_v2,0.75
Ty,其乐融融,github_dataset,0.8
Ty,其乐融融,github_extended,0.7
Ty,其乐融融,github_v2,0.75
Ty,凹造型,github_dataset,0.8
Ty,凹造型,github_extended,0.7
Ty,凹造型,github_v2,0.75
Ty,凹造型 Remix,github_dataset,0.8
Ty,凹造型 Remix,github_extended,0.7
Ty,凹造型 Remix,github_v2,0.75
Ty,功成名就 Feat. Masiwei,github_dataset,0.8
Ty,功成名就 Feat. Masiwei,github_extended,0.7
Ty,功成名就 Feat. Masiwei,github_v2,0.75
Ty,名牌包 Feat. Melo &amp; Psy.p &amp; King Chain,github_dataset,0.8
Ty,名牌包 Feat. Melo &amp; Psy.p &amp; King Chain,github_extended,0.7
Ty,名牌包 Feat. Melo &amp; Psy.p &amp; King Chain,github_v2,0.75
Ty,大陆仔 Feat. Dz,github_dataset,0.8
Ty,大陆仔 Feat. Dz,github_extended,0.7
Ty,大陆仔 Feat. Dz,github_v2,0.75
Ty,对不起,github_dataset,0.8
Ty,对不起,github_extended,0.7
Ty,对不起,github_v2,0.75
Ty,小怪都去哪了 Ft Ty YK,github_dataset,0.8
Ty,小怪都去哪了 Ft Ty YK,github_extended,0.7
Ty,小怪都去哪了 Ft Ty YK,github_v2,0.75
Ty,"帅哥 Ft. Ty., KEN-G, 邓典果, 艾文同学",github_dataset,0.8
Ty,"帅哥 Ft. Ty., KEN-G, 邓典果, 艾文同学",github_extended,0.7
Ty,"帅哥 Ft. Ty., KEN-G, 邓典果, 艾文同学",github_v2,0.75
Ty,年轻优秀(LaLaLa Remix),github_dataset,0.8
Ty,年轻优秀(LaLaLa Remix),github_extended,0.7
Ty,年轻优秀(LaLaLa Remix),github_v2,0.75
Ty,想要个优点(Interlude),github_dataset,0.8
Ty,想要个优点(Interlude),github_extended,0.7
Ty,想要个优点(Interlude),github_v2,0.75
Ty,感觉不错,github_dataset,0.8
Ty,感觉不错,github_extended,0.7
Ty,感觉不错,github_v2,0.75
Ty,我们,lrc_cx_build,0.88
Ty,我爱你,github_dataset,0.8
Ty,我爱你,github_extended,0.7
Ty,我爱你,github_v2,0.75
Ty,我的新衣,github_dataset,0.8
Ty,我的新衣,github_extended,0.7
Ty,我的新衣,github_v2,0.75
Ty,救命,github_dataset,0.8
Ty,救命,github_extended,0.7
Ty,救命,github_v2,0.75
Ty,新说唱,lrc_cx_build,0.88
Ty,春秋裤(Interlude 2),github_dataset,0.8
Ty,春秋裤(Interlude 2),github_extended,0.7
Ty,春秋裤(Interlude 2),github_v2,0.75
Ty,棉毛衫,github_dataset,0.8
Ty,棉毛衫,github_extended,0.7
Ty,棉毛衫,github_v2,0.75
Ty,棉毛衫 (Remix) Ft. YK &amp; 金兰英,github_dataset,0.8
Ty,棉毛衫 (Remix) Ft. YK &amp; 金兰英,github_extended,0.7
Ty,棉毛衫 (Remix) Ft. YK &amp; 金兰英,github_v2,0.75
Ty,武装罗密欧,github_dataset,0.8
Ty,武装罗密欧,github_extended,0.7
Ty,武装罗密欧,github_v2,0.75
Ty,母老虎,github_dataset,0.8
Ty,母老虎,github_extended,0.7
Ty,母老虎,github_v2,0.75
Ty,比你浪，比你棒,github_dataset,0.8
Ty,比你浪，比你棒,github_extended,0.7
Ty,比你浪，比你棒,github_v2,0.75
Ty,比你浪，比你棒（王者版）,github_dataset,0.8
Ty,比你浪，比你棒（王者版）,github_extended,0.7
Ty,比你浪，比你棒（王者版）,github_v2,0.75
Ty,热的想吐,github_dataset,0.8
Ty,热的想吐,github_extended,0.7
Ty,热的想吐,github_v2,0.75
Ty,爱到飞起来,github_dataset,0.8
Ty,爱到飞起来,github_extended,0.7
Ty,爱到飞起来,github_v2,0.75
Ty,爸爸妈妈,github_dataset,0.8
Ty,爸爸妈妈,github_extended,0.7
Ty,爸爸妈妈,github_v2,0.75
Ty,瞎子，懦夫，XXX,github_dataset,0.8
Ty,瞎子，懦夫，XXX,github_extended,0.7
Ty,瞎子，懦夫，XXX,github_v2,0.75
Ty,美国,github_dataset,0.8
Ty,美国,github_extended,0.7
Ty,美国,github_v2,0.75
Ty,美国 Remix,github_dataset,0.8
Ty,美国 Remix,github_extended,0.7
Ty,美国 Remix,github_v2,0.75
Ty,说唱听我的,lrc_cx_build,0.88
Ty,说唱新世代,lrc_cx_build,0.88
Ty,说唱新世代 第二季,lrc_cx_build,0.88
Ty,谁的错,github_dataset,0.8
Ty,谁的错,github_extended,0.7
Ty,谁的错,github_v2,0.75
Ty,迪斯科,github_dataset,0.8
Ty,迪斯科,github_extended,0.7
Ty,迪斯科,github_v2,0.75
Ty,野兽 Ft. Yitai,github_dataset,0.8
Ty,野兽 Ft. Yitai,github_extended,0.7
Ty,野兽 Ft. Yitai,github_v2,0.75
Ty,钱女友,github_dataset,0.8
Ty,钱女友,github_extended,0.7
Ty,钱女友,github_v2,0.75
Ty,高级爱情故事,github_dataset,0.8
Ty,高级爱情故事,github_extended,0.7
Ty,高级爱情故事,github_v2,0.75
Ty,高，还没富，但帅,github_dataset,0.8
Ty,高，还没富，但帅,github_extended,0.7
Ty,高，还没富，但帅,github_v2,0.75
Young Kin,Homie,github_dataset,0.8
Young Kin,Homie,github_extended,0.7
Young Kin,Homie,github_v2,0.75
Young Kin,幸福的选择,github_dataset,0.8
Young Kin,幸福的选择,github_extended,0.7
Young Kin,幸福的选择,github_v2,0.75
Young Kin,西游记,github_dataset,0.8
Young Kin,西游记,github_extended,0.7
Young Kin,西游记,github_v2,0.75
Young Kin,革命的歌,github_dataset,0.8
Young Kin,革命的歌,github_extended,0.7
Young Kin,革命的歌,github_v2,0.75
higher Brothers,Fun,lrc_cx_ext,0.85
higher Brothers,Good Time,lrc_cx_ext,0.85
higher Brothers,Know Your Ya Boi,lrc_cx_ext,0.85
higher Brothers,Made In China,lrc_cx_ext,0.85
higher Brothers,Nowhere,lrc_cx_ext,0.85
higher Brothers,One Time,lrc_cx_ext,0.85
higher Brothers,Racks,lrc_cx_ext,0.85
higher Brothers,Switch,lrc_cx_ext,0.85
higher Brothers,WeUp,lrc_cx_ext,0.85
higher Brothers,Ya Boy,lrc_cx_ext,0.85
nineone,2017 Lazyair Cypher,github_dataset,0.8
nineone,2017 Lazyair Cypher,github_extended,0.7
nineone,2017 Lazyair Cypher,github_v2,0.75
nineone,2018 Lazyair Cypher,github_dataset,0.8
nineone,2018 Lazyair Cypher,github_extended,0.7
nineone,2018 Lazyair Cypher,github_v2,0.75
nineone,2019 WR/OC CNY Cypher 猪年大吉,github_dataset,0.8
nineone,2019 WR/OC CNY Cypher 猪年大吉,github_extended,0.7
nineone,2019 WR/OC CNY Cypher 猪年大吉,github_v2,0.75
nineone,22,github_dataset,0.8
nineone,22,github_extended,0.7
nineone,22,github_v2,0.75
nineone,4.(N분의1 Remix),github_dataset,0.8
nineone,4.(N분의1 Remix),github_extended,0.7
nineone,4.(N분의1 Remix),github_v2,0.75
nineone,ALL NIGHT,github_dataset,0.8
nineone,ALL NIGHT,github_extended,0.7
nineone,ALL NIGHT,github_v2,0.75
nineone,Cake,github_dataset,0.8
nineone,Cake,github_extended,0.7
nineone,Cake,github_v2,0.75
nineone,CÉLIBATAIRE,github_dataset,0.8
nineone,CÉLIBATAIRE,github_extended,0.7
nineone,CÉLIBATAIRE,github_v2,0.75
nineone,Dance,github_dataset,0.8
nineone,Dance,github_extended,0.7
nineone,Dance,github_v2,0.75
nineone,Dear X,github_dataset,0.8
nineone,Dear X,github_extended,0.7
nineone,Dear X,github_v2,0.75
nineone,Drop it,github_dataset,0.8
nineone,Drop it,github_extended,0.7
nineone,Drop it,github_v2,0.75
nineone,First Love Song(살만찌고Remix),github_dataset,0.8
nineone,First Love Song(살만찌고Remix),github_extended,0.7
nineone,First Love Song(살만찌고Remix),github_v2,0.75
nineone,GONE,github_dataset,0.8
nineone,GONE,github_extended,0.7
nineone,GONE,github_v2,0.75
nineone,Highly Toxic/剧毒,github_dataset,0.8
nineone,Highly Toxic/剧毒,github_extended,0.7
nineone,Highly Toxic/剧毒,github_v2,0.75
nineone,Intro,github_dataset,0.8
nineone,Intro,github_extended,0.7
nineone,Intro,github_v2,0.75
nineone,It hurts,github_dataset,0.8
nineone,It hurts,github_extended,0.7
nineone,It hurts,github_v2,0.75
nineone,I don't wanna see u anymore,github_dataset,0.8
nineone,I don't wanna see u anymore,github_extended,0.7
nineone,I don't wanna see u anymore,github_v2,0.75
nineone,Lil137,github_dataset,0.8
nineone,Lil137,github_extended,0.7
nineone,Lil137,github_v2,0.75
nineone,Nothing,github_dataset,0.8
nineone,Nothing,github_extended,0.7
nineone,Nothing,github_v2,0.75
nineone,No Way,github_dataset,0.8
nineone,No Way,github_extended,0.7
nineone,No Way,github_v2,0.75
nineone,Outro痴人说梦,github_dataset,0.8
nineone,Outro痴人说梦,github_extended,0.7
nineone,Outro痴人说梦,github_v2,0.75
nineone,PUMA,github_dataset,0.8
nineone,PUMA,github_extended,0.7
nineone,PUMA,github_v2,0.75
nineone,PUMA(Unplugged Live),github_dataset,0.8
nineone,PUMA(Unplugged Live),github_extended,0.7
nineone,PUMA(Unplugged Live),github_v2,0.75
nineone,SENBEI,github_dataset,0.8
nineone,SENBEI,github_extended,0.7
nineone,SENBEI,github_v2,0.75
nineone,Sugar free,github_dataset,0.8
nineone,Sugar free,github_extended,0.7
nineone,Sugar free,github_v2,0.75
nineone,Summer Vibe,github_dataset,0.8
nineone,Summer Vibe,github_extended,0.7
nineone,Summer Vibe,github_v2,0.75
nineone,Summer Vibe(Roktepux Remix),github_dataset,0.8
nineone,Summer Vibe(Roktepux Remix),github_extended,0.7
nineone,Summer Vibe(Roktepux Remix),github_v2,0.75
nineone,Summer Time,github_dataset,0.8
nineone,Summer Time,github_extended,0.7
nineone,Summer Time,github_v2,0.75
nineone,Sunset,github_dataset,0.8
nineone,Sunset,github_extended,0.7
nineone,Sunset,github_v2,0.75
nineone,Where R U,github_dataset,0.8
nineone,Where R U,github_extended,0.7
nineone,Where R U,github_v2,0.75
nineone,Xanax,github_dataset,0.8
nineone,Xanax,github_extended,0.7
nineone,Xanax,github_v2,0.75
nineone,Young And Beautiful（Roktepux Remix）（Cover：Lana Del Rey）,github_dataset,0.8
nineone,Young And Beautiful（Roktepux Remix）（Cover：Lana Del Rey）,github_extended,0.7
nineone,Young And Beautiful（Roktepux Remix）（Cover：Lana Del Rey）,github_v2,0.75
nineone,一笔勾销,github_dataset,0.8
nineone,一笔勾销,github_extended,0.7
nineone,一笔勾销,github_v2,0.75
nineone,不要见怪（Prod.By DiESi）,github_dataset,0.8
nineone,不要见怪（Prod.By DiESi）,github_extended,0.7
nineone,不要见怪（Prod.By DiESi）,github_v2,0.75
nineone,九月桂,github_dataset,0.8
nineone,九月桂,github_extended,0.7
nineone,九月桂,github_v2,0.75
nineone,代号PN（Prod.by $uperdeep）,github_dataset,0.8
nineone,代号PN（Prod.by $uperdeep）,github_extended,0.7
nineone,代号PN（Prod.by $uperdeep）,github_v2,0.75
nineone,你们,github_dataset,0.8
nineone,你们,github_extended,0.7
nineone,你们,github_v2,0.75
nineone,你喜欢,github_dataset,0.8
nineone,你喜欢,github_extended,0.7
nineone,你喜欢,github_v2,0.75
nineone,可口可乐,github_dataset,0.8
nineone,可口可乐,github_extended,0.7
nineone,可口可乐,github_v2,0.75
nineone,嫉妒心,github_dataset,0.8
nineone,嫉妒心,github_extended,0.7
nineone,嫉妒心,github_v2,0.75
nineone,懒癌晚期,github_dataset,0.8
nineone,懒癌晚期,github_extended,0.7
nineone,懒癌晚期,github_v2,0.75
nineone,懒癌晚期（NINEONE Solo）,github_dataset,0.8
nineone,懒癌晚期（NINEONE Solo）,github_extended,0.7
nineone,懒癌晚期（NINEONE Solo）,github_v2,0.75
nineone,搬进我心里（Prod.By DiESi）,github_dataset,0.8
nineone,搬进我心里（Prod.By DiESi）,github_extended,0.7
nineone,搬进我心里（Prod.By DiESi）,github_v2,0.75
nineone,极度危险,github_dataset,0.8
nineone,极度危险,github_extended,0.7
nineone,极度危险,github_v2,0.75
nineone,爱很简单,github_dataset,0.8
nineone,爱很简单,github_extended,0.7
nineone,爱很简单,github_v2,0.75
nineone,砂岚 (Prod.By.SuperDeep&amp;DJ Jamie),github_dataset,0.8
nineone,砂岚 (Prod.By.SuperDeep&amp;DJ Jamie),github_extended,0.7
nineone,砂岚 (Prod.By.SuperDeep&amp;DJ Jamie),github_v2,0.75
nineone,过瘾,github_dataset,0.8
nineone,过瘾,github_extended,0.7
nineone,过瘾,github_v2,0.75
nineone,闭眼歌,github_dataset,0.8
nineone,闭眼歌,github_extended,0.7
nineone,闭眼歌,github_v2,0.75
nineone,风的颜色,github_dataset,0.8
nineone,风的颜色,github_extended,0.7
nineone,风的颜色,github_v2,0.75
万妮达Vinida,4U,github_dataset,0.8
万妮达Vinida,4U,github_extended,0.7
万妮达Vinida,4U,github_v2,0.75
万妮达Vinida,9,github_dataset,0.8
万妮达Vinida,9,github_extended,0.7
万妮达Vinida,9,github_v2,0.75
万妮达Vinida,Colorful World,github_dataset,0.8
万妮达Vinida,Colorful World,github_extended,0.7
万妮达Vinida,Colorful World,github_v2,0.75
万妮达Vinida,Cookie Gangster,github_dataset,0.8
万妮达Vinida,Cookie Gangster,github_extended,0.7
万妮达Vinida,Cookie Gangster,github_v2,0.75
万妮达Vinida,Cookie Gangster(Original Track)(Hook+Ver.),github_dataset,0.8
万妮达Vinida,Cookie Gangster(Original Track)(Hook+Ver.),github_extended,0.7
万妮达Vinida,Cookie Gangster(Original Track)(Hook+Ver.),github_v2,0.75
万妮达Vinida,Dirty Mind (Remix版),github_dataset,0.8
万妮达Vinida,Dirty Mind (Remix版),github_extended,0.7
万妮达Vinida,Dirty Mind (Remix版),github_v2,0.75
万妮达Vinida,FM59.1,github_dataset,0.8
万妮达Vinida,FM59.1,github_extended,0.7
万妮达Vinida,FM59.1,github_v2,0.75
万妮达Vinida,Get Freaky With You,github_dataset,0.8
万妮达Vinida,Get Freaky With You,github_extended,0.7
万妮达Vinida,Get Freaky With You,github_v2,0.75
万妮达Vinida,Get away from me,github_dataset,0.8
万妮达Vinida,Get away from me,github_extended,0.7
万妮达Vinida,Get away from me,github_v2,0.75
万妮达Vinida,Mr. Wonderful,github_dataset,0.8
万妮达Vinida,Mr. Wonderful,github_extended,0.7
万妮达Vinida,Mr. Wonderful,github_v2,0.75
万妮达Vinida,Mr. Wonderful,github_dataset,0.8
万妮达Vinida,Mr. Wonderful,github_extended,0.7
万妮达Vinida,Mr. Wonderful,github_v2,0.75
万妮达Vinida,My boo,github_dataset,0.8
万妮达Vinida,My boo,github_extended,0.7
万妮达Vinida,My boo,github_v2,0.75
万妮达Vinida,No Day Off (Live),github_dataset,0.8
万妮达Vinida,No Day Off (Live),github_extended,0.7
万妮达Vinida,No Day Off (Live),github_v2,0.75
万妮达Vinida,Queendom,github_dataset,0.8
万妮达Vinida,Queendom,github_extended,0.7
万妮达Vinida,Queendom,github_v2,0.75
万妮达Vinida,Real One,github_dataset,0.8
万妮达Vinida,Real One,github_extended,0.7
万妮达Vinida,Real One,github_v2,0.75
万妮达Vinida,SOLO,github_dataset,0.8
万妮达Vinida,SOLO,github_extended,0.7
万妮达Vinida,SOLO,github_v2,0.75
万妮达Vinida,Understand,github_dataset,0.8
万妮达Vinida,Understand,github_extended,0.7
万妮达Vinida,Understand,github_v2,0.75
万妮达Vinida,Wanna Be With You,github_dataset,0.8
万妮达Vinida,Wanna Be With You,github_extended,0.7
万妮达Vinida,Wanna Be With You,github_v2,0.75
万妮达Vinida,Weekend,github_dataset,0.8
万妮达Vinida,Weekend,github_extended,0.7
万妮达Vinida,Weekend,github_v2,0.75
万妮达Vinida,Who Am I,github_dataset,0.8
万妮达Vinida,Who Am I,github_extended,0.7
万妮达Vinida,Who Am I,github_v2,0.75
万妮达Vinida,不死不朽Immortal (Interlude),github_dataset,0.8
万妮达Vinida,不死不朽Immortal (Interlude),github_extended,0.7
万妮达Vinida,不死不朽Immortal (Interlude),github_v2,0.75
万妮达Vinida,主角,github_dataset,0.8
万妮达Vinida,主角,github_extended,0.7
万妮达Vinida,主角,github_v2,0.75
万妮达Vinida,二点二十,github_dataset,0.8
万妮达Vinida,二点二十,github_extended,0.7
万妮达Vinida,二点二十,github_v2,0.75
万妮达Vinida,优雅必胜,github_dataset,0.8
万妮达Vinida,优雅必胜,github_extended,0.7
万妮达Vinida,优雅必胜,github_v2,0.75
万妮达Vinida,势不可挡,github_dataset,0.8
万妮达Vinida,势不可挡,github_extended,0.7
万妮达Vinida,势不可挡,github_v2,0.75
万妮达Vinida,千金,github_dataset,0.8
万妮达Vinida,千金,github_extended,0.7
万妮达Vinida,千金,github_v2,0.75
万妮达Vinida,场上称霸,github_dataset,0.8
万妮达Vinida,场上称霸,github_extended,0.7
万妮达Vinida,场上称霸,github_v2,0.75
万妮达Vinida,场上称霸 (Live),github_dataset,0.8
万妮达Vinida,场上称霸 (Live),github_extended,0.7
万妮达Vinida,场上称霸 (Live),github_v2,0.75
万妮达Vinida,带你,github_dataset,0.8
万妮达Vinida,带你,github_extended,0.7
万妮达Vinida,带你,github_v2,0.75
万妮达Vinida,煎蛋,github_dataset,0.8
万妮达Vinida,煎蛋,github_extended,0.7
万妮达Vinida,煎蛋,github_v2,0.75
万妮达Vinida,钱程似锦,github_dataset,0.8
万妮达Vinida,钱程似锦,github_extended,0.7
万妮达Vinida,钱程似锦,github_v2,0.75
万妮达Vinida,魔术方块,github_dataset,0.8
万妮达Vinida,魔术方块,github_extended,0.7
万妮达Vinida,魔术方块,github_v2,0.75
刘夫达,光,lrc_cx_build,0.88
刘夫达,夜,lrc_cx_build,0.88
刘夫达,天,lrc_cx_build,0.88
刘夫达,心,lrc_cx_build,0.88
刘夫达,月,lrc_cx_build,0.88
刘夫达,梦,lrc_cx_build,0.88
刘夫达,爱,lrc_cx_build,0.88
刘夫达,花,lrc_cx_build,0.88
刘夫达,雨,lrc_cx_build,0.88
刘夫达,风,lrc_cx_build,0.88
刘聪,Last Dance,lrc_cx_build,0.88
刘聪,Losing You,lrc_cx_build,0.88
刘聪,Number One,lrc_cx_build,0.88
刘聪,去有风的地方,lrc_cx_ext,0.85
刘聪,去有风的地方,netease_top,0.85
刘聪,告别诗,lrc_cx_build,0.88
刘聪,四季不败,lrc_cx_build,0.88
刘聪,城市的光,lrc_cx_ext,0.85
刘聪,城市的光,netease_top,0.85
刘聪,夜空中最亮的星,lrc_cx_ext,0.85
刘聪,天空之城,lrc_cx_build,0.88
刘聪,好久不见,lrc_cx_build,0.88
刘聪,小情歌,lrc_cx_ext,0.85
刘聪,小情歌,netease_top,0.85
刘聪,岁月神偷,lrc_cx_ext,0.85
刘聪,岁月神偷,netease_top,0.85
刘聪,平凡之路,lrc_cx_ext,0.85
刘聪,平凡人物,lrc_cx_ext,0.85
刘聪,成全,lrc_cx_ext,0.85
刘聪,白日梦,lrc_cx_build,0.88
刘聪,说散就散,lrc_cx_ext,0.85
刘聪,路过人间,lrc_cx_ext,0.85
刘聪,路过人间,netease_top,0.85
刘聪,辞妈,lrc_cx_build,0.88
刘聪,辞妈,lrc_cx_ext,0.85
刘聪,辞妈,netease_top,0.85
刘聪,雨夜,lrc_cx_build,0.88
功夫胖KungFuPen,"""BLOCK"" Remix",github_dataset,0.8
功夫胖KungFuPen,"""BLOCK"" Remix",github_extended,0.7
功夫胖KungFuPen,"""BLOCK"" Remix",github_v2,0.75
功夫胖KungFuPen,0731,github_dataset,0.8
功夫胖KungFuPen,0731,github_extended,0.7
功夫胖KungFuPen,0731,github_v2,0.75
功夫胖KungFuPen,24小时(Live),github_dataset,0.8
功夫胖KungFuPen,24小时(Live),github_extended,0.7
功夫胖KungFuPen,24小时(Live),github_v2,0.75
功夫胖KungFuPen,All Day,github_dataset,0.8
功夫胖KungFuPen,All Day,github_extended,0.7
功夫胖KungFuPen,All Day,github_v2,0.75
功夫胖KungFuPen,BUTTERFLY,github_dataset,0.8
功夫胖KungFuPen,BUTTERFLY,github_extended,0.7
功夫胖KungFuPen,BUTTERFLY,github_v2,0.75
功夫胖KungFuPen,CHINATOWN FREESTYLE,github_dataset,0.8
功夫胖KungFuPen,CHINATOWN FREESTYLE,github_extended,0.7
功夫胖KungFuPen,CHINATOWN FREESTYLE,github_v2,0.75
功夫胖KungFuPen,CLOSE YOUR EYES feat.李沫萱,github_dataset,0.8
功夫胖KungFuPen,CLOSE YOUR EYES feat.李沫萱,github_extended,0.7
功夫胖KungFuPen,CLOSE YOUR EYES feat.李沫萱,github_v2,0.75
功夫胖KungFuPen,GOOD TRIP feat.李沫萱,github_dataset,0.8
功夫胖KungFuPen,GOOD TRIP feat.李沫萱,github_extended,0.7
功夫胖KungFuPen,GOOD TRIP feat.李沫萱,github_v2,0.75
功夫胖KungFuPen,ONLY,github_dataset,0.8
功夫胖KungFuPen,ONLY,github_extended,0.7
功夫胖KungFuPen,ONLY,github_v2,0.75
功夫胖KungFuPen,YUNG LIT WAY,github_dataset,0.8
功夫胖KungFuPen,YUNG LIT WAY,github_extended,0.7
功夫胖KungFuPen,YUNG LIT WAY,github_v2,0.75
功夫胖KungFuPen,YUNG LIT WAY (SPACE VERSION),github_dataset,0.8
功夫胖KungFuPen,YUNG LIT WAY (SPACE VERSION),github_extended,0.7
功夫胖KungFuPen,YUNG LIT WAY (SPACE VERSION),github_v2,0.75
功夫胖KungFuPen, 灵魂列车,github_dataset,0.8
功夫胖KungFuPen, 灵魂列车,github_extended,0.7
功夫胖KungFuPen, 灵魂列车,github_v2,0.75
功夫胖KungFuPen,一封信,github_dataset,0.8
功夫胖KungFuPen,一封信,github_extended,0.7
功夫胖KungFuPen,一封信,github_v2,0.75
功夫胖KungFuPen,七色光,github_dataset,0.8
功夫胖KungFuPen,七色光,github_extended,0.7
功夫胖KungFuPen,七色光,github_v2,0.75
功夫胖KungFuPen,七色光 feat.李沫萱,github_dataset,0.8
功夫胖KungFuPen,七色光 feat.李沫萱,github_extended,0.7
功夫胖KungFuPen,七色光 feat.李沫萱,github_v2,0.75
功夫胖KungFuPen,兄弟们上！,github_dataset,0.8
功夫胖KungFuPen,兄弟们上！,github_extended,0.7
功夫胖KungFuPen,兄弟们上！,github_v2,0.75
功夫胖KungFuPen,再见Hip-Hop,github_dataset,0.8
功夫胖KungFuPen,再见Hip-Hop,github_extended,0.7
功夫胖KungFuPen,再见Hip-Hop,github_v2,0.75
功夫胖KungFuPen,冠军 (Live),github_dataset,0.8
功夫胖KungFuPen,冠军 (Live),github_extended,0.7
功夫胖KungFuPen,冠军 (Live),github_v2,0.75
功夫胖KungFuPen,出去走走 PROD BY DAO,github_dataset,0.8
功夫胖KungFuPen,出去走走 PROD BY DAO,github_extended,0.7
功夫胖KungFuPen,出去走走 PROD BY DAO,github_v2,0.75
功夫胖KungFuPen,同路人,github_dataset,0.8
功夫胖KungFuPen,同路人,github_extended,0.7
功夫胖KungFuPen,同路人,github_v2,0.75
功夫胖KungFuPen,困兽斗,github_dataset,0.8
功夫胖KungFuPen,困兽斗,github_extended,0.7
功夫胖KungFuPen,困兽斗,github_v2,0.75
功夫胖KungFuPen,外婆桥,github_dataset,0.8
功夫胖KungFuPen,外婆桥,github_extended,0.7
功夫胖KungFuPen,外婆桥,github_v2,0.75
功夫胖KungFuPen,孤独症DEMO,github_dataset,0.8
功夫胖KungFuPen,孤独症DEMO,github_extended,0.7
功夫胖KungFuPen,孤独症DEMO,github_v2,0.75
功夫胖KungFuPen,开点药,github_dataset,0.8
功夫胖KungFuPen,开点药,github_extended,0.7
功夫胖KungFuPen,开点药,github_v2,0.75
功夫胖KungFuPen,张震岳热狗战队Cypher (Live),github_dataset,0.8
功夫胖KungFuPen,张震岳热狗战队Cypher (Live),github_extended,0.7
功夫胖KungFuPen,张震岳热狗战队Cypher (Live),github_v2,0.75
功夫胖KungFuPen,我的梦 (Live),github_dataset,0.8
功夫胖KungFuPen,我的梦 (Live),github_extended,0.7
功夫胖KungFuPen,我的梦 (Live),github_v2,0.75
功夫胖KungFuPen,札记,github_dataset,0.8
功夫胖KungFuPen,札记,github_extended,0.7
功夫胖KungFuPen,札记,github_v2,0.75
功夫胖KungFuPen,活在当下,github_dataset,0.8
功夫胖KungFuPen,活在当下,github_extended,0.7
功夫胖KungFuPen,活在当下,github_v2,0.75
功夫胖KungFuPen,海盗船长,github_dataset,0.8
功夫胖KungFuPen,海盗船长,github_extended,0.7
功夫胖KungFuPen,海盗船长,github_v2,0.75
功夫胖KungFuPen,海盗船长！,github_dataset,0.8
功夫胖KungFuPen,海盗船长！,github_extended,0.7
功夫胖KungFuPen,海盗船长！,github_v2,0.75
功夫胖KungFuPen,淘金日记,github_dataset,0.8
功夫胖KungFuPen,淘金日记,github_extended,0.7
功夫胖KungFuPen,淘金日记,github_v2,0.75
功夫胖KungFuPen,港口,github_dataset,0.8
功夫胖KungFuPen,港口,github_extended,0.7
功夫胖KungFuPen,港口,github_v2,0.75
功夫胖KungFuPen,爱,github_dataset,0.8
功夫胖KungFuPen,爱,github_extended,0.7
功夫胖KungFuPen,爱,github_v2,0.75
功夫胖KungFuPen,狮子王,github_dataset,0.8
功夫胖KungFuPen,狮子王,github_extended,0.7
功夫胖KungFuPen,狮子王,github_v2,0.75
功夫胖KungFuPen,百乐门,github_dataset,0.8
功夫胖KungFuPen,百乐门,github_extended,0.7
功夫胖KungFuPen,百乐门,github_v2,0.75
功夫胖KungFuPen,离骚 (Live),github_dataset,0.8
功夫胖KungFuPen,离骚 (Live),github_extended,0.7
功夫胖KungFuPen,离骚 (Live),github_v2,0.75
功夫胖KungFuPen,绝可 feat.派克特,github_dataset,0.8
功夫胖KungFuPen,绝可 feat.派克特,github_extended,0.7
功夫胖KungFuPen,绝可 feat.派克特,github_v2,0.75
功夫胖KungFuPen,胡大姐,github_dataset,0.8
功夫胖KungFuPen,胡大姐,github_extended,0.7
功夫胖KungFuPen,胡大姐,github_v2,0.75
功夫胖KungFuPen,蛋 feat.艾热,github_dataset,0.8
功夫胖KungFuPen,蛋 feat.艾热,github_extended,0.7
功夫胖KungFuPen,蛋 feat.艾热,github_v2,0.75
功夫胖KungFuPen,豆子芝麻茶,github_dataset,0.8
功夫胖KungFuPen,豆子芝麻茶,github_extended,0.7
功夫胖KungFuPen,豆子芝麻茶,github_v2,0.75
功夫胖KungFuPen,跳跳蛙2.0,github_dataset,0.8
功夫胖KungFuPen,跳跳蛙2.0,github_extended,0.7
功夫胖KungFuPen,跳跳蛙2.0,github_v2,0.75
功夫胖KungFuPen,蹦极 (Live),github_dataset,0.8
功夫胖KungFuPen,蹦极 (Live),github_extended,0.7
功夫胖KungFuPen,蹦极 (Live),github_v2,0.75
功夫胖KungFuPen,躺椅,github_dataset,0.8
功夫胖KungFuPen,躺椅,github_extended,0.7
功夫胖KungFuPen,躺椅,github_v2,0.75
功夫胖KungFuPen,醒来,github_dataset,0.8
功夫胖KungFuPen,醒来,github_extended,0.7
功夫胖KungFuPen,醒来,github_v2,0.75
功夫胖KungFuPen,铁锈,github_dataset,0.8
功夫胖KungFuPen,铁锈,github_extended,0.7
功夫胖KungFuPen,铁锈,github_v2,0.75
功夫胖KungFuPen,飞太远 (Live),github_dataset,0.8
功夫胖KungFuPen,飞太远 (Live),github_extended,0.7
功夫胖KungFuPen,飞太远 (Live),github_v2,0.75
双棒儿,Intro(什么名人),github_dataset,0.8
双棒儿,Intro(什么名人),github_extended,0.7
双棒儿,Intro(什么名人),github_v2,0.75
双棒儿,Jahley的歌,github_dataset,0.8
双棒儿,Jahley的歌,github_extended,0.7
双棒儿,Jahley的歌,github_v2,0.75
双棒儿,R.I.P,github_dataset,0.8
双棒儿,R.I.P,github_extended,0.7
双棒儿,R.I.P,github_v2,0.75
双棒儿,五道口,github_dataset,0.8
双棒儿,五道口,github_extended,0.7
双棒儿,五道口,github_v2,0.75
双棒儿,北京交通,github_dataset,0.8
双棒儿,北京交通,github_extended,0.7
双棒儿,北京交通,github_v2,0.75
双棒儿,双棒儿 - 哥们儿你要结婚了,github_dataset,0.8
双棒儿,双棒儿 - 哥们儿你要结婚了,github_extended,0.7
双棒儿,双棒儿 - 哥们儿你要结婚了,github_v2,0.75
双棒儿,哦美国,github_dataset,0.8
双棒儿,哦美国,github_extended,0.7
双棒儿,哦美国,github_v2,0.75
双棒儿,在街头,github_dataset,0.8
双棒儿,在街头,github_extended,0.7
双棒儿,在街头,github_v2,0.75
双棒儿,大理的猫,github_dataset,0.8
双棒儿,大理的猫,github_extended,0.7
双棒儿,大理的猫,github_v2,0.75
双棒儿,小晴,github_dataset,0.8
双棒儿,小晴,github_extended,0.7
双棒儿,小晴,github_v2,0.75
双棒儿,晚安北京晚安曾经,github_dataset,0.8
双棒儿,晚安北京晚安曾经,github_extended,0.7
双棒儿,晚安北京晚安曾经,github_v2,0.75
双棒儿,老样子,github_dataset,0.8
双棒儿,老样子,github_extended,0.7
双棒儿,老样子,github_v2,0.75
双棒儿,记住,github_dataset,0.8
双棒儿,记住,github_extended,0.7
双棒儿,记住,github_v2,0.75
双棒儿,说唱功夫,github_dataset,0.8
双棒儿,说唱功夫,github_extended,0.7
双棒儿,说唱功夫,github_v2,0.75
双棒儿,那孩子,github_dataset,0.8
双棒儿,那孩子,github_extended,0.7
双棒儿,那孩子,github_v2,0.75
双棒儿,金桥姑娘,github_dataset,0.8
双棒儿,金桥姑娘,github_extended,0.7
双棒儿,金桥姑娘,github_v2,0.75
双棒儿,高山流水,github_dataset,0.8
双棒儿,高山流水,github_extended,0.7
双棒儿,高山流水,github_v2,0.75
吴亦凡,6,github_dataset,0.8
吴亦凡,6,github_extended,0.7
吴亦凡,6,github_v2,0.75
吴亦凡,All Of Me(Live),github_dataset,0.8
吴亦凡,All Of Me(Live),github_extended,0.7
吴亦凡,All Of Me(Live),github_v2,0.75
吴亦凡,Antares,github_dataset,0.8
吴亦凡,Antares,github_extended,0.7
吴亦凡,Antares,github_v2,0.75
吴亦凡,B.M.,github_dataset,0.8
吴亦凡,B.M.,github_extended,0.7
吴亦凡,B.M.,github_v2,0.75
吴亦凡,Bad Girl,github_dataset,0.8
吴亦凡,Bad Girl,github_extended,0.7
吴亦凡,Bad Girl,github_v2,0.75
吴亦凡,Call You Mine,github_dataset,0.8
吴亦凡,Call You Mine,github_extended,0.7
吴亦凡,Call You Mine,github_v2,0.75
吴亦凡,Coupe,github_dataset,0.8
吴亦凡,Coupe,github_extended,0.7
吴亦凡,Coupe,github_v2,0.75
吴亦凡,Deserve (Lido Remix),github_dataset,0.8
吴亦凡,Deserve (Lido Remix),github_extended,0.7
吴亦凡,Deserve (Lido Remix),github_v2,0.75
吴亦凡,Explore,github_dataset,0.8
吴亦凡,Explore,github_extended,0.7
吴亦凡,Explore,github_v2,0.75
吴亦凡,Freedom,github_dataset,0.8
吴亦凡,Freedom,github_extended,0.7
吴亦凡,Freedom,github_v2,0.75
吴亦凡,Hold Me Down (中文版),github_dataset,0.8
吴亦凡,Hold Me Down (中文版),github_extended,0.7
吴亦凡,Hold Me Down (中文版),github_v2,0.75
吴亦凡,JUICE,github_dataset,0.8
吴亦凡,JUICE,github_extended,0.7
吴亦凡,JUICE,github_v2,0.75
吴亦凡,JULY,github_dataset,0.8
吴亦凡,JULY,github_extended,0.7
吴亦凡,JULY,github_v2,0.75
吴亦凡,Juice,github_dataset,0.8
吴亦凡,Juice,github_extended,0.7
吴亦凡,Juice,github_v2,0.75
吴亦凡,July (Live),github_dataset,0.8
吴亦凡,July (Live),github_extended,0.7
吴亦凡,July (Live),github_v2,0.75
吴亦凡,Like That,github_dataset,0.8
吴亦凡,Like That,github_extended,0.7
吴亦凡,Like That,github_v2,0.75
吴亦凡,Lullaby,github_dataset,0.8
吴亦凡,Lullaby,github_extended,0.7
吴亦凡,Lullaby,github_v2,0.75
吴亦凡,November Rain,github_dataset,0.8
吴亦凡,November Rain,github_extended,0.7
吴亦凡,November Rain,github_v2,0.75
吴亦凡,Officially Missing You (Radio Ver.),github_dataset,0.8
吴亦凡,Officially Missing You (Radio Ver.),github_extended,0.7
吴亦凡,Officially Missing You (Radio Ver.),github_v2,0.75
吴亦凡,One Dream(Live),github_dataset,0.8
吴亦凡,One Dream(Live),github_extended,0.7
吴亦凡,One Dream(Live),github_v2,0.75
吴亦凡,Say Yes,github_dataset,0.8
吴亦凡,Say Yes,github_extended,0.7
吴亦凡,Say Yes,github_v2,0.75
吴亦凡,Selfish,github_dataset,0.8
吴亦凡,Selfish,github_extended,0.7
吴亦凡,Selfish,github_v2,0.75
吴亦凡,Tough Pill,github_dataset,0.8
吴亦凡,Tough Pill,github_extended,0.7
吴亦凡,Tough Pill,github_v2,0.75
吴亦凡,We Alive,github_dataset,0.8
吴亦凡,We Alive,github_extended,0.7
吴亦凡,We Alive,github_v2,0.75
吴亦凡,Young OG (Live),github_dataset,0.8
吴亦凡,Young OG (Live),github_extended,0.7
吴亦凡,Young OG (Live),github_v2,0.75
吴亦凡,You’d Better Run (Live),github_dataset,0.8
吴亦凡,You’d Better Run (Live),github_extended,0.7
吴亦凡,You’d Better Run (Live),github_v2,0.75
吴亦凡,三年二班 (Live),github_dataset,0.8
吴亦凡,三年二班 (Live),github_extended,0.7
吴亦凡,三年二班 (Live),github_v2,0.75
吴亦凡,中国魂,github_dataset,0.8
吴亦凡,中国魂,github_extended,0.7
吴亦凡,中国魂,github_v2,0.75
吴亦凡,乖乖,github_dataset,0.8
吴亦凡,乖乖,github_extended,0.7
吴亦凡,乖乖,github_v2,0.75
吴亦凡,从此以后 ,github_dataset,0.8
吴亦凡,从此以后 ,github_extended,0.7
吴亦凡,从此以后 ,github_v2,0.75
吴亦凡,从此以后 (Live),github_dataset,0.8
吴亦凡,从此以后 (Live),github_extended,0.7
吴亦凡,从此以后 (Live),github_v2,0.75
吴亦凡,你把我灌醉 + Lullaby + 天堂 + 时间煮雨 + 爱你 (Live),github_dataset,0.8
吴亦凡,你把我灌醉 + Lullaby + 天堂 + 时间煮雨 + 爱你 (Live),github_extended,0.7
吴亦凡,你把我灌醉 + Lullaby + 天堂 + 时间煮雨 + 爱你 (Live),github_v2,0.75
吴亦凡,刀剑如梦,github_dataset,0.8
吴亦凡,刀剑如梦,github_extended,0.7
吴亦凡,刀剑如梦,github_v2,0.75
吴亦凡,制作人cypher (Live),github_dataset,0.8
吴亦凡,制作人cypher (Live),github_extended,0.7
吴亦凡,制作人cypher (Live),github_v2,0.75
吴亦凡,天地,github_dataset,0.8
吴亦凡,天地,github_extended,0.7
吴亦凡,天地,github_v2,0.75
吴亦凡,家人 (Live),github_dataset,0.8
吴亦凡,家人 (Live),github_extended,0.7
吴亦凡,家人 (Live),github_v2,0.75
吴亦凡,彩虹,github_dataset,0.8
吴亦凡,彩虹,github_extended,0.7
吴亦凡,彩虹,github_v2,0.75
吴亦凡,悟,github_dataset,0.8
吴亦凡,悟,github_extended,0.7
吴亦凡,悟,github_v2,0.75
吴亦凡,想你,github_dataset,0.8
吴亦凡,想你,github_extended,0.7
吴亦凡,想你,github_v2,0.75
吴亦凡,我选择的路,github_dataset,0.8
吴亦凡,我选择的路,github_extended,0.7
吴亦凡,我选择的路,github_v2,0.75
吴亦凡,时间煮雨 - live,github_dataset,0.8
吴亦凡,时间煮雨 - live,github_extended,0.7
吴亦凡,时间煮雨 - live,github_v2,0.75
吴亦凡,有一个地方 - live,github_dataset,0.8
吴亦凡,有一个地方 - live,github_extended,0.7
吴亦凡,有一个地方 - live,github_v2,0.75
吴亦凡,有一个地方remix,github_dataset,0.8
吴亦凡,有一个地方remix,github_extended,0.7
吴亦凡,有一个地方remix,github_v2,0.75
吴亦凡,花房姑娘,github_dataset,0.8
吴亦凡,花房姑娘,github_extended,0.7
吴亦凡,花房姑娘,github_v2,0.75
吴亦凡,英雄之火+不灭火 (Live),github_dataset,0.8
吴亦凡,英雄之火+不灭火 (Live),github_extended,0.7
吴亦凡,英雄之火+不灭火 (Live),github_v2,0.75
吴亦凡,죽일 놈,github_dataset,0.8
吴亦凡,죽일 놈,github_extended,0.7
吴亦凡,죽일 놈,github_v2,0.75
吾人文化,DOMO-剌剌秧,github_dataset,0.8
吾人文化,DOMO-剌剌秧,github_extended,0.7
吾人文化,DOMO-剌剌秧,github_v2,0.75
吾人文化,Money Mind（Super / Mai / Ganana),github_dataset,0.8
吾人文化,Money Mind（Super / Mai / Ganana),github_extended,0.7
吾人文化,Money Mind（Super / Mai / Ganana),github_v2,0.75
吾人文化,ROCK,github_dataset,0.8
吾人文化,ROCK,github_extended,0.7
吾人文化,ROCK,github_v2,0.75
吾人文化,Sing a Sang,github_dataset,0.8
吾人文化,Sing a Sang,github_extended,0.7
吾人文化,Sing a Sang,github_v2,0.75
吾人文化,We are the city（remix）,github_dataset,0.8
吾人文化,We are the city（remix）,github_extended,0.7
吾人文化,We are the city（remix）,github_v2,0.75
吾人文化,一个传奇,github_dataset,0.8
吾人文化,一个传奇,github_extended,0.7
吾人文化,一个传奇,github_v2,0.75
吾人文化,一夜,github_dataset,0.8
吾人文化,一夜,github_extended,0.7
吾人文化,一夜,github_v2,0.75
吾人文化,中国功夫,github_dataset,0.8
吾人文化,中国功夫,github_extended,0.7
吾人文化,中国功夫,github_v2,0.75
吾人文化,为你,github_dataset,0.8
吾人文化,为你,github_extended,0.7
吾人文化,为你,github_v2,0.75
吾人文化,假如你属于我,github_dataset,0.8
吾人文化,假如你属于我,github_extended,0.7
吾人文化,假如你属于我,github_v2,0.75
吾人文化,冲破,github_dataset,0.8
吾人文化,冲破,github_extended,0.7
吾人文化,冲破,github_v2,0.75
吾人文化,出师表3.0,github_dataset,0.8
吾人文化,出师表3.0,github_extended,0.7
吾人文化,出师表3.0,github_v2,0.75
吾人文化,剑客 刀客 侠客,github_dataset,0.8
吾人文化,剑客 刀客 侠客,github_extended,0.7
吾人文化,剑客 刀客 侠客,github_v2,0.75
吾人文化,十年,github_dataset,0.8
吾人文化,十年,github_extended,0.7
吾人文化,十年,github_v2,0.75
吾人文化,华埠,github_dataset,0.8
吾人文化,华埠,github_extended,0.7
吾人文化,华埠,github_v2,0.75
吾人文化,吾人归来,github_dataset,0.8
吾人文化,吾人归来,github_extended,0.7
吾人文化,吾人归来,github_v2,0.75
吾人文化,喝,github_dataset,0.8
吾人文化,喝,github_extended,0.7
吾人文化,喝,github_v2,0.75
吾人文化,国殇512,github_dataset,0.8
吾人文化,国殇512,github_extended,0.7
吾人文化,国殇512,github_v2,0.75
吾人文化,在路上,github_dataset,0.8
吾人文化,在路上,github_extended,0.7
吾人文化,在路上,github_v2,0.75
吾人文化,城,github_dataset,0.8
吾人文化,城,github_extended,0.7
吾人文化,城,github_v2,0.75
吾人文化,城市忍者疾风传（Cover the first sigh）,github_dataset,0.8
吾人文化,城市忍者疾风传（Cover the first sigh）,github_extended,0.7
吾人文化,城市忍者疾风传（Cover the first sigh）,github_v2,0.75
吾人文化,引子,github_dataset,0.8
吾人文化,引子,github_extended,0.7
吾人文化,引子,github_v2,0.75
吾人文化,情系吾人,github_dataset,0.8
吾人文化,情系吾人,github_extended,0.7
吾人文化,情系吾人,github_v2,0.75
吾人文化,我的,github_dataset,0.8
吾人文化,我的,github_extended,0.7
吾人文化,我的,github_v2,0.75
吾人文化,我的家在东北,github_dataset,0.8
吾人文化,我的家在东北,github_extended,0.7
吾人文化,我的家在东北,github_v2,0.75
吾人文化,摩天大圣,github_dataset,0.8
吾人文化,摩天大圣,github_extended,0.7
吾人文化,摩天大圣,github_v2,0.75
吾人文化,旅行,github_dataset,0.8
吾人文化,旅行,github_extended,0.7
吾人文化,旅行,github_v2,0.75
吾人文化,春天,github_dataset,0.8
吾人文化,春天,github_extended,0.7
吾人文化,春天,github_v2,0.75
吾人文化,最美的风景,github_dataset,0.8
吾人文化,最美的风景,github_extended,0.7
吾人文化,最美的风景,github_v2,0.75
吾人文化,样带：38场29镜2次,github_dataset,0.8
吾人文化,样带：38场29镜2次,github_extended,0.7
吾人文化,样带：38场29镜2次,github_v2,0.75
吾人文化,桃花扇,github_dataset,0.8
吾人文化,桃花扇,github_extended,0.7
吾人文化,桃花扇,github_v2,0.75
吾人文化,浪子,github_dataset,0.8
吾人文化,浪子,github_extended,0.7
吾人文化,浪子,github_v2,0.75
吾人文化,海子,github_dataset,0.8
吾人文化,海子,github_extended,0.7
吾人文化,海子,github_v2,0.75
吾人文化,花花世界,github_dataset,0.8
吾人文化,花花世界,github_extended,0.7
吾人文化,花花世界,github_v2,0.75
吾人文化,血战人生,github_dataset,0.8
吾人文化,血战人生,github_extended,0.7
吾人文化,血战人生,github_v2,0.75
吾人文化,行走在黑夜,github_dataset,0.8
吾人文化,行走在黑夜,github_extended,0.7
吾人文化,行走在黑夜,github_v2,0.75
吾人文化,过往,github_dataset,0.8
吾人文化,过往,github_extended,0.7
吾人文化,过往,github_v2,0.75
吾人文化,途,github_dataset,0.8
吾人文化,途,github_extended,0.7
吾人文化,途,github_v2,0.75
吾人文化,那首歌,github_dataset,0.8
吾人文化,那首歌,github_extended,0.7
吾人文化,那首歌,github_v2,0.75
吾人文化,阿哥阿妹,github_dataset,0.8
吾人文化,阿哥阿妹,github_extended,0.7
吾人文化,阿哥阿妹,github_v2,0.75
吾人文化,龙门客栈,github_dataset,0.8
吾人文化,龙门客栈,github_extended,0.7
吾人文化,龙门客栈,github_v2,0.75
周杰伦,七里香,lrc_cx,0.9
大囍门,181,github_dataset,0.8
大囍门,181,github_extended,0.7
大囍门,181,github_v2,0.75
大囍门,1:30AM,github_dataset,0.8
大囍门,1:30AM,github_extended,0.7
大囍门,1:30AM,github_v2,0.75
大囍门,Kid(Interlude) - intro,github_dataset,0.8
大囍门,Kid(Interlude) - intro,github_extended,0.7
大囍门,Kid(Interlude) - intro,github_v2,0.75
大囍门,Office Lady,github_dataset,0.8
大囍门,Office Lady,github_extended,0.7
大囍门,Office Lady,github_v2,0.75
大囍门,Rock The Party,github_dataset,0.8
大囍门,Rock The Party,github_extended,0.7
大囍门,Rock The Party,github_v2,0.75
大囍门,School Life,github_dataset,0.8
大囍门,School Life,github_extended,0.7
大囍门,School Life,github_v2,0.75
大囍门,Soul Food,github_dataset,0.8
大囍门,Soul Food,github_extended,0.7
大囍门,Soul Food,github_v2,0.75
大囍门,中国人,github_dataset,0.8
大囍门,中国人,github_extended,0.7
大囍门,中国人,github_v2,0.75
大囍门,大明星,github_dataset,0.8
大囍门,大明星,github_extended,0.7
大囍门,大明星,github_v2,0.75
大囍门,她像,github_dataset,0.8
大囍门,她像,github_extended,0.7
大囍门,她像,github_v2,0.75
大囍门,好时光,github_dataset,0.8
大囍门,好时光,github_extended,0.7
大囍门,好时光,github_v2,0.75
大囍门,帅哥,github_dataset,0.8
大囍门,帅哥,github_extended,0.7
大囍门,帅哥,github_v2,0.75
大囍门,平凡,github_dataset,0.8
大囍门,平凡,github_extended,0.7
大囍门,平凡,github_v2,0.75
大囍门,我爱摇滚,github_dataset,0.8
大囍门,我爱摇滚,github_extended,0.7
大囍门,我爱摇滚,github_v2,0.75
大囍门,我穿NIKE鞋把妹,github_dataset,0.8
大囍门,我穿NIKE鞋把妹,github_extended,0.7
大囍门,我穿NIKE鞋把妹,github_v2,0.75
大囍门,烂人情歌,github_dataset,0.8
大囍门,烂人情歌,github_extended,0.7
大囍门,烂人情歌,github_v2,0.75
大囍门,爱,github_dataset,0.8
大囍门,爱,github_extended,0.7
大囍门,爱,github_v2,0.75
大囍门,电影情节,github_dataset,0.8
大囍门,电影情节,github_extended,0.7
大囍门,电影情节,github_v2,0.75
大囍门,白痴,github_dataset,0.8
大囍门,白痴,github_extended,0.7
大囍门,白痴,github_v2,0.75
大囍门,相信,github_dataset,0.8
大囍门,相信,github_extended,0.7
大囍门,相信,github_v2,0.75
大囍门,管他去死,github_dataset,0.8
大囍门,管他去死,github_extended,0.7
大囍门,管他去死,github_v2,0.75
大囍门,谢谢,github_dataset,0.8
大囍门,谢谢,github_extended,0.7
大囍门,谢谢,github_v2,0.75
大囍门,饶舌歌手,github_dataset,0.8
大囍门,饶舌歌手,github_extended,0.7
大囍门,饶舌歌手,github_v2,0.75
大笑,03,github_dataset,0.8
大笑,03,github_extended,0.7
大笑,03,github_v2,0.75
大笑,Fast food,github_dataset,0.8
大笑,Fast food,github_extended,0.7
大笑,Fast food,github_v2,0.75
大笑,Leave me alone,github_dataset,0.8
大笑,Leave me alone,github_extended,0.7
大笑,Leave me alone,github_v2,0.75
大笑,Street Fighter (Live),github_dataset,0.8
大笑,Street Fighter (Live),github_extended,0.7
大笑,Street Fighter (Live),github_v2,0.75
大笑,与你无关的（feat.大笑）,github_dataset,0.8
大笑,与你无关的（feat.大笑）,github_extended,0.7
大笑,与你无关的（feat.大笑）,github_v2,0.75
大笑,公主,github_dataset,0.8
大笑,公主,github_extended,0.7
大笑,公主,github_v2,0.75
大笑,到我碗里来,github_dataset,0.8
大笑,到我碗里来,github_extended,0.7
大笑,到我碗里来,github_v2,0.75
大笑,失夜1999,github_dataset,0.8
大笑,失夜1999,github_extended,0.7
大笑,失夜1999,github_v2,0.75
大笑,我们不熟,github_dataset,0.8
大笑,我们不熟,github_extended,0.7
大笑,我们不熟,github_v2,0.75
大笑,押韵歌(All-Star Remix),github_dataset,0.8
大笑,押韵歌(All-Star Remix),github_extended,0.7
大笑,押韵歌(All-Star Remix),github_v2,0.75
大笑,紧紧,github_dataset,0.8
大笑,紧紧,github_extended,0.7
大笑,紧紧,github_v2,0.75
大笑,酒瓶座,github_dataset,0.8
大笑,酒瓶座,github_extended,0.7
大笑,酒瓶座,github_v2,0.75
大笑,醒醒,github_dataset,0.8
大笑,醒醒,github_extended,0.7
大笑,醒醒,github_v2,0.75
姜云升,不悔,lrc_cx_ext,0.85
姜云升,亲爱的第,lrc_cx_build,0.88
姜云升,人间不值得,lrc_cx_build,0.88
姜云升,人间不值得,lrc_cx_ext,0.85
姜云升,人间不值得,netease_top,0.85
姜云升,人间清醒,lrc_cx_build,0.88
姜云升,光,lrc_cx_build,0.88
姜云升,别闹,lrc_cx_build,0.88
姜云升,夜,lrc_cx_build,0.88
姜云升,夜空中最亮的星,lrc_cx_ext,0.85
姜云升,天,lrc_cx_build,0.88
姜云升,心,lrc_cx_build,0.88
姜云升,恶作剧,lrc_cx_ext,0.85
姜云升,我本优秀,lrc_cx_build,0.88
姜云升,我本单纯,lrc_cx_build,0.88
姜云升,我本善良,lrc_cx_build,0.88
姜云升,我的时代,lrc_cx_ext,0.85
姜云升,斑马斑马,lrc_cx_ext,0.85
姜云升,春风十里,lrc_cx_ext,0.85
姜云升,春风十里,netease_top,0.85
姜云升,月,lrc_cx_build,0.88
姜云升,梦,lrc_cx_build,0.88
姜云升,没有理想的人不悲伤,lrc_cx_ext,0.85
姜云升,没有理想的人不悲伤,netease_top,0.85
姜云升,没有理由,lrc_cx_build,0.88
姜云升,流浪歌手,lrc_cx_ext,0.85
姜云升,流浪歌手,netease_top,0.85
姜云升,爱,lrc_cx_build,0.88
姜云升,理想三旬,lrc_cx_ext,0.85
姜云升,理想三旬,netease_top,0.85
姜云升,自由魂,lrc_cx_ext,0.85
姜云升,自由魂,netease_top,0.85
姜云升,花,lrc_cx_build,0.88
姜云升,逆光,lrc_cx_ext,0.85
姜云升,雨,lrc_cx_build,0.88
姜云升,风,lrc_cx_build,0.88
孔令奇,BOSS,github_dataset,0.8
孔令奇,BOSS,github_extended,0.7
孔令奇,BOSS,github_v2,0.75
孔令奇,Bring it Back (Live),github_dataset,0.8
孔令奇,Bring it Back (Live),github_extended,0.7
孔令奇,Bring it Back (Live),github_v2,0.75
孔令奇,Don't Stop,github_dataset,0.8
孔令奇,Don't Stop,github_extended,0.7
孔令奇,Don't Stop,github_v2,0.75
孔令奇,Dream Girl,github_dataset,0.8
孔令奇,Dream Girl,github_extended,0.7
孔令奇,Dream Girl,github_v2,0.75
孔令奇,Game Boy,github_dataset,0.8
孔令奇,Game Boy,github_extended,0.7
孔令奇,Game Boy,github_v2,0.75
孔令奇,Go Crazy,github_dataset,0.8
孔令奇,Go Crazy,github_extended,0.7
孔令奇,Go Crazy,github_v2,0.75
孔令奇,I Know,github_dataset,0.8
孔令奇,I Know,github_extended,0.7
孔令奇,I Know,github_v2,0.75
孔令奇,Intro - intro,github_dataset,0.8
孔令奇,Intro - intro,github_extended,0.7
孔令奇,Intro - intro,github_v2,0.75
孔令奇,One,github_dataset,0.8
孔令奇,One,github_extended,0.7
孔令奇,One,github_v2,0.75
孔令奇,Real Life,github_dataset,0.8
孔令奇,Real Life,github_extended,0.7
孔令奇,Real Life,github_v2,0.75
孔令奇,Should I Stay Should I Go,github_dataset,0.8
孔令奇,Should I Stay Should I Go,github_extended,0.7
孔令奇,Should I Stay Should I Go,github_v2,0.75
孔令奇,UP2U,github_dataset,0.8
孔令奇,UP2U,github_extended,0.7
孔令奇,UP2U,github_v2,0.75
孔令奇,We Next (Live),github_dataset,0.8
孔令奇,We Next (Live),github_extended,0.7
孔令奇,We Next (Live),github_v2,0.75
孔令奇,Work Hard,github_dataset,0.8
孔令奇,Work Hard,github_extended,0.7
孔令奇,Work Hard,github_v2,0.75
孔令奇,World Peace,github_dataset,0.8
孔令奇,World Peace,github_extended,0.7
孔令奇,World Peace,github_v2,0.75
孔令奇,上火,github_dataset,0.8
孔令奇,上火,github_extended,0.7
孔令奇,上火,github_v2,0.75
孔令奇,上火2018,github_dataset,0.8
孔令奇,上火2018,github_extended,0.7
孔令奇,上火2018,github_v2,0.75
孔令奇,不关它的事,github_dataset,0.8
孔令奇,不关它的事,github_extended,0.7
孔令奇,不关它的事,github_v2,0.75
孔令奇,不曾离开,github_dataset,0.8
孔令奇,不曾离开,github_extended,0.7
孔令奇,不曾离开,github_v2,0.75
孔令奇,不要再,github_dataset,0.8
孔令奇,不要再,github_extended,0.7
孔令奇,不要再,github_v2,0.75
孔令奇,全世界在跑,github_dataset,0.8
孔令奇,全世界在跑,github_extended,0.7
孔令奇,全世界在跑,github_v2,0.75
孔令奇,别原谅我,github_dataset,0.8
孔令奇,别原谅我,github_extended,0.7
孔令奇,别原谅我,github_v2,0.75
孔令奇,双人漂移,github_dataset,0.8
孔令奇,双人漂移,github_extended,0.7
孔令奇,双人漂移,github_v2,0.75
孔令奇,呜Ouuu,github_dataset,0.8
孔令奇,呜Ouuu,github_extended,0.7
孔令奇,呜Ouuu,github_v2,0.75
孔令奇,哈过头,github_dataset,0.8
孔令奇,哈过头,github_extended,0.7
孔令奇,哈过头,github_v2,0.75
孔令奇,天天这么快乐,github_dataset,0.8
孔令奇,天天这么快乐,github_extended,0.7
孔令奇,天天这么快乐,github_v2,0.75
孔令奇,妖精,github_dataset,0.8
孔令奇,妖精,github_extended,0.7
孔令奇,妖精,github_v2,0.75
孔令奇,妹妹,github_dataset,0.8
孔令奇,妹妹,github_extended,0.7
孔令奇,妹妹,github_v2,0.75
孔令奇,干嘛悲伤,github_dataset,0.8
孔令奇,干嘛悲伤,github_extended,0.7
孔令奇,干嘛悲伤,github_v2,0.75
孔令奇,心里不甜,github_dataset,0.8
孔令奇,心里不甜,github_extended,0.7
孔令奇,心里不甜,github_v2,0.75
孔令奇,心鬼,github_dataset,0.8
孔令奇,心鬼,github_extended,0.7
孔令奇,心鬼,github_v2,0.75
孔令奇,悬浮记忆,github_dataset,0.8
孔令奇,悬浮记忆,github_extended,0.7
孔令奇,悬浮记忆,github_v2,0.75
孔令奇,摆Pose,github_dataset,0.8
孔令奇,摆Pose,github_extended,0.7
孔令奇,摆Pose,github_v2,0.75
孔令奇,新的我旧的我,github_dataset,0.8
孔令奇,新的我旧的我,github_extended,0.7
孔令奇,新的我旧的我,github_v2,0.75
孔令奇,日落之巅 (Running),github_dataset,0.8
孔令奇,日落之巅 (Running),github_extended,0.7
孔令奇,日落之巅 (Running),github_v2,0.75
孔令奇,是你小孩也是你的Man,github_dataset,0.8
孔令奇,是你小孩也是你的Man,github_extended,0.7
孔令奇,是你小孩也是你的Man,github_v2,0.75
孔令奇,暗渡,github_dataset,0.8
孔令奇,暗渡,github_extended,0.7
孔令奇,暗渡,github_v2,0.75
孔令奇,来看你,github_dataset,0.8
孔令奇,来看你,github_extended,0.7
孔令奇,来看你,github_v2,0.75
孔令奇,火不了,github_dataset,0.8
孔令奇,火不了,github_extended,0.7
孔令奇,火不了,github_v2,0.75
孔令奇,爱的就是你,github_dataset,0.8
孔令奇,爱的就是你,github_extended,0.7
孔令奇,爱的就是你,github_v2,0.75
孔令奇,老派恋情,github_dataset,0.8
孔令奇,老派恋情,github_extended,0.7
孔令奇,老派恋情,github_v2,0.75
孔令奇,腮红,github_dataset,0.8
孔令奇,腮红,github_extended,0.7
孔令奇,腮红,github_v2,0.75
孔令奇,醉爱,github_dataset,0.8
孔令奇,醉爱,github_extended,0.7
孔令奇,醉爱,github_v2,0.75
孔令奇,隔壁某某,github_dataset,0.8
孔令奇,隔壁某某,github_extended,0.7
孔令奇,隔壁某某,github_v2,0.75
孔令奇,雨魅娘,github_dataset,0.8
孔令奇,雨魅娘,github_extended,0.7
孔令奇,雨魅娘,github_v2,0.75
孔令奇,音乐让我说话,github_dataset,0.8
孔令奇,音乐让我说话,github_extended,0.7
孔令奇,音乐让我说话,github_v2,0.75
孔令奇,饥饿游戏,github_dataset,0.8
孔令奇,饥饿游戏,github_extended,0.7
孔令奇,饥饿游戏,github_v2,0.75
孔令奇,饥饿游戏 ,github_dataset,0.8
孔令奇,饥饿游戏 ,github_extended,0.7
孔令奇,饥饿游戏 ,github_v2,0.75
孙八一,《PING PING PING》-手机金立M7宣传歌,github_dataset,0.8
孙八一,《PING PING PING》-手机金立M7宣传歌,github_extended,0.7
孙八一,《PING PING PING》-手机金立M7宣传歌,github_v2,0.75
孙八一,《以不凡 敬平凡》-五粮液尖庄酒,github_dataset,0.8
孙八一,《以不凡 敬平凡》-五粮液尖庄酒,github_extended,0.7
孙八一,《以不凡 敬平凡》-五粮液尖庄酒,github_v2,0.75
孙八一,《你，注定不凡》,github_dataset,0.8
孙八一,《你，注定不凡》,github_extended,0.7
孙八一,《你，注定不凡》,github_v2,0.75
孙八一,《你，注定不凡》-五粮液尖庄酒,github_dataset,0.8
孙八一,《你，注定不凡》-五粮液尖庄酒,github_extended,0.7
孙八一,《你，注定不凡》-五粮液尖庄酒,github_v2,0.75
孙八一,《开学歌》-京东3C开学季,github_dataset,0.8
孙八一,《开学歌》-京东3C开学季,github_extended,0.7
孙八一,《开学歌》-京东3C开学季,github_v2,0.75
孙八一,《我的球场》-FIFA online3主题曲,github_dataset,0.8
孙八一,《我的球场》-FIFA online3主题曲,github_extended,0.7
孙八一,《我的球场》-FIFA online3主题曲,github_v2,0.75
孙八一,《球球有嘻哈》-球球大作战手游,github_dataset,0.8
孙八一,《球球有嘻哈》-球球大作战手游,github_extended,0.7
孙八一,《球球有嘻哈》-球球大作战手游,github_v2,0.75
孙八一,《站在风口上》-网络影片同名曲,github_dataset,0.8
孙八一,《站在风口上》-网络影片同名曲,github_extended,0.7
孙八一,《站在风口上》-网络影片同名曲,github_v2,0.75
孙八一,《聚划算-超级闪购日》-聚划算超级闪购日推广曲,github_dataset,0.8
孙八一,《聚划算-超级闪购日》-聚划算超级闪购日推广曲,github_extended,0.7
孙八一,《聚划算-超级闪购日》-聚划算超级闪购日推广曲,github_v2,0.75
孙八一,《记录》--快手APP,github_dataset,0.8
孙八一,《记录》--快手APP,github_extended,0.7
孙八一,《记录》--快手APP,github_v2,0.75
孙八一,《辉煌中国》,github_dataset,0.8
孙八一,《辉煌中国》,github_extended,0.7
孙八一,《辉煌中国》,github_v2,0.75
孙八一,《韧性迈步》-吉列剃须刀,github_dataset,0.8
孙八一,《韧性迈步》-吉列剃须刀,github_extended,0.7
孙八一,《韧性迈步》-吉列剃须刀,github_v2,0.75
孙八一,不归路,github_dataset,0.8
孙八一,不归路,github_extended,0.7
孙八一,不归路,github_v2,0.75
孙八一,不能忘记说唱,github_dataset,0.8
孙八一,不能忘记说唱,github_extended,0.7
孙八一,不能忘记说唱,github_v2,0.75
孙八一,他们,github_dataset,0.8
孙八一,他们,github_extended,0.7
孙八一,他们,github_v2,0.75
孙八一,催哪样嘛,github_dataset,0.8
孙八一,催哪样嘛,github_extended,0.7
孙八一,催哪样嘛,github_v2,0.75
孙八一,到哪点都闯到你,github_dataset,0.8
孙八一,到哪点都闯到你,github_extended,0.7
孙八一,到哪点都闯到你,github_v2,0.75
孙八一,又醉了,github_dataset,0.8
孙八一,又醉了,github_extended,0.7
孙八一,又醉了,github_v2,0.75
孙八一,各位老板好，我叫孙八一,github_dataset,0.8
孙八一,各位老板好，我叫孙八一,github_extended,0.7
孙八一,各位老板好，我叫孙八一,github_v2,0.75
孙八一,唱三国,github_dataset,0.8
孙八一,唱三国,github_extended,0.7
孙八一,唱三国,github_v2,0.75
孙八一,嘿!同学,github_dataset,0.8
孙八一,嘿!同学,github_extended,0.7
孙八一,嘿!同学,github_v2,0.75
孙八一,回家,github_dataset,0.8
孙八一,回家,github_extended,0.7
孙八一,回家,github_v2,0.75
孙八一,城市因为你,github_dataset,0.8
孙八一,城市因为你,github_extended,0.7
孙八一,城市因为你,github_v2,0.75
孙八一,开学歌,github_dataset,0.8
孙八一,开学歌,github_extended,0.7
孙八一,开学歌,github_v2,0.75
孙八一,心急吃不了热豆腐,github_dataset,0.8
孙八一,心急吃不了热豆腐,github_extended,0.7
孙八一,心急吃不了热豆腐,github_v2,0.75
孙八一,快乐的生活就是万家乐,github_dataset,0.8
孙八一,快乐的生活就是万家乐,github_extended,0.7
孙八一,快乐的生活就是万家乐,github_v2,0.75
孙八一,我就是长得丑,github_dataset,0.8
孙八一,我就是长得丑,github_extended,0.7
孙八一,我就是长得丑,github_v2,0.75
孙八一,我没想减肥,github_dataset,0.8
孙八一,我没想减肥,github_extended,0.7
孙八一,我没想减肥,github_v2,0.75
孙八一,我的球场,github_dataset,0.8
孙八一,我的球场,github_extended,0.7
孙八一,我的球场,github_v2,0.75
孙八一,放假,github_dataset,0.8
孙八一,放假,github_extended,0.7
孙八一,放假,github_v2,0.75
孙八一,新年好~财神到,github_dataset,0.8
孙八一,新年好~财神到,github_extended,0.7
孙八一,新年好~财神到,github_v2,0.75
孙八一,爱就别走,github_dataset,0.8
孙八一,爱就别走,github_extended,0.7
孙八一,爱就别走,github_v2,0.75
孙八一,球球有嘻哈,github_dataset,0.8
孙八一,球球有嘻哈,github_extended,0.7
孙八一,球球有嘻哈,github_v2,0.75
孙八一,生命只有一次,github_dataset,0.8
孙八一,生命只有一次,github_extended,0.7
孙八一,生命只有一次,github_v2,0.75
孙八一,生日快乐,github_dataset,0.8
孙八一,生日快乐,github_extended,0.7
孙八一,生日快乐,github_v2,0.75
孙八一,站在风口上,github_dataset,0.8
孙八一,站在风口上,github_extended,0.7
孙八一,站在风口上,github_v2,0.75
孙八一,要来凯里,github_dataset,0.8
孙八一,要来凯里,github_extended,0.7
孙八一,要来凯里,github_v2,0.75
孙八一,要来凯里下,github_dataset,0.8
孙八一,要来凯里下,github_extended,0.7
孙八一,要来凯里下,github_v2,0.75
孙八一,要讲凯里话,github_dataset,0.8
孙八一,要讲凯里话,github_extended,0.7
孙八一,要讲凯里话,github_v2,0.75
孙八一,记录,github_dataset,0.8
孙八一,记录,github_extended,0.7
孙八一,记录,github_v2,0.75
孙八一,请别伤害它,github_dataset,0.8
孙八一,请别伤害它,github_extended,0.7
孙八一,请别伤害它,github_v2,0.75
孙八一,还钱,github_dataset,0.8
孙八一,还钱,github_extended,0.7
孙八一,还钱,github_v2,0.75
孙八一,遗失的朋友,github_dataset,0.8
孙八一,遗失的朋友,github_extended,0.7
孙八一,遗失的朋友,github_v2,0.75
孙八一,那个年代,github_dataset,0.8
孙八一,那个年代,github_extended,0.7
孙八一,那个年代,github_v2,0.75
孙八一,酒醒之前,github_dataset,0.8
孙八一,酒醒之前,github_extended,0.7
孙八一,酒醒之前,github_v2,0.75
孙八一,酒醒之后,github_dataset,0.8
孙八一,酒醒之后,github_extended,0.7
孙八一,酒醒之后,github_v2,0.75
孙八一,阿里巴巴,github_dataset,0.8
孙八一,阿里巴巴,github_extended,0.7
孙八一,阿里巴巴,github_v2,0.75
孙旸,中国有说唱,lrc_cx_build,0.88
孙旸,亚洲新声,lrc_cx_build,0.88
孙旸,光,lrc_cx_build,0.88
孙旸,夜,lrc_cx_build,0.88
孙旸,大娱乐家,lrc_cx_ext,0.85
孙旸,大娱乐家 (Remix),lrc_cx_ext,0.85
孙旸,天,lrc_cx_build,0.88
孙旸,孙旸,lrc_cx_ext,0.85
孙旸,孙旸,netease_top,0.85
孙旸,孙旸 (Remix),lrc_cx_ext,0.85
孙旸,心,lrc_cx_build,0.88
孙旸,我们,lrc_cx_build,0.88
孙旸,新说唱,lrc_cx_build,0.88
孙旸,月,lrc_cx_build,0.88
孙旸,梦,lrc_cx_build,0.88
孙旸,爱,lrc_cx_build,0.88
孙旸,花,lrc_cx_build,0.88
孙旸,要 bigger,lrc_cx_ext,0.85
孙旸,要 bigger (Remix),lrc_cx_ext,0.85
孙旸,说唱听我的,lrc_cx_build,0.88
孙旸,说唱听我的 第二季,lrc_cx_build,0.88
孙旸,说唱新世代,lrc_cx_build,0.88
孙旸,说唱新世代 第二季,lrc_cx_build,0.88
孙旸,说唱新世代 第四季,lrc_cx_build,0.88
孙旸,说唱梦工厂,lrc_cx_build,0.88
孙旸,雨,lrc_cx_build,0.88
孙旸,风,lrc_cx_build,0.88
安全着陆,FreeNight Freestyle (Bonus Track),github_dataset,0.8
安全着陆,FreeNight Freestyle (Bonus Track),github_extended,0.7
安全着陆,FreeNight Freestyle (Bonus Track),github_v2,0.75
安全着陆,Gucci Girl,github_dataset,0.8
安全着陆,Gucci Girl,github_extended,0.7
安全着陆,Gucci Girl,github_v2,0.75
安全着陆,No Doubt,github_dataset,0.8
安全着陆,No Doubt,github_extended,0.7
安全着陆,No Doubt,github_v2,0.75
安全着陆,RE Activated,github_dataset,0.8
安全着陆,RE Activated,github_extended,0.7
安全着陆,RE Activated,github_v2,0.75
安全着陆,Robaholic在西港 (Outro),github_dataset,0.8
安全着陆,Robaholic在西港 (Outro),github_extended,0.7
安全着陆,Robaholic在西港 (Outro),github_v2,0.75
安全着陆,S.A.F.E. (Safe House),github_dataset,0.8
安全着陆,S.A.F.E. (Safe House),github_extended,0.7
安全着陆,S.A.F.E. (Safe House),github_v2,0.75
安全着陆,WOW,github_dataset,0.8
安全着陆,WOW,github_extended,0.7
安全着陆,WOW,github_v2,0.75
安全着陆,三分钟独步武林,github_dataset,0.8
安全着陆,三分钟独步武林,github_extended,0.7
安全着陆,三分钟独步武林,github_v2,0.75
安全着陆,不醒,github_dataset,0.8
安全着陆,不醒,github_extended,0.7
安全着陆,不醒,github_v2,0.75
安全着陆,个人简介,github_dataset,0.8
安全着陆,个人简介,github_extended,0.7
安全着陆,个人简介,github_v2,0.75
安全着陆,个人简介 Pt.2,github_dataset,0.8
安全着陆,个人简介 Pt.2,github_extended,0.7
安全着陆,个人简介 Pt.2,github_v2,0.75
安全着陆,乘客须知,github_dataset,0.8
安全着陆,乘客须知,github_extended,0.7
安全着陆,乘客须知,github_v2,0.75
安全着陆,二人赚,github_dataset,0.8
安全着陆,二人赚,github_extended,0.7
安全着陆,二人赚,github_v2,0.75
安全着陆,你混得怎么样 (The Ghetto Anthem),github_dataset,0.8
安全着陆,你混得怎么样 (The Ghetto Anthem),github_extended,0.7
安全着陆,你混得怎么样 (The Ghetto Anthem),github_v2,0.75
安全着陆,假如子弹换成糖果,github_dataset,0.8
安全着陆,假如子弹换成糖果,github_extended,0.7
安全着陆,假如子弹换成糖果,github_v2,0.75
安全着陆,再见 牛仔,github_dataset,0.8
安全着陆,再见 牛仔,github_extended,0.7
安全着陆,再见 牛仔,github_v2,0.75
安全着陆,冬日战士,github_dataset,0.8
安全着陆,冬日战士,github_extended,0.7
安全着陆,冬日战士,github_v2,0.75
安全着陆,别动我的G-Shock,github_dataset,0.8
安全着陆,别动我的G-Shock,github_extended,0.7
安全着陆,别动我的G-Shock,github_v2,0.75
安全着陆,即将在夜幕下对你诉说,github_dataset,0.8
安全着陆,即将在夜幕下对你诉说,github_extended,0.7
安全着陆,即将在夜幕下对你诉说,github_v2,0.75
安全着陆,卸妆后的夜晚,github_dataset,0.8
安全着陆,卸妆后的夜晚,github_extended,0.7
安全着陆,卸妆后的夜晚,github_v2,0.75
安全着陆,听得见,github_dataset,0.8
安全着陆,听得见,github_extended,0.7
安全着陆,听得见,github_v2,0.75
安全着陆,四重奏,github_dataset,0.8
安全着陆,四重奏,github_extended,0.7
安全着陆,四重奏,github_v2,0.75
安全着陆,声声慢,github_dataset,0.8
安全着陆,声声慢,github_extended,0.7
安全着陆,声声慢,github_v2,0.75
安全着陆,夜游症,github_dataset,0.8
安全着陆,夜游症,github_extended,0.7
安全着陆,夜游症,github_v2,0.75
安全着陆,失夜1999,github_dataset,0.8
安全着陆,失夜1999,github_extended,0.7
安全着陆,失夜1999,github_v2,0.75
安全着陆,安全着陆,github_dataset,0.8
安全着陆,安全着陆,github_extended,0.7
安全着陆,安全着陆,github_v2,0.75
安全着陆,宫城良田,github_dataset,0.8
安全着陆,宫城良田,github_extended,0.7
安全着陆,宫城良田,github_v2,0.75
安全着陆,我欲乘风,github_dataset,0.8
安全着陆,我欲乘风,github_extended,0.7
安全着陆,我欲乘风,github_v2,0.75
安全着陆,我欲乘风 (Remix),github_dataset,0.8
安全着陆,我欲乘风 (Remix),github_extended,0.7
安全着陆,我欲乘风 (Remix),github_v2,0.75
安全着陆,日常修仙,github_dataset,0.8
安全着陆,日常修仙,github_extended,0.7
安全着陆,日常修仙,github_v2,0.75
安全着陆,时间杀人事件,github_dataset,0.8
安全着陆,时间杀人事件,github_extended,0.7
安全着陆,时间杀人事件,github_v2,0.75
安全着陆,模特儿,github_dataset,0.8
安全着陆,模特儿,github_extended,0.7
安全着陆,模特儿,github_v2,0.75
安全着陆,气流,github_dataset,0.8
安全着陆,气流,github_extended,0.7
安全着陆,气流,github_v2,0.75
安全着陆,海鸥食堂,github_dataset,0.8
安全着陆,海鸥食堂,github_extended,0.7
安全着陆,海鸥食堂,github_v2,0.75
安全着陆,痞子诗,github_dataset,0.8
安全着陆,痞子诗,github_extended,0.7
安全着陆,痞子诗,github_v2,0.75
安全着陆,登机口,github_dataset,0.8
安全着陆,登机口,github_extended,0.7
安全着陆,登机口,github_v2,0.75
安全着陆,社交黑名单申请书,github_dataset,0.8
安全着陆,社交黑名单申请书,github_extended,0.7
安全着陆,社交黑名单申请书,github_v2,0.75
安全着陆,祝您用餐愉快,github_dataset,0.8
安全着陆,祝您用餐愉快,github_extended,0.7
安全着陆,祝您用餐愉快,github_v2,0.75
安全着陆,粉色苏打,github_dataset,0.8
安全着陆,粉色苏打,github_extended,0.7
安全着陆,粉色苏打,github_v2,0.75
安全着陆,老弟和你,github_dataset,0.8
安全着陆,老弟和你,github_extended,0.7
安全着陆,老弟和你,github_v2,0.75
安全着陆,脱口秀,github_dataset,0.8
安全着陆,脱口秀,github_extended,0.7
安全着陆,脱口秀,github_v2,0.75
安全着陆,自救手册,github_dataset,0.8
安全着陆,自救手册,github_extended,0.7
安全着陆,自救手册,github_v2,0.75
安全着陆,航班取消出口,github_dataset,0.8
安全着陆,航班取消出口,github_extended,0.7
安全着陆,航班取消出口,github_v2,0.75
安全着陆,行路难,github_dataset,0.8
安全着陆,行路难,github_extended,0.7
安全着陆,行路难,github_v2,0.75
安全着陆,西港小夜曲,github_dataset,0.8
安全着陆,西港小夜曲,github_extended,0.7
安全着陆,西港小夜曲,github_v2,0.75
安全着陆,赶路,github_dataset,0.8
安全着陆,赶路,github_extended,0.7
安全着陆,赶路,github_v2,0.75
安全着陆,转机吸烟室内,github_dataset,0.8
安全着陆,转机吸烟室内,github_extended,0.7
安全着陆,转机吸烟室内,github_v2,0.75
安全着陆,需要保密的情话,github_dataset,0.8
安全着陆,需要保密的情话,github_extended,0.7
安全着陆,需要保密的情话,github_v2,0.75
宋岳庭,Daydream,github_dataset,0.8
宋岳庭,Daydream,github_extended,0.7
宋岳庭,Daydream,github_v2,0.75
宋岳庭,I Can't Sleep To Night,github_dataset,0.8
宋岳庭,I Can't Sleep To Night,github_extended,0.7
宋岳庭,I Can't Sleep To Night,github_v2,0.75
宋岳庭,I Love Hiphop,github_dataset,0.8
宋岳庭,I Love Hiphop,github_extended,0.7
宋岳庭,I Love Hiphop,github_v2,0.75
宋岳庭,Intro,github_dataset,0.8
宋岳庭,Intro,github_extended,0.7
宋岳庭,Intro,github_v2,0.75
宋岳庭,Lately,github_dataset,0.8
宋岳庭,Lately,github_extended,0.7
宋岳庭,Lately,github_v2,0.75
宋岳庭,Life's A Struggle,github_dataset,0.8
宋岳庭,Life's A Struggle,github_extended,0.7
宋岳庭,Life's A Struggle,github_v2,0.75
宋岳庭,Live From L.A,github_dataset,0.8
宋岳庭,Live From L.A,github_extended,0.7
宋岳庭,Live From L.A,github_v2,0.75
宋岳庭,Love Song,github_dataset,0.8
宋岳庭,Love Song,github_extended,0.7
宋岳庭,Love Song,github_v2,0.75
宋岳庭,"Taiwan Pop Sucks,2000",github_dataset,0.8
宋岳庭,"Taiwan Pop Sucks,2000",github_extended,0.7
宋岳庭,"Taiwan Pop Sucks,2000",github_v2,0.75
宋岳庭,Trigger Effect,github_dataset,0.8
宋岳庭,Trigger Effect,github_extended,0.7
宋岳庭,Trigger Effect,github_v2,0.75
宋岳庭,上帝为何要这样,github_dataset,0.8
宋岳庭,上帝为何要这样,github_extended,0.7
宋岳庭,上帝为何要这样,github_v2,0.75
宋岳庭,为什么，My Love,github_dataset,0.8
宋岳庭,为什么，My Love,github_extended,0.7
宋岳庭,为什么，My Love,github_v2,0.75
宋岳庭,为何我,github_dataset,0.8
宋岳庭,为何我,github_extended,0.7
宋岳庭,为何我,github_v2,0.75
宋岳庭,太阳照在你脸上,github_dataset,0.8
宋岳庭,太阳照在你脸上,github_extended,0.7
宋岳庭,太阳照在你脸上,github_v2,0.75
宋岳庭,好无聊,github_dataset,0.8
宋岳庭,好无聊,github_extended,0.7
宋岳庭,好无聊,github_v2,0.75
宋岳庭,怎么办,github_dataset,0.8
宋岳庭,怎么办,github_extended,0.7
宋岳庭,怎么办,github_v2,0.75
宋岳庭,放弃他吧,github_dataset,0.8
宋岳庭,放弃他吧,github_extended,0.7
宋岳庭,放弃他吧,github_v2,0.75
宋岳庭,让我自己飞,github_dataset,0.8
宋岳庭,让我自己飞,github_extended,0.7
宋岳庭,让我自己飞,github_v2,0.75
寿君超Keyso,80后(2010版重制),github_dataset,0.8
寿君超Keyso,80后(2010版重制),github_extended,0.7
寿君超Keyso,80后(2010版重制),github_v2,0.75
寿君超Keyso,Don't be scared,github_dataset,0.8
寿君超Keyso,Don't be scared,github_extended,0.7
寿君超Keyso,Don't be scared,github_v2,0.75
寿君超Keyso,Eminem-lucky you（法老 Remix）,github_dataset,0.8
寿君超Keyso,Eminem-lucky you（法老 Remix）,github_extended,0.7
寿君超Keyso,Eminem-lucky you（法老 Remix）,github_v2,0.75
寿君超Keyso,Get in the game,github_dataset,0.8
寿君超Keyso,Get in the game,github_extended,0.7
寿君超Keyso,Get in the game,github_v2,0.75
寿君超Keyso,I'm back,github_dataset,0.8
寿君超Keyso,I'm back,github_extended,0.7
寿君超Keyso,I'm back,github_v2,0.75
寿君超Keyso,I'm Back,github_dataset,0.8
寿君超Keyso,I'm Back,github_extended,0.7
寿君超Keyso,I'm Back,github_v2,0.75
寿君超Keyso,I’m Back (Live),github_dataset,0.8
寿君超Keyso,I’m Back (Live),github_extended,0.7
寿君超Keyso,I’m Back (Live),github_v2,0.75
寿君超Keyso,We love money,github_dataset,0.8
寿君超Keyso,We love money,github_extended,0.7
寿君超Keyso,We love money,github_v2,0.75
寿君超Keyso,《藥》,github_dataset,0.8
寿君超Keyso,《藥》,github_extended,0.7
寿君超Keyso,《藥》,github_v2,0.75
寿君超Keyso,一人饮酒醉NEVER,github_dataset,0.8
寿君超Keyso,一人饮酒醉NEVER,github_extended,0.7
寿君超Keyso,一人饮酒醉NEVER,github_v2,0.75
寿君超Keyso,上(SHANG)2019,github_dataset,0.8
寿君超Keyso,上(SHANG)2019,github_extended,0.7
寿君超Keyso,上(SHANG)2019,github_v2,0.75
寿君超Keyso,上海爱情故事2019,github_dataset,0.8
寿君超Keyso,上海爱情故事2019,github_extended,0.7
寿君超Keyso,上海爱情故事2019,github_v2,0.75
寿君超Keyso,不错过,github_dataset,0.8
寿君超Keyso,不错过,github_extended,0.7
寿君超Keyso,不错过,github_v2,0.75
寿君超Keyso,功夫英雄,github_dataset,0.8
寿君超Keyso,功夫英雄,github_extended,0.7
寿君超Keyso,功夫英雄,github_v2,0.75
寿君超Keyso,原谅我吧,github_dataset,0.8
寿君超Keyso,原谅我吧,github_extended,0.7
寿君超Keyso,原谅我吧,github_v2,0.75
寿君超Keyso,外婆,github_dataset,0.8
寿君超Keyso,外婆,github_extended,0.7
寿君超Keyso,外婆,github_v2,0.75
寿君超Keyso,希望你的生活真的可以活的像你发的朋友圈,github_dataset,0.8
寿君超Keyso,希望你的生活真的可以活的像你发的朋友圈,github_extended,0.7
寿君超Keyso,希望你的生活真的可以活的像你发的朋友圈,github_v2,0.75
寿君超Keyso,撩菜(2009版重制),github_dataset,0.8
寿君超Keyso,撩菜(2009版重制),github_extended,0.7
寿君超Keyso,撩菜(2009版重制),github_v2,0.75
寿君超Keyso,星光,github_dataset,0.8
寿君超Keyso,星光,github_extended,0.7
寿君超Keyso,星光,github_v2,0.75
寿君超Keyso,暖洋洋的圣诞节,github_dataset,0.8
寿君超Keyso,暖洋洋的圣诞节,github_extended,0.7
寿君超Keyso,暖洋洋的圣诞节,github_v2,0.75
寿君超Keyso,有个我爱过你(2008版重制),github_dataset,0.8
寿君超Keyso,有个我爱过你(2008版重制),github_extended,0.7
寿君超Keyso,有个我爱过你(2008版重制),github_v2,0.75
寿君超Keyso,童年,github_dataset,0.8
寿君超Keyso,童年,github_extended,0.7
寿君超Keyso,童年,github_v2,0.75
小热狗,大热狗,lrc_cx_build,0.88
小热狗,小热狗,lrc_cx_build,0.88
小热狗,热狗之歌,lrc_cx_build,0.88
小热狗,热狗哭,lrc_cx_build,0.88
小热狗,热狗影,lrc_cx_build,0.88
小热狗,热狗梦,lrc_cx_build,0.88
小热狗,热狗热狗,lrc_cx_build,0.88
小热狗,热狗笑,lrc_cx_build,0.88
小热狗,热狗舞,lrc_cx_build,0.88
小热狗,热狗魂,lrc_cx_build,0.88
小狮子,大狮,lrc_cx_build,0.88
小狮子,大狮子,lrc_cx_build,0.88
小狮子,大虎,lrc_cx_build,0.88
小狮子,小狮,lrc_cx_build,0.88
小狮子,小狮子,lrc_cx_build,0.88
小狮子,小虎,lrc_cx_build,0.88
小狮子,小象,lrc_cx_build,0.88
小狮子,狮子,lrc_cx_build,0.88
小狮子,狮狮,lrc_cx_build,0.88
小狮子,虎虎,lrc_cx_build,0.88
小精灵,仙仙,lrc_cx_build,0.88
小精灵,大仙,lrc_cx_build,0.88
小精灵,大娱乐家,lrc_cx_ext,0.85
小精灵,大娱乐家 (Remix),lrc_cx_ext,0.85
小精灵,大精灵,lrc_cx_build,0.88
小精灵,大魔,lrc_cx_build,0.88
小精灵,小仙,lrc_cx_build,0.88
小精灵,小怪,lrc_cx_build,0.88
小精灵,小精灵,lrc_cx_build,0.88
小精灵,小魔,lrc_cx_build,0.88
小精灵,我想,lrc_cx_ext,0.85
小精灵,我想,netease_top,0.85
小精灵,我想 (Remix),lrc_cx_ext,0.85
小精灵,精灵,lrc_cx_build,0.88
小精灵,要 bigger,lrc_cx_ext,0.85
小精灵,要 bigger (Remix),lrc_cx_ext,0.85
小精灵,魔魔,lrc_cx_build,0.88
小老虎,Berlin wall / a song for myself,github_dataset,0.8
小老虎,Berlin wall / a song for myself,github_extended,0.7
小老虎,Berlin wall / a song for myself,github_v2,0.75
小老虎,CLOSE UR EYES,github_dataset,0.8
小老虎,CLOSE UR EYES,github_extended,0.7
小老虎,CLOSE UR EYES,github_v2,0.75
小老虎,Close Ur Eyes,github_dataset,0.8
小老虎,Close Ur Eyes,github_extended,0.7
小老虎,Close Ur Eyes,github_v2,0.75
小老虎,Dojo Shaolin / 老郑 - Close Ur Eyes Remix（Dojo Shaolin / 老郑 / A-Mac / 龍胆紫/PurpleSoul / 王泓漓 / 小老虎 / Nasty Ray remix）,github_dataset,0.8
小老虎,Dojo Shaolin / 老郑 - Close Ur Eyes Remix（Dojo Shaolin / 老郑 / A-Mac / 龍胆紫/PurpleSoul / 王泓漓 / 小老虎 / Nasty Ray remix）,github_extended,0.7
小老虎,Dojo Shaolin / 老郑 - Close Ur Eyes Remix（Dojo Shaolin / 老郑 / A-Mac / 龍胆紫/PurpleSoul / 王泓漓 / 小老虎 / Nasty Ray remix）,github_v2,0.75
小老虎,一个押韵压死一百个傻瓜,github_dataset,0.8
小老虎,一个押韵压死一百个傻瓜,github_extended,0.7
小老虎,一个押韵压死一百个傻瓜,github_v2,0.75
小老虎,万物标价格,github_dataset,0.8
小老虎,万物标价格,github_extended,0.7
小老虎,万物标价格,github_v2,0.75
小老虎,为什么要报警,github_dataset,0.8
小老虎,为什么要报警,github_extended,0.7
小老虎,为什么要报警,github_v2,0.75
小老虎,为你出生入死九十九次,github_dataset,0.8
小老虎,为你出生入死九十九次,github_extended,0.7
小老虎,为你出生入死九十九次,github_v2,0.75
小老虎,他在打水漂吗?,github_dataset,0.8
小老虎,他在打水漂吗?,github_extended,0.7
小老虎,他在打水漂吗?,github_v2,0.75
小老虎,伤心者,github_dataset,0.8
小老虎,伤心者,github_extended,0.7
小老虎,伤心者,github_v2,0.75
小老虎,"先生, 请你系好安全带",github_dataset,0.8
小老虎,"先生, 请你系好安全带",github_extended,0.7
小老虎,"先生, 请你系好安全带",github_v2,0.75
小老虎,吞噬我 (Fatkit 春娇和志明Remix),github_dataset,0.8
小老虎,吞噬我 (Fatkit 春娇和志明Remix),github_extended,0.7
小老虎,吞噬我 (Fatkit 春娇和志明Remix),github_v2,0.75
小老虎,回到东单主题曲,github_dataset,0.8
小老虎,回到东单主题曲,github_extended,0.7
小老虎,回到东单主题曲,github_v2,0.75
小老虎,圣地骨骼 (Freestyle) Produced by Artie Green,github_dataset,0.8
小老虎,圣地骨骼 (Freestyle) Produced by Artie Green,github_extended,0.7
小老虎,圣地骨骼 (Freestyle) Produced by Artie Green,github_v2,0.75
小老虎,在我忧愁里,github_dataset,0.8
小老虎,在我忧愁里,github_extended,0.7
小老虎,在我忧愁里,github_v2,0.75
小老虎,多想和你一起回到磁带里,github_dataset,0.8
小老虎,多想和你一起回到磁带里,github_extended,0.7
小老虎,多想和你一起回到磁带里,github_v2,0.75
小老虎,大狮,lrc_cx_build,0.88
小老虎,大老虎,lrc_cx_build,0.88
小老虎,大虎,lrc_cx_build,0.88
小老虎,她在光里笑,github_dataset,0.8
小老虎,她在光里笑,github_extended,0.7
小老虎,她在光里笑,github_v2,0.75
小老虎,小狮,lrc_cx_build,0.88
小老虎,小老虎,lrc_cx_build,0.88
小老虎,小虎,lrc_cx_build,0.88
小老虎,小象,lrc_cx_build,0.88
小老虎,当一个北京人爱你,github_dataset,0.8
小老虎,当一个北京人爱你,github_extended,0.7
小老虎,当一个北京人爱你,github_v2,0.75
小老虎,我曾拥有老虎的影子,github_dataset,0.8
小老虎,我曾拥有老虎的影子,github_extended,0.7
小老虎,我曾拥有老虎的影子,github_v2,0.75
小老虎,我爷爷的爷爷的爷爷的船,github_dataset,0.8
小老虎,我爷爷的爷爷的爷爷的船,github_extended,0.7
小老虎,我爷爷的爷爷的爷爷的船,github_v2,0.75
小老虎,我的宝贝她不在乎,github_dataset,0.8
小老虎,我的宝贝她不在乎,github_extended,0.7
小老虎,我的宝贝她不在乎,github_v2,0.75
小老虎,打碎窗户又见老虎,github_dataset,0.8
小老虎,打碎窗户又见老虎,github_extended,0.7
小老虎,打碎窗户又见老虎,github_v2,0.75
小老虎,抱抱我，音乐,github_dataset,0.8
小老虎,抱抱我，音乐,github_extended,0.7
小老虎,抱抱我，音乐,github_v2,0.75
小老虎,无中生有,github_dataset,0.8
小老虎,无中生有,github_extended,0.7
小老虎,无中生有,github_v2,0.75
小老虎,无人喝彩,github_dataset,0.8
小老虎,无人喝彩,github_extended,0.7
小老虎,无人喝彩,github_v2,0.75
小老虎,昆虫不懂哺乳动物的愁,github_dataset,0.8
小老虎,昆虫不懂哺乳动物的愁,github_extended,0.7
小老虎,昆虫不懂哺乳动物的愁,github_v2,0.75
小老虎,月色撩人的早上,github_dataset,0.8
小老虎,月色撩人的早上,github_extended,0.7
小老虎,月色撩人的早上,github_v2,0.75
小老虎,每当我用词不当,github_dataset,0.8
小老虎,每当我用词不当,github_extended,0.7
小老虎,每当我用词不当,github_v2,0.75
小老虎,淡水路最后的探戈,github_dataset,0.8
小老虎,淡水路最后的探戈,github_extended,0.7
小老虎,淡水路最后的探戈,github_v2,0.75
小老虎,火把,github_dataset,0.8
小老虎,火把,github_extended,0.7
小老虎,火把,github_v2,0.75
小老虎,灵魂效应,github_dataset,0.8
小老虎,灵魂效应,github_extended,0.7
小老虎,灵魂效应,github_v2,0.75
小老虎,燃烧 Written_Sang_Produced by ChaCha,github_dataset,0.8
小老虎,燃烧 Written_Sang_Produced by ChaCha,github_extended,0.7
小老虎,燃烧 Written_Sang_Produced by ChaCha,github_v2,0.75
小老虎,狮狮,lrc_cx_build,0.88
小老虎,用一把勺子，吃完爱,github_dataset,0.8
小老虎,用一把勺子，吃完爱,github_extended,0.7
小老虎,用一把勺子，吃完爱,github_v2,0.75
小老虎,碰上了我的嘴,github_dataset,0.8
小老虎,碰上了我的嘴,github_extended,0.7
小老虎,碰上了我的嘴,github_v2,0.75
小老虎,老虎,lrc_cx_build,0.88
小老虎,脚踏飞鸟让春天尖叫,github_dataset,0.8
小老虎,脚踏飞鸟让春天尖叫,github_extended,0.7
小老虎,脚踏飞鸟让春天尖叫,github_v2,0.75
小老虎,苍山雾隐,github_dataset,0.8
小老虎,苍山雾隐,github_extended,0.7
小老虎,苍山雾隐,github_v2,0.75
小老虎,苍穹 (小老虎 Remix),github_dataset,0.8
小老虎,苍穹 (小老虎 Remix),github_extended,0.7
小老虎,苍穹 (小老虎 Remix),github_v2,0.75
小老虎,虎虎,lrc_cx_build,0.88
小老虎,街头到街头,github_dataset,0.8
小老虎,街头到街头,github_extended,0.7
小老虎,街头到街头,github_v2,0.75
小老虎,街篮,github_dataset,0.8
小老虎,街篮,github_extended,0.7
小老虎,街篮,github_v2,0.75
小老虎,说唱艺术,github_dataset,0.8
小老虎,说唱艺术,github_extended,0.7
小老虎,说唱艺术,github_v2,0.75
小老虎,谷歌没我懂你的寂寞,github_dataset,0.8
小老虎,谷歌没我懂你的寂寞,github_extended,0.7
小老虎,谷歌没我懂你的寂寞,github_v2,0.75
小老虎,豹捉雨 Puma,github_dataset,0.8
小老虎,豹捉雨 Puma,github_extended,0.7
小老虎,豹捉雨 Puma,github_v2,0.75
小老虎,身体上的故事,github_dataset,0.8
小老虎,身体上的故事,github_extended,0.7
小老虎,身体上的故事,github_v2,0.75
小老虎,通宵酒,github_dataset,0.8
小老虎,通宵酒,github_extended,0.7
小老虎,通宵酒,github_v2,0.75
小老虎,闷得儿蜜,github_dataset,0.8
小老虎,闷得儿蜜,github_extended,0.7
小老虎,闷得儿蜜,github_v2,0.75
小老虎,风和日丽大傻逼,github_dataset,0.8
小老虎,风和日丽大傻逼,github_extended,0.7
小老虎,风和日丽大傻逼,github_v2,0.75
小老虎,飞盘,github_dataset,0.8
小老虎,飞盘,github_extended,0.7
小老虎,飞盘,github_v2,0.75
小老虎,马应龙不吹牛逼,github_dataset,0.8
小老虎,马应龙不吹牛逼,github_extended,0.7
小老虎,马应龙不吹牛逼,github_v2,0.75
小老虎,龙涎香,github_dataset,0.8
小老虎,龙涎香,github_extended,0.7
小老虎,龙涎香,github_v2,0.75
小象,大象,lrc_cx_build,0.88
小象,大象象,lrc_cx_build,0.88
小象,大象鼻,lrc_cx_build,0.88
小象,小象,lrc_cx_build,0.88
小象,小象腿,lrc_cx_build,0.88
小象,小象象,lrc_cx_build,0.88
小象,小象鼻,lrc_cx_build,0.88
小象,象,lrc_cx_build,0.88
小象,象象,lrc_cx_build,0.88
小象,象鼻象,lrc_cx_build,0.88
小青龙,Call Me,github_dataset,0.8
小青龙,Call Me,github_extended,0.7
小青龙,Call Me,github_v2,0.75
小青龙,DO NUH RUSH (Live),github_dataset,0.8
小青龙,DO NUH RUSH (Live),github_extended,0.7
小青龙,DO NUH RUSH (Live),github_v2,0.75
小青龙,I'm OK,github_dataset,0.8
小青龙,I'm OK,github_extended,0.7
小青龙,I'm OK,github_v2,0.75
小青龙,I’m Back (Live),github_dataset,0.8
小青龙,I’m Back (Live),github_extended,0.7
小青龙,I’m Back (Live),github_v2,0.75
小青龙,Sexy Lady,github_dataset,0.8
小青龙,Sexy Lady,github_extended,0.7
小青龙,Sexy Lady,github_v2,0.75
小青龙,Sun (live),github_dataset,0.8
小青龙,Sun (live),github_extended,0.7
小青龙,Sun (live),github_v2,0.75
小青龙,TIME,github_dataset,0.8
小青龙,TIME,github_extended,0.7
小青龙,TIME,github_v2,0.75
小青龙,TIME（Cover：小青龙）,github_dataset,0.8
小青龙,TIME（Cover：小青龙）,github_extended,0.7
小青龙,TIME（Cover：小青龙）,github_v2,0.75
小青龙,Time (St.K4N3 &amp; 王晓夫 Remix),github_dataset,0.8
小青龙,Time (St.K4N3 &amp; 王晓夫 Remix),github_extended,0.7
小青龙,Time (St.K4N3 &amp; 王晓夫 Remix),github_v2,0.75
小青龙,Time(Remix),github_dataset,0.8
小青龙,Time(Remix),github_extended,0.7
小青龙,Time(Remix),github_v2,0.75
小青龙,Time（Vegeta Remix）,github_dataset,0.8
小青龙,Time（Vegeta Remix）,github_extended,0.7
小青龙,Time（Vegeta Remix）,github_v2,0.75
小青龙,Time（Zewin Remix）,github_dataset,0.8
小青龙,Time（Zewin Remix）,github_extended,0.7
小青龙,Time（Zewin Remix）,github_v2,0.75
小青龙,《记录》--快手APP,github_dataset,0.8
小青龙,《记录》--快手APP,github_extended,0.7
小青龙,《记录》--快手APP,github_v2,0.75
小青龙,中国新工作,github_dataset,0.8
小青龙,中国新工作,github_extended,0.7
小青龙,中国新工作,github_v2,0.75
小青龙,中国新说唱EP11 Rap01,github_dataset,0.8
小青龙,中国新说唱EP11 Rap01,github_extended,0.7
小青龙,中国新说唱EP11 Rap01,github_v2,0.75
小青龙,为梦而战,github_dataset,0.8
小青龙,为梦而战,github_extended,0.7
小青龙,为梦而战,github_v2,0.75
小青龙,塑料袋 (嘻哈版),github_dataset,0.8
小青龙,塑料袋 (嘻哈版),github_extended,0.7
小青龙,塑料袋 (嘻哈版),github_v2,0.75
小青龙,大青龙,lrc_cx_build,0.88
小青龙,妹妹,github_dataset,0.8
小青龙,妹妹,github_extended,0.7
小青龙,妹妹,github_v2,0.75
小青龙,小青龙,lrc_cx_build,0.88
小青龙,小青龙-Sun (伴奏版)（跳跳虎Tanvik/小青龙 Remix）,github_dataset,0.8
小青龙,小青龙-Sun (伴奏版)（跳跳虎Tanvik/小青龙 Remix）,github_extended,0.7
小青龙,小青龙-Sun (伴奏版)（跳跳虎Tanvik/小青龙 Remix）,github_v2,0.75
小青龙,小青龙-sun（人声版）（跳跳虎Tanvik/小青龙 Remix）,github_dataset,0.8
小青龙,小青龙-sun（人声版）（跳跳虎Tanvik/小青龙 Remix）,github_extended,0.7
小青龙,小青龙-sun（人声版）（跳跳虎Tanvik/小青龙 Remix）,github_v2,0.75
小青龙,甩脑壳,github_dataset,0.8
小青龙,甩脑壳,github_extended,0.7
小青龙,甩脑壳,github_v2,0.75
小青龙,让不好玩的都爆炸,github_dataset,0.8
小青龙,让不好玩的都爆炸,github_extended,0.7
小青龙,让不好玩的都爆炸,github_v2,0.75
小青龙,记录,github_dataset,0.8
小青龙,记录,github_extended,0.7
小青龙,记录,github_v2,0.75
小青龙,野,github_dataset,0.8
小青龙,野,github_extended,0.7
小青龙,野,github_v2,0.75
小青龙,青龙偃月,lrc_cx_build,0.88
小青龙,青龙偃月刀,lrc_cx_build,0.88
小青龙,青龙吟,lrc_cx_build,0.88
小青龙,青龙啸,lrc_cx_build,0.88
小青龙,青龙影,lrc_cx_build,0.88
小青龙,青龙梦,lrc_cx_build,0.88
小青龙,青龙舞,lrc_cx_build,0.88
小青龙,青龙魂,lrc_cx_build,0.88
小青龙,饿,github_dataset,0.8
小青龙,饿,github_extended,0.7
小青龙,饿,github_v2,0.75
小鬼,永远不在,netease_top,0.85
小鬼Wicked,大娱乐家,lrc_cx_ext,0.85
小鬼Wicked,大娱乐家 (Remix),lrc_cx_ext,0.85
小鬼Wicked,永远不在,lrc_cx_ext,0.85
小鬼Wicked,永远不在 (Remix),lrc_cx_ext,0.85
小鬼Wicked,要 bigger,lrc_cx_ext,0.85
小鬼Wicked,要 bigger (Remix),lrc_cx_ext,0.85
布瑞吉Bridge,2017 重庆茶馆 Cypher (Tory/Bridge/GAI),github_dataset,0.8
布瑞吉Bridge,2017 重庆茶馆 Cypher (Tory/Bridge/GAI),github_extended,0.7
布瑞吉Bridge,2017 重庆茶馆 Cypher (Tory/Bridge/GAI),github_v2,0.75
布瑞吉Bridge,99%,github_dataset,0.8
布瑞吉Bridge,99%,github_extended,0.7
布瑞吉Bridge,99%,github_v2,0.75
布瑞吉Bridge,"Cray (feat. Gold Medals, Bridge, BLOW, Al Rocco)",github_dataset,0.8
布瑞吉Bridge,"Cray (feat. Gold Medals, Bridge, BLOW, Al Rocco)",github_extended,0.7
布瑞吉Bridge,"Cray (feat. Gold Medals, Bridge, BLOW, Al Rocco)",github_v2,0.75
布瑞吉Bridge,Drippin' 绝 品,github_dataset,0.8
布瑞吉Bridge,Drippin' 绝 品,github_extended,0.7
布瑞吉Bridge,Drippin' 绝 品,github_v2,0.75
布瑞吉Bridge,EVERYDAY,github_dataset,0.8
布瑞吉Bridge,EVERYDAY,github_extended,0.7
布瑞吉Bridge,EVERYDAY,github_v2,0.75
布瑞吉Bridge,FUN耍的真,github_dataset,0.8
布瑞吉Bridge,FUN耍的真,github_extended,0.7
布瑞吉Bridge,FUN耍的真,github_v2,0.75
布瑞吉Bridge,GOSH Music Cypher 2018 Pt.1 (Prod. 希介),github_dataset,0.8
布瑞吉Bridge,GOSH Music Cypher 2018 Pt.1 (Prod. 希介),github_extended,0.7
布瑞吉Bridge,GOSH Music Cypher 2018 Pt.1 (Prod. 希介),github_v2,0.75
布瑞吉Bridge,Intro,github_dataset,0.8
布瑞吉Bridge,Intro,github_extended,0.7
布瑞吉Bridge,Intro,github_v2,0.75
布瑞吉Bridge,LanStory,github_dataset,0.8
布瑞吉Bridge,LanStory,github_extended,0.7
布瑞吉Bridge,LanStory,github_v2,0.75
布瑞吉Bridge,RAINBOW,github_dataset,0.8
布瑞吉Bridge,RAINBOW,github_extended,0.7
布瑞吉Bridge,RAINBOW,github_v2,0.75
布瑞吉Bridge,Skit 1,github_dataset,0.8
布瑞吉Bridge,Skit 1,github_extended,0.7
布瑞吉Bridge,Skit 1,github_v2,0.75
布瑞吉Bridge,Skit 2,github_dataset,0.8
布瑞吉Bridge,Skit 2,github_extended,0.7
布瑞吉Bridge,Skit 2,github_v2,0.75
布瑞吉Bridge,Skit 3,github_dataset,0.8
布瑞吉Bridge,Skit 3,github_extended,0.7
布瑞吉Bridge,Skit 3,github_v2,0.75
布瑞吉Bridge,WOW,github_dataset,0.8
布瑞吉Bridge,WOW,github_extended,0.7
布瑞吉Bridge,WOW,github_v2,0.75
布瑞吉Bridge,Water,github_dataset,0.8
布瑞吉Bridge,Water,github_extended,0.7
布瑞吉Bridge,Water,github_v2,0.75
布瑞吉Bridge,Young Bridge,github_dataset,0.8
布瑞吉Bridge,Young Bridge,github_extended,0.7
布瑞吉Bridge,Young Bridge,github_v2,0.75
布瑞吉Bridge,Young Bridge (Live),github_dataset,0.8
布瑞吉Bridge,Young Bridge (Live),github_extended,0.7
布瑞吉Bridge,Young Bridge (Live),github_v2,0.75
布瑞吉Bridge,Young Hustler,github_dataset,0.8
布瑞吉Bridge,Young Hustler,github_extended,0.7
布瑞吉Bridge,Young Hustler,github_v2,0.75
布瑞吉Bridge,iPhone,github_dataset,0.8
布瑞吉Bridge,iPhone,github_extended,0.7
布瑞吉Bridge,iPhone,github_v2,0.75
布瑞吉Bridge,三好学生 (Prod. MEGA-P &amp; JO$H),github_dataset,0.8
布瑞吉Bridge,三好学生 (Prod. MEGA-P &amp; JO$H),github_extended,0.7
布瑞吉Bridge,三好学生 (Prod. MEGA-P &amp; JO$H),github_v2,0.75
布瑞吉Bridge,买个包包 (Live版),github_dataset,0.8
布瑞吉Bridge,买个包包 (Live版),github_extended,0.7
布瑞吉Bridge,买个包包 (Live版),github_v2,0.75
布瑞吉Bridge,买个包包 (Prod. MEGA-P &amp; JO$H),github_dataset,0.8
布瑞吉Bridge,买个包包 (Prod. MEGA-P &amp; JO$H),github_extended,0.7
布瑞吉Bridge,买个包包 (Prod. MEGA-P &amp; JO$H),github_v2,0.75
布瑞吉Bridge,你们我们他们,github_dataset,0.8
布瑞吉Bridge,你们我们他们,github_extended,0.7
布瑞吉Bridge,你们我们他们,github_v2,0.75
布瑞吉Bridge,你猜我猜不猜,github_dataset,0.8
布瑞吉Bridge,你猜我猜不猜,github_extended,0.7
布瑞吉Bridge,你猜我猜不猜,github_v2,0.75
布瑞吉Bridge,内力Nei Lit,github_dataset,0.8
布瑞吉Bridge,内力Nei Lit,github_extended,0.7
布瑞吉Bridge,内力Nei Lit,github_v2,0.75
布瑞吉Bridge,十万大军,github_dataset,0.8
布瑞吉Bridge,十万大军,github_extended,0.7
布瑞吉Bridge,十万大军,github_v2,0.75
布瑞吉Bridge,友情岁月 (Live),github_dataset,0.8
布瑞吉Bridge,友情岁月 (Live),github_extended,0.7
布瑞吉Bridge,友情岁月 (Live),github_v2,0.75
布瑞吉Bridge,壹佰,github_dataset,0.8
布瑞吉Bridge,壹佰,github_extended,0.7
布瑞吉Bridge,壹佰,github_v2,0.75
布瑞吉Bridge,妈妈 (Prod. JO$H),github_dataset,0.8
布瑞吉Bridge,妈妈 (Prod. JO$H),github_extended,0.7
布瑞吉Bridge,妈妈 (Prod. JO$H),github_v2,0.75
布瑞吉Bridge,妈妈叫我要努力 (Prod. JO$H),github_dataset,0.8
布瑞吉Bridge,妈妈叫我要努力 (Prod. JO$H),github_extended,0.7
布瑞吉Bridge,妈妈叫我要努力 (Prod. JO$H),github_v2,0.75
布瑞吉Bridge,宇宙摩天轮,github_dataset,0.8
布瑞吉Bridge,宇宙摩天轮,github_extended,0.7
布瑞吉Bridge,宇宙摩天轮,github_v2,0.75
布瑞吉Bridge,小祖宗 (Prod. K ELEVEN &amp; JO$H),github_dataset,0.8
布瑞吉Bridge,小祖宗 (Prod. K ELEVEN &amp; JO$H),github_extended,0.7
布瑞吉Bridge,小祖宗 (Prod. K ELEVEN &amp; JO$H),github_v2,0.75
布瑞吉Bridge,我喊我不要得意 (Prod. K ELEVEN &amp; JO$H),github_dataset,0.8
布瑞吉Bridge,我喊我不要得意 (Prod. K ELEVEN &amp; JO$H),github_extended,0.7
布瑞吉Bridge,我喊我不要得意 (Prod. K ELEVEN &amp; JO$H),github_v2,0.75
布瑞吉Bridge,正二八百,github_dataset,0.8
布瑞吉Bridge,正二八百,github_extended,0.7
布瑞吉Bridge,正二八百,github_v2,0.75
布瑞吉Bridge,每天都拿A (Prod. K ELEVEN &amp; JO$H),github_dataset,0.8
布瑞吉Bridge,每天都拿A (Prod. K ELEVEN &amp; JO$H),github_extended,0.7
布瑞吉Bridge,每天都拿A (Prod. K ELEVEN &amp; JO$H),github_v2,0.75
布瑞吉Bridge,洗衣机 (Prod. JO$H),github_dataset,0.8
布瑞吉Bridge,洗衣机 (Prod. JO$H),github_extended,0.7
布瑞吉Bridge,洗衣机 (Prod. JO$H),github_v2,0.75
布瑞吉Bridge,生来性敢,github_dataset,0.8
布瑞吉Bridge,生来性敢,github_extended,0.7
布瑞吉Bridge,生来性敢,github_v2,0.75
布瑞吉Bridge,耍没耍过的,github_dataset,0.8
布瑞吉Bridge,耍没耍过的,github_extended,0.7
布瑞吉Bridge,耍没耍过的,github_v2,0.75
布瑞吉Bridge,胖屁股 (Prod. K ELEVEN &amp; JO$H),github_dataset,0.8
布瑞吉Bridge,胖屁股 (Prod. K ELEVEN &amp; JO$H),github_extended,0.7
布瑞吉Bridge,胖屁股 (Prod. K ELEVEN &amp; JO$H),github_v2,0.75
布瑞吉Bridge,蜗牛 (Prod. K ELEVEN &amp; JO$H),github_dataset,0.8
布瑞吉Bridge,蜗牛 (Prod. K ELEVEN &amp; JO$H),github_extended,0.7
布瑞吉Bridge,蜗牛 (Prod. K ELEVEN &amp; JO$H),github_v2,0.75
布瑞吉Bridge,长河,github_dataset,0.8
布瑞吉Bridge,长河,github_extended,0.7
布瑞吉Bridge,长河,github_v2,0.75
布瑞吉Bridge,雾都历,github_dataset,0.8
布瑞吉Bridge,雾都历,github_extended,0.7
布瑞吉Bridge,雾都历,github_v2,0.75
布瑞吉Bridge,黄金屋 (Prod. K ELEVEN &amp; JO$H),github_dataset,0.8
布瑞吉Bridge,黄金屋 (Prod. K ELEVEN &amp; JO$H),github_extended,0.7
布瑞吉Bridge,黄金屋 (Prod. K ELEVEN &amp; JO$H),github_v2,0.75
幼稚园杀手,100次,github_dataset,0.8
幼稚园杀手,100次,github_extended,0.7
幼稚园杀手,100次,github_v2,0.75
幼稚园杀手,10岁的夏天 Feat. 醉人,github_dataset,0.8
幼稚园杀手,10岁的夏天 Feat. 醉人,github_extended,0.7
幼稚园杀手,10岁的夏天 Feat. 醉人,github_v2,0.75
幼稚园杀手,一个人,github_dataset,0.8
幼稚园杀手,一个人,github_extended,0.7
幼稚园杀手,一个人,github_v2,0.75
幼稚园杀手,不眠夜（DBRT Remix）（prod by feelo）,github_dataset,0.8
幼稚园杀手,不眠夜（DBRT Remix）（prod by feelo）,github_extended,0.7
幼稚园杀手,不眠夜（DBRT Remix）（prod by feelo）,github_v2,0.75
幼稚园杀手,不需要眼泪的夏天,github_dataset,0.8
幼稚园杀手,不需要眼泪的夏天,github_extended,0.7
幼稚园杀手,不需要眼泪的夏天,github_v2,0.75
幼稚园杀手,中国的说法,github_dataset,0.8
幼稚园杀手,中国的说法,github_extended,0.7
幼稚园杀手,中国的说法,github_v2,0.75
幼稚园杀手,为了你,github_dataset,0.8
幼稚园杀手,为了你,github_extended,0.7
幼稚园杀手,为了你,github_v2,0.75
幼稚园杀手,为了你 （DBRT Remix）,github_dataset,0.8
幼稚园杀手,为了你 （DBRT Remix）,github_extended,0.7
幼稚园杀手,为了你 （DBRT Remix）,github_v2,0.75
幼稚园杀手,享受生命,github_dataset,0.8
幼稚园杀手,享受生命,github_extended,0.7
幼稚园杀手,享受生命,github_v2,0.75
幼稚园杀手,你还是那么美,github_dataset,0.8
幼稚园杀手,你还是那么美,github_extended,0.7
幼稚园杀手,你还是那么美,github_v2,0.75
幼稚园杀手,你需要的是自己,github_dataset,0.8
幼稚园杀手,你需要的是自己,github_extended,0.7
幼稚园杀手,你需要的是自己,github_v2,0.75
幼稚园杀手,凡人歌,github_dataset,0.8
幼稚园杀手,凡人歌,github_extended,0.7
幼稚园杀手,凡人歌,github_v2,0.75
幼稚园杀手,午夜的阳光 (Dajian Remix),github_dataset,0.8
幼稚园杀手,午夜的阳光 (Dajian Remix),github_extended,0.7
幼稚园杀手,午夜的阳光 (Dajian Remix),github_v2,0.75
幼稚园杀手,原来你并不快乐,github_dataset,0.8
幼稚园杀手,原来你并不快乐,github_extended,0.7
幼稚园杀手,原来你并不快乐,github_v2,0.75
幼稚园杀手,反弹琵琶,github_dataset,0.8
幼稚园杀手,反弹琵琶,github_extended,0.7
幼稚园杀手,反弹琵琶,github_v2,0.75
幼稚园杀手,回到那些日子,github_dataset,0.8
幼稚园杀手,回到那些日子,github_extended,0.7
幼稚园杀手,回到那些日子,github_v2,0.75
幼稚园杀手,城市里的素描(独唱版),github_dataset,0.8
幼稚园杀手,城市里的素描(独唱版),github_extended,0.7
幼稚园杀手,城市里的素描(独唱版),github_v2,0.75
幼稚园杀手,天生爱你,github_dataset,0.8
幼稚园杀手,天生爱你,github_extended,0.7
幼稚园杀手,天生爱你,github_v2,0.75
幼稚园杀手,天空之城,github_dataset,0.8
幼稚园杀手,天空之城,github_extended,0.7
幼稚园杀手,天空之城,github_v2,0.75
幼稚园杀手,就这样,github_dataset,0.8
幼稚园杀手,就这样,github_extended,0.7
幼稚园杀手,就这样,github_v2,0.75
幼稚园杀手,幼稚园杀手-龟兔赛跑 (GouQi Remix)（用户9072287342 / 幼稚园杀手 / 醉人 remix）,github_dataset,0.8
幼稚园杀手,幼稚园杀手-龟兔赛跑 (GouQi Remix)（用户9072287342 / 幼稚园杀手 / 醉人 remix）,github_extended,0.7
幼稚园杀手,幼稚园杀手-龟兔赛跑 (GouQi Remix)（用户9072287342 / 幼稚园杀手 / 醉人 remix）,github_v2,0.75
幼稚园杀手,悲情城市 Feat. FK Moses,github_dataset,0.8
幼稚园杀手,悲情城市 Feat. FK Moses,github_extended,0.7
幼稚园杀手,悲情城市 Feat. FK Moses,github_v2,0.75
幼稚园杀手,懂得(Interlude) - intro,github_dataset,0.8
幼稚园杀手,懂得(Interlude) - intro,github_extended,0.7
幼稚园杀手,懂得(Interlude) - intro,github_v2,0.75
幼稚园杀手,战役（DBRT Remix）（Prod by Dansonn）,github_dataset,0.8
幼稚园杀手,战役（DBRT Remix）（Prod by Dansonn）,github_extended,0.7
幼稚园杀手,战役（DBRT Remix）（Prod by Dansonn）,github_v2,0.75
幼稚园杀手,普通人（DBRT Remix）（prod by feelo）,github_dataset,0.8
幼稚园杀手,普通人（DBRT Remix）（prod by feelo）,github_extended,0.7
幼稚园杀手,普通人（DBRT Remix）（prod by feelo）,github_v2,0.75
幼稚园杀手,最初的我（DBRT Remix）（prod by feelo）,github_dataset,0.8
幼稚园杀手,最初的我（DBRT Remix）（prod by feelo）,github_extended,0.7
幼稚园杀手,最初的我（DBRT Remix）（prod by feelo）,github_v2,0.75
幼稚园杀手,本能,github_dataset,0.8
幼稚园杀手,本能,github_extended,0.7
幼稚园杀手,本能,github_v2,0.75
幼稚园杀手,桑树,github_dataset,0.8
幼稚园杀手,桑树,github_extended,0.7
幼稚园杀手,桑树,github_v2,0.75
幼稚园杀手,海阔天空,github_dataset,0.8
幼稚园杀手,海阔天空,github_extended,0.7
幼稚园杀手,海阔天空,github_v2,0.75
幼稚园杀手,清明节(Intro) - intro,github_dataset,0.8
幼稚园杀手,清明节(Intro) - intro,github_extended,0.7
幼稚园杀手,清明节(Intro) - intro,github_v2,0.75
幼稚园杀手,生命之花,github_dataset,0.8
幼稚园杀手,生命之花,github_extended,0.7
幼稚园杀手,生命之花,github_v2,0.75
幼稚园杀手,祝福,github_dataset,0.8
幼稚园杀手,祝福,github_extended,0.7
幼稚园杀手,祝福,github_v2,0.75
幼稚园杀手,蒲公英,github_dataset,0.8
幼稚园杀手,蒲公英,github_extended,0.7
幼稚园杀手,蒲公英,github_v2,0.75
幼稚园杀手,街头见闻,github_dataset,0.8
幼稚园杀手,街头见闻,github_extended,0.7
幼稚园杀手,街头见闻,github_v2,0.75
幼稚园杀手,街机岁月,github_dataset,0.8
幼稚园杀手,街机岁月,github_extended,0.7
幼稚园杀手,街机岁月,github_v2,0.75
幼稚园杀手,谋杀,github_dataset,0.8
幼稚园杀手,谋杀,github_extended,0.7
幼稚园杀手,谋杀,github_v2,0.75
幼稚园杀手,路漫漫,github_dataset,0.8
幼稚园杀手,路漫漫,github_extended,0.7
幼稚园杀手,路漫漫,github_v2,0.75
幼稚园杀手,路漫漫 (Dajian Remix),github_dataset,0.8
幼稚园杀手,路漫漫 (Dajian Remix),github_extended,0.7
幼稚园杀手,路漫漫 (Dajian Remix),github_v2,0.75
幼稚园杀手,遗忘,github_dataset,0.8
幼稚园杀手,遗忘,github_extended,0.7
幼稚园杀手,遗忘,github_v2,0.75
幼稚园杀手,风雨(Tribute to 钱学森),github_dataset,0.8
幼稚园杀手,风雨(Tribute to 钱学森),github_extended,0.7
幼稚园杀手,风雨(Tribute to 钱学森),github_v2,0.75
幼稚园杀手,飞飞(Tribute To K-Bo),github_dataset,0.8
幼稚园杀手,飞飞(Tribute To K-Bo),github_extended,0.7
幼稚园杀手,飞飞(Tribute To K-Bo),github_v2,0.75
幼稚园杀手,鲁冰花(Intro) - intro,github_dataset,0.8
幼稚园杀手,鲁冰花(Intro) - intro,github_extended,0.7
幼稚园杀手,鲁冰花(Intro) - intro,github_v2,0.75
幼稚园杀手,龟兔赛跑（DBRT remix）,github_dataset,0.8
幼稚园杀手,龟兔赛跑（DBRT remix）,github_extended,0.7
幼稚园杀手,龟兔赛跑（DBRT remix）,github_v2,0.75
张砚拙,Hater,lrc_cx_build,0.88
张砚拙,KONG,lrc_cx_build,0.88
张砚拙 KONG,Hater,lrc_cx_build,0.88
张砚拙 KONG,KONG,lrc_cx_build,0.88
张砚拙 KONG,别来无恙,lrc_cx_build,0.88
张砚拙 KONG,我呸,lrc_cx_build,0.88
张砚拙 KONG,我本优秀,lrc_cx_build,0.88
张砚拙 KONG,我本单纯,lrc_cx_build,0.88
张砚拙 KONG,我本善良,lrc_cx_build,0.88
张砚拙 KONG,说唱新世代,lrc_cx_build,0.88
张砚拙Capper,Drip Like That,lrc_cx_ext,0.85
张砚拙Capper,Drip Like That (Remix),lrc_cx_ext,0.85
张砚拙Capper,大娱乐家,lrc_cx_ext,0.85
张砚拙Capper,大娱乐家 (Remix),lrc_cx_ext,0.85
张砚拙Capper,要 bigger,lrc_cx_ext,0.85
张砚拙Capper,要 bigger (Remix),lrc_cx_ext,0.85
徐真真,- 没有关系【Remix】（程浩天MARIO / 徐真真 remix）,github_dataset,0.8
徐真真,- 没有关系【Remix】（程浩天MARIO / 徐真真 remix）,github_extended,0.7
徐真真,- 没有关系【Remix】（程浩天MARIO / 徐真真 remix）,github_v2,0.75
徐真真,-有意思（徐真真-Remix）（Young KU/徐真真 Remix）,github_dataset,0.8
徐真真,-有意思（徐真真-Remix）（Young KU/徐真真 Remix）,github_extended,0.7
徐真真,-有意思（徐真真-Remix）（Young KU/徐真真 Remix）,github_v2,0.75
徐真真,Come With Me,lrc_cx_ext,0.85
徐真真,Come With Me,netease_top,0.85
徐真真,Come With Me (Remix),lrc_cx_ext,0.85
徐真真,GIRLFRIEND IS ALWAYS RIGHT,github_dataset,0.8
徐真真,GIRLFRIEND IS ALWAYS RIGHT,github_extended,0.7
徐真真,GIRLFRIEND IS ALWAYS RIGHT,github_v2,0.75
徐真真,GOOD TIME,github_dataset,0.8
徐真真,GOOD TIME,github_extended,0.7
徐真真,GOOD TIME,github_v2,0.75
徐真真,HAPPY EMOJI ,github_dataset,0.8
徐真真,HAPPY EMOJI ,github_extended,0.7
徐真真,HAPPY EMOJI ,github_v2,0.75
徐真真,No Way,github_dataset,0.8
徐真真,No Way,github_extended,0.7
徐真真,No Way,github_v2,0.75
徐真真,RAP $TAR,github_dataset,0.8
徐真真,RAP $TAR,github_extended,0.7
徐真真,RAP $TAR,github_v2,0.75
徐真真,一点半(feat. 熊猫;Vyan),github_dataset,0.8
徐真真,一点半(feat. 熊猫;Vyan),github_extended,0.7
徐真真,一点半(feat. 熊猫;Vyan),github_v2,0.75
徐真真,不需要 ft.陈艺之,github_dataset,0.8
徐真真,不需要 ft.陈艺之,github_extended,0.7
徐真真,不需要 ft.陈艺之,github_v2,0.75
徐真真,不需要(feat. Eaven Chan陈艺之),github_dataset,0.8
徐真真,不需要(feat. Eaven Chan陈艺之),github_extended,0.7
徐真真,不需要(feat. Eaven Chan陈艺之),github_v2,0.75
徐真真,东莞市歌,github_dataset,0.8
徐真真,东莞市歌,github_extended,0.7
徐真真,东莞市歌,github_v2,0.75
徐真真,为何我每次听见你名字都会远远躲开,github_dataset,0.8
徐真真,为何我每次听见你名字都会远远躲开,github_extended,0.7
徐真真,为何我每次听见你名字都会远远躲开,github_v2,0.75
徐真真,别看轻我,github_dataset,0.8
徐真真,别看轻我,github_extended,0.7
徐真真,别看轻我,github_v2,0.75
徐真真,去哪里玩,github_dataset,0.8
徐真真,去哪里玩,github_extended,0.7
徐真真,去哪里玩,github_v2,0.75
徐真真,只想对你好,github_dataset,0.8
徐真真,只想对你好,github_extended,0.7
徐真真,只想对你好,github_v2,0.75
徐真真,可不可以不要拒绝我的语音通话,github_dataset,0.8
徐真真,可不可以不要拒绝我的语音通话,github_extended,0.7
徐真真,可不可以不要拒绝我的语音通话,github_v2,0.75
徐真真,可以快点回家吗,github_dataset,0.8
徐真真,可以快点回家吗,github_extended,0.7
徐真真,可以快点回家吗,github_v2,0.75
徐真真,呆在家,github_dataset,0.8
徐真真,呆在家,github_extended,0.7
徐真真,呆在家,github_v2,0.75
徐真真,哪里下的雨都一样,github_dataset,0.8
徐真真,哪里下的雨都一样,github_extended,0.7
徐真真,哪里下的雨都一样,github_v2,0.75
徐真真,唯一,github_dataset,0.8
徐真真,唯一,github_extended,0.7
徐真真,唯一,github_v2,0.75
徐真真,墨镜记得还,github_dataset,0.8
徐真真,墨镜记得还,github_extended,0.7
徐真真,墨镜记得还,github_v2,0.75
徐真真,大娱乐家,lrc_cx_ext,0.85
徐真真,大娱乐家 (Remix),lrc_cx_ext,0.85
徐真真,对岸的婚礼,github_dataset,0.8
徐真真,对岸的婚礼,github_extended,0.7
徐真真,对岸的婚礼,github_v2,0.75
徐真真,小黑,github_dataset,0.8
徐真真,小黑,github_extended,0.7
徐真真,小黑,github_v2,0.75
徐真真,开心就足够,github_dataset,0.8
徐真真,开心就足够,github_extended,0.7
徐真真,开心就足够,github_v2,0.75
徐真真,当妮走了,github_dataset,0.8
徐真真,当妮走了,github_extended,0.7
徐真真,当妮走了,github_v2,0.75
徐真真,微醺 feat.徐真真,github_dataset,0.8
徐真真,微醺 feat.徐真真,github_extended,0.7
徐真真,微醺 feat.徐真真,github_v2,0.75
徐真真,我们的桂城,github_dataset,0.8
徐真真,我们的桂城,github_extended,0.7
徐真真,我们的桂城,github_v2,0.75
徐真真,我愿意为了你花光所有钱,github_dataset,0.8
徐真真,我愿意为了你花光所有钱,github_extended,0.7
徐真真,我愿意为了你花光所有钱,github_v2,0.75
徐真真,是不是把我给LV了,github_dataset,0.8
徐真真,是不是把我给LV了,github_extended,0.7
徐真真,是不是把我给LV了,github_v2,0.75
徐真真,最后一秒搞定 (feat.MC光光),github_dataset,0.8
徐真真,最后一秒搞定 (feat.MC光光),github_extended,0.7
徐真真,最后一秒搞定 (feat.MC光光),github_v2,0.75
徐真真,最好的一天（feat.Vyan）,github_dataset,0.8
徐真真,最好的一天（feat.Vyan）,github_extended,0.7
徐真真,最好的一天（feat.Vyan）,github_v2,0.75
徐真真,有无女介绍,github_dataset,0.8
徐真真,有无女介绍,github_extended,0.7
徐真真,有无女介绍,github_v2,0.75
徐真真,朋友圈（feat. Vyan / 徐真真）,github_dataset,0.8
徐真真,朋友圈（feat. Vyan / 徐真真）,github_extended,0.7
徐真真,朋友圈（feat. Vyan / 徐真真）,github_v2,0.75
徐真真,没有关系,github_dataset,0.8
徐真真,没有关系,github_extended,0.7
徐真真,没有关系,github_v2,0.75
徐真真,没有关系[艺考生版]（remix）,github_dataset,0.8
徐真真,没有关系[艺考生版]（remix）,github_extended,0.7
徐真真,没有关系[艺考生版]（remix）,github_v2,0.75
徐真真,活该,github_dataset,0.8
徐真真,活该,github_extended,0.7
徐真真,活该,github_v2,0.75
徐真真,浅蓝 / 徐真真 - 你是哪一种 [VanDazia Remix],github_dataset,0.8
徐真真,浅蓝 / 徐真真 - 你是哪一种 [VanDazia Remix],github_extended,0.7
徐真真,浅蓝 / 徐真真 - 你是哪一种 [VanDazia Remix],github_v2,0.75
徐真真,海外,github_dataset,0.8
徐真真,海外,github_extended,0.7
徐真真,海外,github_v2,0.75
徐真真,烟花,github_dataset,0.8
徐真真,烟花,github_extended,0.7
徐真真,烟花,github_v2,0.75
徐真真,爱我,github_dataset,0.8
徐真真,爱我,github_extended,0.7
徐真真,爱我,github_v2,0.75
徐真真,真的走了,github_dataset,0.8
徐真真,真的走了,github_extended,0.7
徐真真,真的走了,github_v2,0.75
徐真真,睡不着,github_dataset,0.8
徐真真,睡不着,github_extended,0.7
徐真真,睡不着,github_v2,0.75
徐真真,秀 Freestyle,github_dataset,0.8
徐真真,秀 Freestyle,github_extended,0.7
徐真真,秀 Freestyle,github_v2,0.75
徐真真,秀够上Show Goes On Remix (feat.Vyan_ 李方丁),github_dataset,0.8
徐真真,秀够上Show Goes On Remix (feat.Vyan_ 李方丁),github_extended,0.7
徐真真,秀够上Show Goes On Remix (feat.Vyan_ 李方丁),github_v2,0.75
徐真真,站西路,github_dataset,0.8
徐真真,站西路,github_extended,0.7
徐真真,站西路,github_v2,0.75
徐真真,要,github_dataset,0.8
徐真真,要,github_extended,0.7
徐真真,要,github_v2,0.75
徐真真,要 bigger,lrc_cx_ext,0.85
徐真真,要 bigger (Remix),lrc_cx_ext,0.85
徐真真,距离恋人 (feat.B Ink),github_dataset,0.8
徐真真,距离恋人 (feat.B Ink),github_extended,0.7
徐真真,距离恋人 (feat.B Ink),github_v2,0.75
徐真真,这首写给我妈妈,github_dataset,0.8
徐真真,这首写给我妈妈,github_extended,0.7
徐真真,这首写给我妈妈,github_v2,0.75
才木,大娱乐家,lrc_cx_ext,0.85
才木,大娱乐家 (Remix),lrc_cx_ext,0.85
才木,才木,lrc_cx_ext,0.85
才木,才木,netease_top,0.85
才木,才木 (Remix),lrc_cx_ext,0.85
才木,要 bigger,lrc_cx_ext,0.85
才木,要 bigger (Remix),lrc_cx_ext,0.85
新街口组合,Marry Me2020,github_dataset,0.8
新街口组合,Marry Me2020,github_extended,0.7
新街口组合,Marry Me2020,github_v2,0.75
新街口组合,一念一世,github_dataset,0.8
新街口组合,一念一世,github_extended,0.7
新街口组合,一念一世,github_v2,0.75
新街口组合,一路到底,github_dataset,0.8
新街口组合,一路到底,github_extended,0.7
新街口组合,一路到底,github_v2,0.75
新街口组合,三万英尺的梦想,github_dataset,0.8
新街口组合,三万英尺的梦想,github_extended,0.7
新街口组合,三万英尺的梦想,github_v2,0.75
新街口组合,三个问题,github_dataset,0.8
新街口组合,三个问题,github_extended,0.7
新街口组合,三个问题,github_v2,0.75
新街口组合,为什么还不放学,github_dataset,0.8
新街口组合,为什么还不放学,github_extended,0.7
新街口组合,为什么还不放学,github_v2,0.75
新街口组合,主播 ,github_dataset,0.8
新街口组合,主播 ,github_extended,0.7
新街口组合,主播 ,github_v2,0.75
新街口组合,你的影子(试听Demo),github_dataset,0.8
新街口组合,你的影子(试听Demo),github_extended,0.7
新街口组合,你的影子(试听Demo),github_v2,0.75
新街口组合,关你屁事,github_dataset,0.8
新街口组合,关你屁事,github_extended,0.7
新街口组合,关你屁事,github_v2,0.75
新街口组合,再见朱丽叶,github_dataset,0.8
新街口组合,再见朱丽叶,github_extended,0.7
新街口组合,再见朱丽叶,github_v2,0.75
新街口组合,勒布朗的Diss,github_dataset,0.8
新街口组合,勒布朗的Diss,github_extended,0.7
新街口组合,勒布朗的Diss,github_v2,0.75
新街口组合,北京爷们儿 (Live),github_dataset,0.8
新街口组合,北京爷们儿 (Live),github_extended,0.7
新街口组合,北京爷们儿 (Live),github_v2,0.75
新街口组合,去三亚,github_dataset,0.8
新街口组合,去三亚,github_extended,0.7
新街口组合,去三亚,github_v2,0.75
新街口组合,去海边,github_dataset,0.8
新街口组合,去海边,github_extended,0.7
新街口组合,去海边,github_v2,0.75
新街口组合,另一个北京,github_dataset,0.8
新街口组合,另一个北京,github_extended,0.7
新街口组合,另一个北京,github_v2,0.75
新街口组合,只能陪你到这里,github_dataset,0.8
新街口组合,只能陪你到这里,github_extended,0.7
新街口组合,只能陪你到这里,github_v2,0.75
新街口组合,和国足一起看电视,github_dataset,0.8
新街口组合,和国足一起看电视,github_extended,0.7
新街口组合,和国足一起看电视,github_v2,0.75
新街口组合,喊麦喊你MLB,github_dataset,0.8
新街口组合,喊麦喊你MLB,github_extended,0.7
新街口组合,喊麦喊你MLB,github_v2,0.75
新街口组合,嘘我,github_dataset,0.8
新街口组合,嘘我,github_extended,0.7
新街口组合,嘘我,github_v2,0.75
新街口组合,在你身体里,github_dataset,0.8
新街口组合,在你身体里,github_extended,0.7
新街口组合,在你身体里,github_v2,0.75
新街口组合,堵车让我很生气,github_dataset,0.8
新街口组合,堵车让我很生气,github_extended,0.7
新街口组合,堵车让我很生气,github_v2,0.75
新街口组合,大北京妞,github_dataset,0.8
新街口组合,大北京妞,github_extended,0.7
新街口组合,大北京妞,github_v2,0.75
新街口组合,天亮回家,github_dataset,0.8
新街口组合,天亮回家,github_extended,0.7
新街口组合,天亮回家,github_v2,0.75
新街口组合,奇怪的一零后来了,github_dataset,0.8
新街口组合,奇怪的一零后来了,github_extended,0.7
新街口组合,奇怪的一零后来了,github_v2,0.75
新街口组合,宇宙中心五道口,github_dataset,0.8
新街口组合,宇宙中心五道口,github_extended,0.7
新街口组合,宇宙中心五道口,github_v2,0.75
新街口组合,就打,github_dataset,0.8
新街口组合,就打,github_extended,0.7
新街口组合,就打,github_v2,0.75
新街口组合,情人节 (Live),github_dataset,0.8
新街口组合,情人节 (Live),github_extended,0.7
新街口组合,情人节 (Live),github_v2,0.75
新街口组合,愿,github_dataset,0.8
新街口组合,愿,github_extended,0.7
新街口组合,愿,github_v2,0.75
新街口组合,我们来自China,github_dataset,0.8
新街口组合,我们来自China,github_extended,0.7
新街口组合,我们来自China,github_v2,0.75
新街口组合,我放弃 对不起,github_dataset,0.8
新街口组合,我放弃 对不起,github_extended,0.7
新街口组合,我放弃 对不起,github_v2,0.75
新街口组合,我的她变成他的你,github_dataset,0.8
新街口组合,我的她变成他的你,github_extended,0.7
新街口组合,我的她变成他的你,github_v2,0.75
新街口组合,文惠北京style,github_dataset,0.8
新街口组合,文惠北京style,github_extended,0.7
新街口组合,文惠北京style,github_v2,0.75
新街口组合,无公益 不长江,github_dataset,0.8
新街口组合,无公益 不长江,github_extended,0.7
新街口组合,无公益 不长江,github_v2,0.75
新街口组合,明天别走,github_dataset,0.8
新街口组合,明天别走,github_extended,0.7
新街口组合,明天别走,github_v2,0.75
新街口组合,是不是就这么，散了 ,github_dataset,0.8
新街口组合,是不是就这么，散了 ,github_extended,0.7
新街口组合,是不是就这么，散了 ,github_v2,0.75
新街口组合,最后不是她,github_dataset,0.8
新街口组合,最后不是她,github_extended,0.7
新街口组合,最后不是她,github_v2,0.75
新街口组合,最怕走不出来,github_dataset,0.8
新街口组合,最怕走不出来,github_extended,0.7
新街口组合,最怕走不出来,github_v2,0.75
新街口组合,有一种温暖叫姐们儿,github_dataset,0.8
新街口组合,有一种温暖叫姐们儿,github_extended,0.7
新街口组合,有一种温暖叫姐们儿,github_v2,0.75
新街口组合,有你更有安全感,github_dataset,0.8
新街口组合,有你更有安全感,github_extended,0.7
新街口组合,有你更有安全感,github_v2,0.75
新街口组合,生日快乐,github_dataset,0.8
新街口组合,生日快乐,github_extended,0.7
新街口组合,生日快乐,github_v2,0.75
新街口组合,等你表白,github_dataset,0.8
新街口组合,等你表白,github_extended,0.7
新街口组合,等你表白,github_v2,0.75
新街口组合,给妈妈的情书,github_dataset,0.8
新街口组合,给妈妈的情书,github_extended,0.7
新街口组合,给妈妈的情书,github_v2,0.75
新街口组合,詹皇,github_dataset,0.8
新街口组合,詹皇,github_extended,0.7
新街口组合,詹皇,github_v2,0.75
新街口组合,说好了,github_dataset,0.8
新街口组合,说好了,github_extended,0.7
新街口组合,说好了,github_v2,0.75
新街口组合,谁会在乎输赢 (流行版),github_dataset,0.8
新街口组合,谁会在乎输赢 (流行版),github_extended,0.7
新街口组合,谁会在乎输赢 (流行版),github_v2,0.75
新街口组合,酒局全明星,github_dataset,0.8
新街口组合,酒局全明星,github_extended,0.7
新街口组合,酒局全明星,github_v2,0.75
新街口组合,金刚葫芦侠,github_dataset,0.8
新街口组合,金刚葫芦侠,github_extended,0.7
新街口组合,金刚葫芦侠,github_v2,0.75
早安,不吐不快,lrc_cx_build,0.88
早安,不完美,lrc_cx_build,0.88
早安,不眠之夜,lrc_cx_build,0.88
早安,光,lrc_cx_build,0.88
早安,夜,lrc_cx_build,0.88
早安,大城小事,lrc_cx_build,0.88
早安,大娱乐家,lrc_cx_ext,0.85
早安,大娱乐家 (Remix),lrc_cx_ext,0.85
早安,大眠,lrc_cx_build,0.88
早安,天,lrc_cx_build,0.88
早安,好日子,lrc_cx_ext,0.85
早安,好日子,netease_top,0.85
早安,好日子 (Remix),lrc_cx_ext,0.85
早安,心,lrc_cx_build,0.88
早安,我想说,lrc_cx_build,0.88
早安,我比你想的勇敢,lrc_cx_build,0.88
早安,月,lrc_cx_build,0.88
早安,梦,lrc_cx_build,0.88
早安,爱,lrc_cx_build,0.88
早安,破茧,lrc_cx_build,0.88
早安,花,lrc_cx_build,0.88
早安,要 bigger,lrc_cx_ext,0.85
早安,要 bigger (Remix),lrc_cx_ext,0.85
早安,雨,lrc_cx_build,0.88
早安,风,lrc_cx_build,0.88
李佳隆,Drip,github_dataset,0.8
李佳隆,Drip,github_extended,0.7
李佳隆,Drip,github_v2,0.75
李佳隆,Flex like me,github_dataset,0.8
李佳隆,Flex like me,github_extended,0.7
李佳隆,Flex like me,github_v2,0.75
李佳隆,Good Trip [Keep On Movin'] Prod.S.O,github_dataset,0.8
李佳隆,Good Trip [Keep On Movin'] Prod.S.O,github_extended,0.7
李佳隆,Good Trip [Keep On Movin'] Prod.S.O,github_v2,0.75
李佳隆,Hair,github_dataset,0.8
李佳隆,Hair,github_extended,0.7
李佳隆,Hair,github_v2,0.75
李佳隆,HiPig New Year,github_dataset,0.8
李佳隆,HiPig New Year,github_extended,0.7
李佳隆,HiPig New Year,github_v2,0.75
李佳隆,ICED OUT(prod. Guala Beatz),github_dataset,0.8
李佳隆,ICED OUT(prod. Guala Beatz),github_extended,0.7
李佳隆,ICED OUT(prod. Guala Beatz),github_v2,0.75
李佳隆,Intro,github_dataset,0.8
李佳隆,Intro,github_extended,0.7
李佳隆,Intro,github_v2,0.75
李佳隆,Lighting,github_dataset,0.8
李佳隆,Lighting,github_extended,0.7
李佳隆,Lighting,github_v2,0.75
李佳隆,My Bank,github_dataset,0.8
李佳隆,My Bank,github_extended,0.7
李佳隆,My Bank,github_v2,0.75
李佳隆,NO GANG,github_dataset,0.8
李佳隆,NO GANG,github_extended,0.7
李佳隆,NO GANG,github_v2,0.75
李佳隆,NoMo,github_dataset,0.8
李佳隆,NoMo,github_extended,0.7
李佳隆,NoMo,github_v2,0.75
李佳隆,Once Upon A Time Freestyle,github_dataset,0.8
李佳隆,Once Upon A Time Freestyle,github_extended,0.7
李佳隆,Once Upon A Time Freestyle,github_v2,0.75
李佳隆,Outro,github_dataset,0.8
李佳隆,Outro,github_extended,0.7
李佳隆,Outro,github_v2,0.75
李佳隆,Space Fleet,github_dataset,0.8
李佳隆,Space Fleet,github_extended,0.7
李佳隆,Space Fleet,github_v2,0.75
李佳隆,Stay Right Here Pt.2,github_dataset,0.8
李佳隆,Stay Right Here Pt.2,github_extended,0.7
李佳隆,Stay Right Here Pt.2,github_v2,0.75
李佳隆,Trend It,github_dataset,0.8
李佳隆,Trend It,github_extended,0.7
李佳隆,Trend It,github_v2,0.75
李佳隆,Wait,github_dataset,0.8
李佳隆,Wait,github_extended,0.7
李佳隆,Wait,github_v2,0.75
李佳隆,中国新说唱EP07 RAP07 (Live),github_dataset,0.8
李佳隆,中国新说唱EP07 RAP07 (Live),github_extended,0.7
李佳隆,中国新说唱EP07 RAP07 (Live),github_v2,0.75
李佳隆,你不是我,github_dataset,0.8
李佳隆,你不是我,github_extended,0.7
李佳隆,你不是我,github_v2,0.75
李佳隆,别,github_dataset,0.8
李佳隆,别,github_extended,0.7
李佳隆,别,github_v2,0.75
李佳隆,加利福利亚的梦,github_dataset,0.8
李佳隆,加利福利亚的梦,github_extended,0.7
李佳隆,加利福利亚的梦,github_v2,0.75
李佳隆,听懂没,github_dataset,0.8
李佳隆,听懂没,github_extended,0.7
李佳隆,听懂没,github_v2,0.75
李佳隆,嗨咯喂,github_dataset,0.8
李佳隆,嗨咯喂,github_extended,0.7
李佳隆,嗨咯喂,github_v2,0.75
李佳隆,回忆垃圾桶,github_dataset,0.8
李佳隆,回忆垃圾桶,github_extended,0.7
李佳隆,回忆垃圾桶,github_v2,0.75
李佳隆,坠落,github_dataset,0.8
李佳隆,坠落,github_extended,0.7
李佳隆,坠落,github_v2,0.75
李佳隆,摇娃娃俱乐部,github_dataset,0.8
李佳隆,摇娃娃俱乐部,github_extended,0.7
李佳隆,摇娃娃俱乐部,github_v2,0.75
李佳隆,星球坠落,github_dataset,0.8
李佳隆,星球坠落,github_extended,0.7
李佳隆,星球坠落,github_v2,0.75
李佳隆,星球坠落 (Live),github_dataset,0.8
李佳隆,星球坠落 (Live),github_extended,0.7
李佳隆,星球坠落 (Live),github_v2,0.75
李佳隆,星球杯,github_dataset,0.8
李佳隆,星球杯,github_extended,0.7
李佳隆,星球杯,github_v2,0.75
李佳隆,月儿圆,github_dataset,0.8
李佳隆,月儿圆,github_extended,0.7
李佳隆,月儿圆,github_v2,0.75
李佳隆,月儿圆 (Live),github_dataset,0.8
李佳隆,月儿圆 (Live),github_extended,0.7
李佳隆,月儿圆 (Live),github_v2,0.75
李佳隆,特别,github_dataset,0.8
李佳隆,特别,github_extended,0.7
李佳隆,特别,github_v2,0.75
李佳隆,特别 (live),github_dataset,0.8
李佳隆,特别 (live),github_extended,0.7
李佳隆,特别 (live),github_v2,0.75
李佳隆,索尼克ソニック,github_dataset,0.8
李佳隆,索尼克ソニック,github_extended,0.7
李佳隆,索尼克ソニック,github_v2,0.75
李佳隆,给妈妈的歌,github_dataset,0.8
李佳隆,给妈妈的歌,github_extended,0.7
李佳隆,给妈妈的歌,github_v2,0.75
李佳隆,花,github_dataset,0.8
李佳隆,花,github_extended,0.7
李佳隆,花,github_v2,0.75
李佳隆,错不在我,github_dataset,0.8
李佳隆,错不在我,github_extended,0.7
李佳隆,错不在我,github_v2,0.75
李大奔,大娱乐家,lrc_cx_ext,0.85
李大奔,大娱乐家 (Remix),lrc_cx_ext,0.85
李大奔,李大奔,lrc_cx_ext,0.85
李大奔,李大奔,netease_top,0.85
李大奔,李大奔 (Remix),lrc_cx_ext,0.85
李大奔,要 bigger,lrc_cx_ext,0.85
李大奔,要 bigger (Remix),lrc_cx_ext,0.85
李萌tommy,80后的时代,github_dataset,0.8
李萌tommy,80后的时代,github_extended,0.7
李萌tommy,80后的时代,github_v2,0.75
李萌tommy,E网情深,github_dataset,0.8
李萌tommy,E网情深,github_extended,0.7
李萌tommy,E网情深,github_v2,0.75
李萌tommy, 一夜成名（电影《一夜成名》片头曲）-1.mp3,github_dataset,0.8
李萌tommy, 一夜成名（电影《一夜成名》片头曲）-1.mp3,github_extended,0.7
李萌tommy, 一夜成名（电影《一夜成名》片头曲）-1.mp3,github_v2,0.75
李萌tommy,一切是空,github_dataset,0.8
李萌tommy,一切是空,github_extended,0.7
李萌tommy,一切是空,github_v2,0.75
李萌tommy,不是公主病 只是有病,github_dataset,0.8
李萌tommy,不是公主病 只是有病,github_extended,0.7
李萌tommy,不是公主病 只是有病,github_v2,0.75
李萌tommy,中国说唱,github_dataset,0.8
李萌tommy,中国说唱,github_extended,0.7
李萌tommy,中国说唱,github_v2,0.75
李萌tommy,你在郑州等着我 feat：滚滚,github_dataset,0.8
李萌tommy,你在郑州等着我 feat：滚滚,github_extended,0.7
李萌tommy,你在郑州等着我 feat：滚滚,github_v2,0.75
李萌tommy,写给慧晶的信,github_dataset,0.8
李萌tommy,写给慧晶的信,github_extended,0.7
李萌tommy,写给慧晶的信,github_v2,0.75
李萌tommy,出头之日 feat：mc-han,github_dataset,0.8
李萌tommy,出头之日 feat：mc-han,github_extended,0.7
李萌tommy,出头之日 feat：mc-han,github_v2,0.75
李萌tommy,别偷我的东西拿去卖,github_dataset,0.8
李萌tommy,别偷我的东西拿去卖,github_extended,0.7
李萌tommy,别偷我的东西拿去卖,github_v2,0.75
李萌tommy,别给我戴绿帽子,github_dataset,0.8
李萌tommy,别给我戴绿帽子,github_extended,0.7
李萌tommy,别给我戴绿帽子,github_v2,0.75
李萌tommy,北漂一族,github_dataset,0.8
李萌tommy,北漂一族,github_extended,0.7
李萌tommy,北漂一族,github_v2,0.75
李萌tommy,十元人民币（2005网络版）,github_dataset,0.8
李萌tommy,十元人民币（2005网络版）,github_extended,0.7
李萌tommy,十元人民币（2005网络版）,github_v2,0.75
李萌tommy,吸血鬼,github_dataset,0.8
李萌tommy,吸血鬼,github_extended,0.7
李萌tommy,吸血鬼,github_v2,0.75
李萌tommy,哈尔滨之子,github_dataset,0.8
李萌tommy,哈尔滨之子,github_extended,0.7
李萌tommy,哈尔滨之子,github_v2,0.75
李萌tommy,唇枪舌弹 feat：mc良良,github_dataset,0.8
李萌tommy,唇枪舌弹 feat：mc良良,github_extended,0.7
李萌tommy,唇枪舌弹 feat：mc良良,github_v2,0.75
李萌tommy,大东北,github_dataset,0.8
李萌tommy,大东北,github_extended,0.7
李萌tommy,大东北,github_v2,0.75
李萌tommy,学开车,github_dataset,0.8
李萌tommy,学开车,github_extended,0.7
李萌tommy,学开车,github_v2,0.75
李萌tommy,很蓝的天,github_dataset,0.8
李萌tommy,很蓝的天,github_extended,0.7
李萌tommy,很蓝的天,github_v2,0.75
李萌tommy,心中的自己,github_dataset,0.8
李萌tommy,心中的自己,github_extended,0.7
李萌tommy,心中的自己,github_v2,0.75
李萌tommy,思念 从北京到新疆,github_dataset,0.8
李萌tommy,思念 从北京到新疆,github_extended,0.7
李萌tommy,思念 从北京到新疆,github_v2,0.75
李萌tommy,思念   从北京到新疆 feat：7ev,github_dataset,0.8
李萌tommy,思念   从北京到新疆 feat：7ev,github_extended,0.7
李萌tommy,思念   从北京到新疆 feat：7ev,github_v2,0.75
李萌tommy,感谢那个女孩,github_dataset,0.8
李萌tommy,感谢那个女孩,github_extended,0.7
李萌tommy,感谢那个女孩,github_v2,0.75
李萌tommy,感谢那个女孩2013,github_dataset,0.8
李萌tommy,感谢那个女孩2013,github_extended,0.7
李萌tommy,感谢那个女孩2013,github_v2,0.75
李萌tommy,憧憬,github_dataset,0.8
李萌tommy,憧憬,github_extended,0.7
李萌tommy,憧憬,github_v2,0.75
李萌tommy,我的思想 feat：pd,github_dataset,0.8
李萌tommy,我的思想 feat：pd,github_extended,0.7
李萌tommy,我的思想 feat：pd,github_v2,0.75
李萌tommy,手表,github_dataset,0.8
李萌tommy,手表,github_extended,0.7
李萌tommy,手表,github_v2,0.75
李萌tommy,新五元人民币,github_dataset,0.8
李萌tommy,新五元人民币,github_extended,0.7
李萌tommy,新五元人民币,github_v2,0.75
李萌tommy,无耻之徒,github_dataset,0.8
李萌tommy,无耻之徒,github_extended,0.7
李萌tommy,无耻之徒,github_v2,0.75
李萌tommy,星巴克与北冰洋,github_dataset,0.8
李萌tommy,星巴克与北冰洋,github_extended,0.7
李萌tommy,星巴克与北冰洋,github_v2,0.75
李萌tommy,最后一根烟,github_dataset,0.8
李萌tommy,最后一根烟,github_extended,0.7
李萌tommy,最后一根烟,github_v2,0.75
李萌tommy,李萌-我不想和你一样,github_dataset,0.8
李萌tommy,李萌-我不想和你一样,github_extended,0.7
李萌tommy,李萌-我不想和你一样,github_v2,0.75
李萌tommy,欧了,github_dataset,0.8
李萌tommy,欧了,github_extended,0.7
李萌tommy,欧了,github_v2,0.75
李萌tommy,没有你的地铁站,github_dataset,0.8
李萌tommy,没有你的地铁站,github_extended,0.7
李萌tommy,没有你的地铁站,github_v2,0.75
李萌tommy,海誓山盟,github_dataset,0.8
李萌tommy,海誓山盟,github_extended,0.7
李萌tommy,海誓山盟,github_v2,0.75
李萌tommy,燕郊 燕郊,github_dataset,0.8
李萌tommy,燕郊 燕郊,github_extended,0.7
李萌tommy,燕郊 燕郊,github_v2,0.75
李萌tommy,美,github_dataset,0.8
李萌tommy,美,github_extended,0.7
李萌tommy,美,github_v2,0.75
李萌tommy,致前女友,github_dataset,0.8
李萌tommy,致前女友,github_extended,0.7
李萌tommy,致前女友,github_v2,0.75
李萌tommy,街头战役 feat：嫩桃弟弟 mc良良,github_dataset,0.8
李萌tommy,街头战役 feat：嫩桃弟弟 mc良良,github_extended,0.7
李萌tommy,街头战役 feat：嫩桃弟弟 mc良良,github_v2,0.75
李萌tommy,街头霸王,github_dataset,0.8
李萌tommy,街头霸王,github_extended,0.7
李萌tommy,街头霸王,github_v2,0.75
李萌tommy,通江街的少年,github_dataset,0.8
李萌tommy,通江街的少年,github_extended,0.7
李萌tommy,通江街的少年,github_v2,0.75
李萌tommy,非行者,github_dataset,0.8
李萌tommy,非行者,github_extended,0.7
李萌tommy,非行者,github_v2,0.75
李萌tommy,饶舌者,github_dataset,0.8
李萌tommy,饶舌者,github_extended,0.7
李萌tommy,饶舌者,github_v2,0.75
李萌tommy,黄昏后的相约,github_dataset,0.8
李萌tommy,黄昏后的相约,github_extended,0.7
李萌tommy,黄昏后的相约,github_v2,0.75
李骏驹kirbylee,光荣,github_dataset,0.8
李骏驹kirbylee,光荣,github_extended,0.7
李骏驹kirbylee,光荣,github_v2,0.75
李骏驹kirbylee,北京,github_dataset,0.8
李骏驹kirbylee,北京,github_extended,0.7
李骏驹kirbylee,北京,github_v2,0.75
李骏驹kirbylee,和平,github_dataset,0.8
李骏驹kirbylee,和平,github_extended,0.7
李骏驹kirbylee,和平,github_v2,0.75
李骏驹kirbylee,回忆,github_dataset,0.8
李骏驹kirbylee,回忆,github_extended,0.7
李骏驹kirbylee,回忆,github_v2,0.75
李骏驹kirbylee,国家,github_dataset,0.8
李骏驹kirbylee,国家,github_extended,0.7
李骏驹kirbylee,国家,github_v2,0.75
李骏驹kirbylee,我的小学,github_dataset,0.8
李骏驹kirbylee,我的小学,github_extended,0.7
李骏驹kirbylee,我的小学,github_v2,0.75
李骏驹kirbylee,春天在哪里,github_dataset,0.8
李骏驹kirbylee,春天在哪里,github_extended,0.7
李骏驹kirbylee,春天在哪里,github_v2,0.75
李骏驹kirbylee,爱上她,github_dataset,0.8
李骏驹kirbylee,爱上她,github_extended,0.7
李骏驹kirbylee,爱上她,github_v2,0.75
李骏驹kirbylee,牛A的弟弟,github_dataset,0.8
李骏驹kirbylee,牛A的弟弟,github_extended,0.7
李骏驹kirbylee,牛A的弟弟,github_v2,0.75
李骏驹kirbylee,现实,github_dataset,0.8
李骏驹kirbylee,现实,github_extended,0.7
李骏驹kirbylee,现实,github_v2,0.75
李骏驹kirbylee,马拉松,github_dataset,0.8
李骏驹kirbylee,马拉松,github_extended,0.7
李骏驹kirbylee,马拉松,github_v2,0.75
杨和苏,Bboy Drim,lrc_cx_build,0.88
杨和苏,Freedom,lrc_cx_build,0.88
杨和苏,G.O.A.T,lrc_cx_build,0.88
杨和苏,My Way,lrc_cx_build,0.88
杨和苏,Not Alone,lrc_cx_build,0.88
杨和苏,The Way I Am,lrc_cx_build,0.88
杨和苏,光,lrc_cx_build,0.88
杨和苏,夜,lrc_cx_build,0.88
杨和苏,天,lrc_cx_build,0.88
杨和苏,天地孤身任我行,lrc_cx_build,0.88
杨和苏,心,lrc_cx_build,0.88
杨和苏,悟空,lrc_cx_build,0.88
杨和苏,我要赢,lrc_cx_build,0.88
杨和苏,月,lrc_cx_build,0.88
杨和苏,梦,lrc_cx_build,0.88
杨和苏,火力全开,lrc_cx_build,0.88
杨和苏,爱,lrc_cx_build,0.88
杨和苏,空耳,netease_top,0.85
杨和苏,花,lrc_cx_build,0.88
杨和苏,雨,lrc_cx_build,0.88
杨和苏,风,lrc_cx_build,0.88
杨和苏KeyNG,Don't Diss,github_dataset,0.8
杨和苏KeyNG,Don't Diss,github_extended,0.7
杨和苏KeyNG,Don't Diss,github_v2,0.75
杨和苏KeyNG,My Resume,github_dataset,0.8
杨和苏KeyNG,My Resume,github_extended,0.7
杨和苏KeyNG,My Resume,github_v2,0.75
杨和苏KeyNG,Pray For You,github_dataset,0.8
杨和苏KeyNG,Pray For You,github_extended,0.7
杨和苏KeyNG,Pray For You,github_v2,0.75
杨和苏KeyNG,"Sleep, Read, Love",github_dataset,0.8
杨和苏KeyNG,"Sleep, Read, Love",github_extended,0.7
杨和苏KeyNG,"Sleep, Read, Love",github_v2,0.75
杨和苏KeyNG,Who's Real,github_dataset,0.8
杨和苏KeyNG,Who's Real,github_extended,0.7
杨和苏KeyNG,Who's Real,github_v2,0.75
杨和苏KeyNG,兔八哥 (Live),github_dataset,0.8
杨和苏KeyNG,兔八哥 (Live),github_extended,0.7
杨和苏KeyNG,兔八哥 (Live),github_v2,0.75
杨和苏KeyNG,加冕,github_dataset,0.8
杨和苏KeyNG,加冕,github_extended,0.7
杨和苏KeyNG,加冕,github_v2,0.75
杨和苏KeyNG,吹又生,github_dataset,0.8
杨和苏KeyNG,吹又生,github_extended,0.7
杨和苏KeyNG,吹又生,github_v2,0.75
杨和苏KeyNG,大娱乐家,lrc_cx_ext,0.85
杨和苏KeyNG,大娱乐家 (Remix),lrc_cx_ext,0.85
杨和苏KeyNG,安静的稻草人 (Live),github_dataset,0.8
杨和苏KeyNG,安静的稻草人 (Live),github_extended,0.7
杨和苏KeyNG,安静的稻草人 (Live),github_v2,0.75
杨和苏KeyNG,成人礼,github_dataset,0.8
杨和苏KeyNG,成人礼,github_extended,0.7
杨和苏KeyNG,成人礼,github_v2,0.75
杨和苏KeyNG,最初的时候,github_dataset,0.8
杨和苏KeyNG,最初的时候,github_extended,0.7
杨和苏KeyNG,最初的时候,github_v2,0.75
杨和苏KeyNG,最后的狂欢,github_dataset,0.8
杨和苏KeyNG,最后的狂欢,github_extended,0.7
杨和苏KeyNG,最后的狂欢,github_v2,0.75
杨和苏KeyNG,活死人2018Cypher,github_dataset,0.8
杨和苏KeyNG,活死人2018Cypher,github_extended,0.7
杨和苏KeyNG,活死人2018Cypher,github_v2,0.75
杨和苏KeyNG,空耳,lrc_cx_ext,0.85
杨和苏KeyNG,空耳 (Remix),lrc_cx_ext,0.85
杨和苏KeyNG,要 bigger,lrc_cx_ext,0.85
杨和苏KeyNG,要 bigger (Remix),lrc_cx_ext,0.85
杨和苏KeyNG,豹雪,github_dataset,0.8
杨和苏KeyNG,豹雪,github_extended,0.7
杨和苏KeyNG,豹雪,github_v2,0.75
杨和苏KeyNG,都走了,github_dataset,0.8
杨和苏KeyNG,都走了,github_extended,0.7
杨和苏KeyNG,都走了,github_v2,0.75
杨和苏KeyNG,鱼和熊掌,github_dataset,0.8
杨和苏KeyNG,鱼和熊掌,github_extended,0.7
杨和苏KeyNG,鱼和熊掌,github_v2,0.75
杨和苏KeyNG,黑白彩虹（feat. 张馨月）,github_dataset,0.8
杨和苏KeyNG,黑白彩虹（feat. 张馨月）,github_extended,0.7
杨和苏KeyNG,黑白彩虹（feat. 张馨月）,github_v2,0.75
杨和苏KeyNG,黑马 (Live),github_dataset,0.8
杨和苏KeyNG,黑马 (Live),github_extended,0.7
杨和苏KeyNG,黑马 (Live),github_v2,0.75
杨晓川,Album of the year freestyle J Cole Remix,github_dataset,0.8
杨晓川,Album of the year freestyle J Cole Remix,github_extended,0.7
杨晓川,Album of the year freestyle J Cole Remix,github_v2,0.75
杨晓川,Bayarea Pre-Style,github_dataset,0.8
杨晓川,Bayarea Pre-Style,github_extended,0.7
杨晓川,Bayarea Pre-Style,github_v2,0.75
杨晓川,Ghetto Boy,github_dataset,0.8
杨晓川,Ghetto Boy,github_extended,0.7
杨晓川,Ghetto Boy,github_v2,0.75
杨晓川,I Don't Wanna,github_dataset,0.8
杨晓川,I Don't Wanna,github_extended,0.7
杨晓川,I Don't Wanna,github_v2,0.75
杨晓川,If I Fall,github_dataset,0.8
杨晓川,If I Fall,github_extended,0.7
杨晓川,If I Fall,github_v2,0.75
杨晓川,KEEP SLEEPING ON ME,github_dataset,0.8
杨晓川,KEEP SLEEPING ON ME,github_extended,0.7
杨晓川,KEEP SLEEPING ON ME,github_v2,0.75
杨晓川,Kiss My Ping Pong,github_dataset,0.8
杨晓川,Kiss My Ping Pong,github_extended,0.7
杨晓川,Kiss My Ping Pong,github_v2,0.75
杨晓川,Let It Go,github_dataset,0.8
杨晓川,Let It Go,github_extended,0.7
杨晓川,Let It Go,github_v2,0.75
杨晓川,My Resume,github_dataset,0.8
杨晓川,My Resume,github_extended,0.7
杨晓川,My Resume,github_v2,0.75
杨晓川,Win Or Lose,github_dataset,0.8
杨晓川,Win Or Lose,github_extended,0.7
杨晓川,Win Or Lose,github_v2,0.75
杨晓川,三人行,github_dataset,0.8
杨晓川,三人行,github_extended,0.7
杨晓川,三人行,github_v2,0.75
杨晓川,功夫 (Live),github_dataset,0.8
杨晓川,功夫 (Live),github_extended,0.7
杨晓川,功夫 (Live),github_v2,0.75
杨晓川,胡建人,github_dataset,0.8
杨晓川,胡建人,github_extended,0.7
杨晓川,胡建人,github_v2,0.75
杨晓川,街头冠军,github_dataset,0.8
杨晓川,街头冠军,github_extended,0.7
杨晓川,街头冠军,github_v2,0.75
欧阳靖jin,1997,github_dataset,0.8
欧阳靖jin,1997,github_extended,0.7
欧阳靖jin,1997,github_v2,0.75
欧阳靖jin,2010,github_dataset,0.8
欧阳靖jin,2010,github_extended,0.7
欧阳靖jin,2010,github_v2,0.75
欧阳靖jin,711,github_dataset,0.8
欧阳靖jin,711,github_extended,0.7
欧阳靖jin,711,github_v2,0.75
欧阳靖jin,ABC,github_dataset,0.8
欧阳靖jin,ABC,github_extended,0.7
欧阳靖jin,ABC,github_v2,0.75
欧阳靖jin,Abc,github_dataset,0.8
欧阳靖jin,Abc,github_extended,0.7
欧阳靖jin,Abc,github_v2,0.75
欧阳靖jin,Bao Cho Rap Yao,github_dataset,0.8
欧阳靖jin,Bao Cho Rap Yao,github_extended,0.7
欧阳靖jin,Bao Cho Rap Yao,github_v2,0.75
欧阳靖jin,Brand New Me,github_dataset,0.8
欧阳靖jin,Brand New Me,github_extended,0.7
欧阳靖jin,Brand New Me,github_v2,0.75
欧阳靖jin,Broken (feat. Caleb Lin),github_dataset,0.8
欧阳靖jin,Broken (feat. Caleb Lin),github_extended,0.7
欧阳靖jin,Broken (feat. Caleb Lin),github_v2,0.75
欧阳靖jin,Chinese New Year,github_dataset,0.8
欧阳靖jin,Chinese New Year,github_extended,0.7
欧阳靖jin,Chinese New Year,github_v2,0.75
欧阳靖jin,Comin' Up,github_dataset,0.8
欧阳靖jin,Comin' Up,github_extended,0.7
欧阳靖jin,Comin' Up,github_v2,0.75
欧阳靖jin,Complicated (feat. Hollis),github_dataset,0.8
欧阳靖jin,Complicated (feat. Hollis),github_extended,0.7
欧阳靖jin,Complicated (feat. Hollis),github_v2,0.75
欧阳靖jin,DEBUT,github_dataset,0.8
欧阳靖jin,DEBUT,github_extended,0.7
欧阳靖jin,DEBUT,github_v2,0.75
欧阳靖jin,Debut (Live),github_dataset,0.8
欧阳靖jin,Debut (Live),github_extended,0.7
欧阳靖jin,Debut (Live),github_v2,0.75
欧阳靖jin,"Eat, Sleep, and Die",github_dataset,0.8
欧阳靖jin,"Eat, Sleep, and Die",github_extended,0.7
欧阳靖jin,"Eat, Sleep, and Die",github_v2,0.75
欧阳靖jin,Fan Mail,github_dataset,0.8
欧阳靖jin,Fan Mail,github_extended,0.7
欧阳靖jin,Fan Mail,github_v2,0.75
欧阳靖jin,Glow (feat. Tim Be Told),github_dataset,0.8
欧阳靖jin,Glow (feat. Tim Be Told),github_extended,0.7
欧阳靖jin,Glow (feat. Tim Be Told),github_v2,0.75
欧阳靖jin,HK Superstar,github_dataset,0.8
欧阳靖jin,HK Superstar,github_extended,0.7
欧阳靖jin,HK Superstar,github_v2,0.75
欧阳靖jin,Heaven's Ceiling (feat. Bére),github_dataset,0.8
欧阳靖jin,Heaven's Ceiling (feat. Bére),github_extended,0.7
欧阳靖jin,Heaven's Ceiling (feat. Bére),github_v2,0.75
欧阳靖jin,HipHopMan,github_dataset,0.8
欧阳靖jin,HipHopMan,github_extended,0.7
欧阳靖jin,HipHopMan,github_v2,0.75
欧阳靖jin,I Got a Love,github_dataset,0.8
欧阳靖jin,I Got a Love,github_extended,0.7
欧阳靖jin,I Got a Love,github_v2,0.75
欧阳靖jin,Ladies and Gentlemen,github_dataset,0.8
欧阳靖jin,Ladies and Gentlemen,github_extended,0.7
欧阳靖jin,Ladies and Gentlemen,github_v2,0.75
欧阳靖jin,Learn Chinese,github_dataset,0.8
欧阳靖jin,Learn Chinese,github_extended,0.7
欧阳靖jin,Learn Chinese,github_v2,0.75
欧阳靖jin,Like a Rock (feat. Tim Be Told),github_dataset,0.8
欧阳靖jin,Like a Rock (feat. Tim Be Told),github_extended,0.7
欧阳靖jin,Like a Rock (feat. Tim Be Told),github_v2,0.75
欧阳靖jin,Make Your Move ,github_dataset,0.8
欧阳靖jin,Make Your Move ,github_extended,0.7
欧阳靖jin,Make Your Move ,github_v2,0.75
欧阳靖jin,Money,github_dataset,0.8
欧阳靖jin,Money,github_extended,0.7
欧阳靖jin,Money,github_v2,0.75
欧阳靖jin,Peel Off,github_dataset,0.8
欧阳靖jin,Peel Off,github_extended,0.7
欧阳靖jin,Peel Off,github_v2,0.75
欧阳靖jin,Super NBA,github_dataset,0.8
欧阳靖jin,Super NBA,github_extended,0.7
欧阳靖jin,Super NBA,github_v2,0.75
欧阳靖jin,The Come Thru,github_dataset,0.8
欧阳靖jin,The Come Thru,github_extended,0.7
欧阳靖jin,The Come Thru,github_v2,0.75
欧阳靖jin,Welcome to the Club (feat. Teesa),github_dataset,0.8
欧阳靖jin,Welcome to the Club (feat. Teesa),github_extended,0.7
欧阳靖jin,Welcome to the Club (feat. Teesa),github_v2,0.75
欧阳靖jin,When the Lights Come On,github_dataset,0.8
欧阳靖jin,When the Lights Come On,github_extended,0.7
欧阳靖jin,When the Lights Come On,github_v2,0.75
欧阳靖jin,Zero (Live),github_dataset,0.8
欧阳靖jin,Zero (Live),github_extended,0.7
欧阳靖jin,Zero (Live),github_v2,0.75
欧阳靖jin,不准吸烟,github_dataset,0.8
欧阳靖jin,不准吸烟,github_extended,0.7
欧阳靖jin,不准吸烟,github_v2,0.75
欧阳靖jin,世代之初,github_dataset,0.8
欧阳靖jin,世代之初,github_extended,0.7
欧阳靖jin,世代之初,github_v2,0.75
欧阳靖jin,世纪婚礼,github_dataset,0.8
欧阳靖jin,世纪婚礼,github_extended,0.7
欧阳靖jin,世纪婚礼,github_v2,0.75
欧阳靖jin,人气急升,github_dataset,0.8
欧阳靖jin,人气急升,github_extended,0.7
欧阳靖jin,人气急升,github_v2,0.75
欧阳靖jin,免费RAP,github_dataset,0.8
欧阳靖jin,免费RAP,github_extended,0.7
欧阳靖jin,免费RAP,github_v2,0.75
欧阳靖jin,四围RAP(featuring 24味),github_dataset,0.8
欧阳靖jin,四围RAP(featuring 24味),github_extended,0.7
欧阳靖jin,四围RAP(featuring 24味),github_v2,0.75
欧阳靖jin,回香靖,github_dataset,0.8
欧阳靖jin,回香靖,github_extended,0.7
欧阳靖jin,回香靖,github_v2,0.75
欧阳靖jin,圣诞Rap,github_dataset,0.8
欧阳靖jin,圣诞Rap,github_extended,0.7
欧阳靖jin,圣诞Rap,github_v2,0.75
欧阳靖jin,我们的梦,github_dataset,0.8
欧阳靖jin,我们的梦,github_extended,0.7
欧阳靖jin,我们的梦,github_v2,0.75
欧阳靖jin,方便面,github_dataset,0.8
欧阳靖jin,方便面,github_extended,0.7
欧阳靖jin,方便面,github_v2,0.75
欧阳靖jin,照做,github_dataset,0.8
欧阳靖jin,照做,github_extended,0.7
欧阳靖jin,照做,github_v2,0.75
欧阳靖jin,真正 Hip Hop,github_dataset,0.8
欧阳靖jin,真正 Hip Hop,github_extended,0.7
欧阳靖jin,真正 Hip Hop,github_v2,0.75
欧阳靖jin,真正 Hip-Hop,github_dataset,0.8
欧阳靖jin,真正 Hip-Hop,github_extended,0.7
欧阳靖jin,真正 Hip-Hop,github_v2,0.75
欧阳靖jin,秋香怒点唐伯虎,github_dataset,0.8
欧阳靖jin,秋香怒点唐伯虎,github_extended,0.7
欧阳靖jin,秋香怒点唐伯虎,github_v2,0.75
欧阳靖jin,红馆见,github_dataset,0.8
欧阳靖jin,红馆见,github_extended,0.7
欧阳靖jin,红馆见,github_v2,0.75
欧阳靖jin,识讲唔识睇,github_dataset,0.8
欧阳靖jin,识讲唔识睇,github_extended,0.7
欧阳靖jin,识讲唔识睇,github_v2,0.75
欧阳靖jin,零,github_dataset,0.8
欧阳靖jin,零,github_extended,0.7
欧阳靖jin,零,github_v2,0.75
欧阳靖jin,饮啖茶,github_dataset,0.8
欧阳靖jin,饮啖茶,github_extended,0.7
欧阳靖jin,饮啖茶,github_v2,0.75
欧阳靖jin,香港 Superstar,github_dataset,0.8
欧阳靖jin,香港 Superstar,github_extended,0.7
欧阳靖jin,香港 Superstar,github_v2,0.75
毛衍七Vava,300环之歌,github_dataset,0.8
毛衍七Vava,300环之歌,github_extended,0.7
毛衍七Vava,300环之歌,github_v2,0.75
毛衍七Vava,4,github_dataset,0.8
毛衍七Vava,4,github_extended,0.7
毛衍七Vava,4,github_v2,0.75
毛衍七Vava,Always On The Road,github_dataset,0.8
毛衍七Vava,Always On The Road,github_extended,0.7
毛衍七Vava,Always On The Road,github_v2,0.75
毛衍七Vava,Always on the Road,github_dataset,0.8
毛衍七Vava,Always on the Road,github_extended,0.7
毛衍七Vava,Always on the Road,github_v2,0.75
毛衍七Vava,Back In My Zone,github_dataset,0.8
毛衍七Vava,Back In My Zone,github_extended,0.7
毛衍七Vava,Back In My Zone,github_v2,0.75
毛衍七Vava,Blossoms,github_dataset,0.8
毛衍七Vava,Blossoms,github_extended,0.7
毛衍七Vava,Blossoms,github_v2,0.75
毛衍七Vava,EGO,github_dataset,0.8
毛衍七Vava,EGO,github_extended,0.7
毛衍七Vava,EGO,github_v2,0.75
毛衍七Vava,Ego (feat. Blow Fever &amp; Lexie),github_dataset,0.8
毛衍七Vava,Ego (feat. Blow Fever &amp; Lexie),github_extended,0.7
毛衍七Vava,Ego (feat. Blow Fever &amp; Lexie),github_v2,0.75
毛衍七Vava,Five Plus Girls,github_dataset,0.8
毛衍七Vava,Five Plus Girls,github_extended,0.7
毛衍七Vava,Five Plus Girls,github_v2,0.75
毛衍七Vava,Get It On The Floor,github_dataset,0.8
毛衍七Vava,Get It On The Floor,github_extended,0.7
毛衍七Vava,Get It On The Floor,github_v2,0.75
毛衍七Vava,Happy Everyday,github_dataset,0.8
毛衍七Vava,Happy Everyday,github_extended,0.7
毛衍七Vava,Happy Everyday,github_v2,0.75
毛衍七Vava,Jump out of the window,github_dataset,0.8
毛衍七Vava,Jump out of the window,github_extended,0.7
毛衍七Vava,Jump out of the window,github_v2,0.75
毛衍七Vava,Kill Cover ,github_dataset,0.8
毛衍七Vava,Kill Cover ,github_extended,0.7
毛衍七Vava,Kill Cover ,github_v2,0.75
毛衍七Vava,Life's A Struggle (Live),github_dataset,0.8
毛衍七Vava,Life's A Struggle (Live),github_extended,0.7
毛衍七Vava,Life's A Struggle (Live),github_v2,0.75
毛衍七Vava,Life's a struggle,github_dataset,0.8
毛衍七Vava,Life's a struggle,github_extended,0.7
毛衍七Vava,Life's a struggle,github_v2,0.75
毛衍七Vava,My New Swag,github_dataset,0.8
毛衍七Vava,My New Swag,github_extended,0.7
毛衍七Vava,My New Swag,github_v2,0.75
毛衍七Vava,New World,github_dataset,0.8
毛衍七Vava,New World,github_extended,0.7
毛衍七Vava,New World,github_v2,0.75
毛衍七Vava,New world,github_dataset,0.8
毛衍七Vava,New world,github_extended,0.7
毛衍七Vava,New world,github_v2,0.75
毛衍七Vava,On My Way (Outro),github_dataset,0.8
毛衍七Vava,On My Way (Outro),github_extended,0.7
毛衍七Vava,On My Way (Outro),github_v2,0.75
毛衍七Vava,One,github_dataset,0.8
毛衍七Vava,One,github_extended,0.7
毛衍七Vava,One,github_v2,0.75
毛衍七Vava,People On The Move,github_dataset,0.8
毛衍七Vava,People On The Move,github_extended,0.7
毛衍七Vava,People On The Move,github_v2,0.75
毛衍七Vava,Rainbow (Live),github_dataset,0.8
毛衍七Vava,Rainbow (Live),github_extended,0.7
毛衍七Vava,Rainbow (Live),github_v2,0.75
毛衍七Vava,Rap Star,github_dataset,0.8
毛衍七Vava,Rap Star,github_extended,0.7
毛衍七Vava,Rap Star,github_v2,0.75
毛衍七Vava,U Should Know My Name (Intro),github_dataset,0.8
毛衍七Vava,U Should Know My Name (Intro),github_extended,0.7
毛衍七Vava,U Should Know My Name (Intro),github_v2,0.75
毛衍七Vava,中国姑娘,github_dataset,0.8
毛衍七Vava,中国姑娘,github_extended,0.7
毛衍七Vava,中国姑娘,github_v2,0.75
毛衍七Vava,型由我定,github_dataset,0.8
毛衍七Vava,型由我定,github_extended,0.7
毛衍七Vava,型由我定,github_v2,0.75
毛衍七Vava,我的新衣,github_dataset,0.8
毛衍七Vava,我的新衣,github_extended,0.7
毛衍七Vava,我的新衣,github_v2,0.75
毛衍七Vava,找朋友,github_dataset,0.8
毛衍七Vava,找朋友,github_extended,0.7
毛衍七Vava,找朋友,github_v2,0.75
毛衍七Vava,王者英雄说唱-荆轲 【王者荣耀】,github_dataset,0.8
毛衍七Vava,王者英雄说唱-荆轲 【王者荣耀】,github_extended,0.7
毛衍七Vava,王者英雄说唱-荆轲 【王者荣耀】,github_v2,0.75
毛衍七Vava,让 (feat. Evis Wy),github_dataset,0.8
毛衍七Vava,让 (feat. Evis Wy),github_extended,0.7
毛衍七Vava,让 (feat. Evis Wy),github_v2,0.75
毛衍七Vava,说唱大帝,github_dataset,0.8
毛衍七Vava,说唱大帝,github_extended,0.7
毛衍七Vava,说唱大帝,github_v2,0.75
毛衍七Vava,选我 伴奏（VaVa版）,github_dataset,0.8
毛衍七Vava,选我 伴奏（VaVa版）,github_extended,0.7
毛衍七Vava,选我 伴奏（VaVa版）,github_v2,0.75
毛衍七Vava,选我（Evis Wy x Q.luv x VaVa),github_dataset,0.8
毛衍七Vava,选我（Evis Wy x Q.luv x VaVa),github_extended,0.7
毛衍七Vava,选我（Evis Wy x Q.luv x VaVa),github_v2,0.75
毛衍七Vava,镜像,github_dataset,0.8
毛衍七Vava,镜像,github_extended,0.7
毛衍七Vava,镜像,github_v2,0.75
法老,100,github_dataset,0.8
法老,100,github_extended,0.7
法老,100,github_v2,0.75
法老,AFK（feat.Buzzy）,github_dataset,0.8
法老,AFK（feat.Buzzy）,github_extended,0.7
法老,AFK（feat.Buzzy）,github_v2,0.75
法老,Cheeseburger,github_dataset,0.8
法老,Cheeseburger,github_extended,0.7
法老,Cheeseburger,github_v2,0.75
法老,Eminem-lucky you（法老 Remix）,github_dataset,0.8
法老,Eminem-lucky you（法老 Remix）,github_extended,0.7
法老,Eminem-lucky you（法老 Remix）,github_v2,0.75
法老,Ghost face,github_dataset,0.8
法老,Ghost face,github_extended,0.7
法老,Ghost face,github_v2,0.75
法老,IP man (feat.Dax),github_dataset,0.8
法老,IP man (feat.Dax),github_extended,0.7
法老,IP man (feat.Dax),github_v2,0.75
法老,I’m not a killer,github_dataset,0.8
法老,I’m not a killer,github_extended,0.7
法老,I’m not a killer,github_v2,0.75
法老,Killing Me,lrc_cx_ext,0.85
法老,Legend,github_dataset,0.8
法老,Legend,github_extended,0.7
法老,Legend,github_v2,0.75
法老,Logic - Dear god (remix）,github_dataset,0.8
法老,Logic - Dear god (remix）,github_extended,0.7
法老,Logic - Dear god (remix）,github_v2,0.75
法老,Present Fascism (当代法西斯）,github_dataset,0.8
法老,Present Fascism (当代法西斯）,github_extended,0.7
法老,Present Fascism (当代法西斯）,github_v2,0.75
法老,Walkin dad(feat. Viito),github_dataset,0.8
法老,Walkin dad(feat. Viito),github_extended,0.7
法老,Walkin dad(feat. Viito),github_v2,0.75
法老,fight to the fire,github_dataset,0.8
法老,fight to the fire,github_extended,0.7
法老,fight to the fire,github_v2,0.75
法老,hardcore head to toe （Feat.畸形儿KKK）,github_dataset,0.8
法老,hardcore head to toe （Feat.畸形儿KKK）,github_extended,0.7
法老,hardcore head to toe （Feat.畸形儿KKK）,github_v2,0.75
法老,omg,github_dataset,0.8
法老,omg,github_extended,0.7
法老,omg,github_v2,0.75
法老,pharaoh（intro）,github_dataset,0.8
法老,pharaoh（intro）,github_extended,0.7
法老,pharaoh（intro）,github_v2,0.75
法老,respect,github_dataset,0.8
法老,respect,github_extended,0.7
法老,respect,github_v2,0.75
法老,same love(remix)（Cover ）,github_dataset,0.8
法老,same love(remix)（Cover ）,github_extended,0.7
法老,same love(remix)（Cover ）,github_v2,0.75
法老,“End of the world”,github_dataset,0.8
法老,“End of the world”,github_extended,0.7
法老,“End of the world”,github_v2,0.75
法老,上学威龙,github_dataset,0.8
法老,上学威龙,github_extended,0.7
法老,上学威龙,github_v2,0.75
法老,上海往事,lrc_cx_build,0.88
法老,不悔,lrc_cx_ext,0.85
法老,丑陋鼠草,github_dataset,0.8
法老,丑陋鼠草,github_extended,0.7
法老,丑陋鼠草,github_v2,0.75
法老,中国新说唱,lrc_cx_ext,0.85
法老,中国新说唱,netease_top,0.85
法老,丹镇北京/刘悦spam/Saber梁维嘉/黄硕N-Bomb-UNDERGROUND SHIT REMIX — feat.法老（丹镇北京/刘悦spam/Saber梁维嘉/黄硕N-Bomb/法老 Remix）,github_dataset,0.8
法老,丹镇北京/刘悦spam/Saber梁维嘉/黄硕N-Bomb-UNDERGROUND SHIT REMIX — feat.法老（丹镇北京/刘悦spam/Saber梁维嘉/黄硕N-Bomb/法老 Remix）,github_extended,0.7
法老,丹镇北京/刘悦spam/Saber梁维嘉/黄硕N-Bomb-UNDERGROUND SHIT REMIX — feat.法老（丹镇北京/刘悦spam/Saber梁维嘉/黄硕N-Bomb/法老 Remix）,github_v2,0.75
法老,九尾狐,lrc_cx_ext,0.85
法老,九尾狐,netease_top,0.85
法老,亲密爱人2017（feat. 酷癌）,github_dataset,0.8
法老,亲密爱人2017（feat. 酷癌）,github_extended,0.7
法老,亲密爱人2017（feat. 酷癌）,github_v2,0.75
法老,今天也要开心啊,lrc_cx_build,0.88
法老,公敌,github_dataset,0.8
法老,公敌,github_extended,0.7
法老,公敌,github_v2,0.75
法老,内卷天后,lrc_cx_build,0.88
法老,内卷天后,lrc_cx_ext,0.85
法老,内卷天后,netease_top,0.85
法老,凛冬将至(Winter Is Coming),github_dataset,0.8
法老,凛冬将至(Winter Is Coming),github_extended,0.7
法老,凛冬将至(Winter Is Coming),github_v2,0.75
法老,别让我担心,lrc_cx_build,0.88
法老,劈瓜,lrc_cx_build,0.88
法老,哈！北京,lrc_cx_ext,0.85
法老,哈！北京,netease_top,0.85
法老,回家,github_dataset,0.8
法老,回家,github_extended,0.7
法老,回家,github_v2,0.75
法老,大气层,github_dataset,0.8
法老,大气层,github_extended,0.7
法老,大气层,github_v2,0.75
法老,大碗宽面,lrc_cx_ext,0.85
法老,大碗宽面,netease_top,0.85
法老,如果死亡将要来临,github_dataset,0.8
法老,如果死亡将要来临,github_extended,0.7
法老,如果死亡将要来临,github_v2,0.75
法老,异乡人 remix,github_dataset,0.8
法老,异乡人 remix,github_extended,0.7
法老,异乡人 remix,github_v2,0.75
法老,恶作剧,lrc_cx_ext,0.85
法老,悬崖华尔兹 (Live),github_dataset,0.8
法老,悬崖华尔兹 (Live),github_extended,0.7
法老,悬崖华尔兹 (Live),github_v2,0.75
法老,我想part2,github_dataset,0.8
法老,我想part2,github_extended,0.7
法老,我想part2,github_v2,0.75
法老,我想 （正式版）feat.泠风,github_dataset,0.8
法老,我想 （正式版）feat.泠风,github_extended,0.7
法老,我想 （正式版）feat.泠风,github_v2,0.75
法老,我想（feat.MC pharaoh),github_dataset,0.8
法老,我想（feat.MC pharaoh),github_extended,0.7
法老,我想（feat.MC pharaoh),github_v2,0.75
法老,我的新衣,lrc_cx_build,0.88
法老,我的时代,lrc_cx_ext,0.85
法老,改变(feat.Naggy),github_dataset,0.8
法老,改变(feat.Naggy),github_extended,0.7
法老,改变(feat.Naggy),github_v2,0.75
法老,春暖花开（活死人版凛冬将至）,github_dataset,0.8
法老,春暖花开（活死人版凛冬将至）,github_extended,0.7
法老,春暖花开（活死人版凛冬将至）,github_v2,0.75
法老,春芽,lrc_cx_ext,0.85
法老,春芽,netease_top,0.85
法老,有点东西,lrc_cx_ext,0.85
法老,有点东西,netease_top,0.85
法老,未来（feat.Lil.Jet）,github_dataset,0.8
法老,未来（feat.Lil.Jet）,github_extended,0.7
法老,未来（feat.Lil.Jet）,github_v2,0.75
法老,未读消息,github_dataset,0.8
法老,未读消息,github_extended,0.7
法老,未读消息,github_v2,0.75
法老,法老,github_dataset,0.8
法老,法老,github_extended,0.7
法老,法老,github_v2,0.75
法老,法老vs法库,lrc_cx_build,0.88
法老,活死人2018Cypher,github_dataset,0.8
法老,活死人2018Cypher,github_extended,0.7
法老,活死人2018Cypher,github_v2,0.75
法老,爱是什么,github_dataset,0.8
法老,爱是什么,github_extended,0.7
法老,爱是什么,github_v2,0.75
法老,爸爸,lrc_cx_build,0.88
法老,独行侠,github_dataset,0.8
法老,独行侠,github_extended,0.7
法老,独行侠,github_v2,0.75
法老,睡前故事,github_dataset,0.8
法老,睡前故事,github_extended,0.7
法老,睡前故事,github_v2,0.75
法老,砍死法老（feat龙崎）,github_dataset,0.8
法老,砍死法老（feat龙崎）,github_extended,0.7
法老,砍死法老（feat龙崎）,github_v2,0.75
法老,算了自己,lrc_cx_build,0.88
法老,苦海无涯 (Prod. by Yoken),github_dataset,0.8
法老,苦海无涯 (Prod. by Yoken),github_extended,0.7
法老,苦海无涯 (Prod. by Yoken),github_v2,0.75
法老,行尸走肉（活死人feat.八点四十八）,github_dataset,0.8
法老,行尸走肉（活死人feat.八点四十八）,github_extended,0.7
法老,行尸走肉（活死人feat.八点四十八）,github_v2,0.75
法老,说唱新世代,lrc_cx_ext,0.85
法老,说唱新世代,netease_top,0.85
法老,逆光,lrc_cx_ext,0.85
法老,采访,github_dataset,0.8
法老,采访,github_extended,0.7
法老,采访,github_v2,0.75
法老,野狼Disco,lrc_cx_ext,0.85
法老,问题少年,lrc_cx_build,0.88
法老,飞行随笔.pt2,github_dataset,0.8
法老,飞行随笔.pt2,github_extended,0.7
法老,飞行随笔.pt2,github_v2,0.75
法老,飞行随笔.pt3,github_dataset,0.8
法老,飞行随笔.pt3,github_extended,0.7
法老,飞行随笔.pt3,github_v2,0.75
派克特PACT,02 Y,github_dataset,0.8
派克特PACT,02 Y,github_extended,0.7
派克特PACT,02 Y,github_v2,0.75
派克特PACT,04 革命,github_dataset,0.8
派克特PACT,04 革命,github_extended,0.7
派克特PACT,04 革命,github_v2,0.75
派克特PACT,06 得到你的爱,github_dataset,0.8
派克特PACT,06 得到你的爱,github_extended,0.7
派克特PACT,06 得到你的爱,github_v2,0.75
派克特PACT,07 慢慢飞,github_dataset,0.8
派克特PACT,07 慢慢飞,github_extended,0.7
派克特PACT,07 慢慢飞,github_v2,0.75
派克特PACT,08 聊不无聊,github_dataset,0.8
派克特PACT,08 聊不无聊,github_extended,0.7
派克特PACT,08 聊不无聊,github_v2,0.75
派克特PACT,09 夜日,github_dataset,0.8
派克特PACT,09 夜日,github_extended,0.7
派克特PACT,09 夜日,github_v2,0.75
派克特PACT,10 FREEDOM,github_dataset,0.8
派克特PACT,10 FREEDOM,github_extended,0.7
派克特PACT,10 FREEDOM,github_v2,0.75
派克特PACT,11 答案的答案,github_dataset,0.8
派克特PACT,11 答案的答案,github_extended,0.7
派克特PACT,11 答案的答案,github_v2,0.75
派克特PACT,12 Home,github_dataset,0.8
派克特PACT,12 Home,github_extended,0.7
派克特PACT,12 Home,github_v2,0.75
派克特PACT,24小时(Live),github_dataset,0.8
派克特PACT,24小时(Live),github_extended,0.7
派克特PACT,24小时(Live),github_v2,0.75
派克特PACT,Always On The Road,github_dataset,0.8
派克特PACT,Always On The Road,github_extended,0.7
派克特PACT,Always On The Road,github_v2,0.75
派克特PACT,Always on the Road,github_dataset,0.8
派克特PACT,Always on the Road,github_extended,0.7
派克特PACT,Always on the Road,github_v2,0.75
派克特PACT,Better Than Me？Feat. 辛巴 &amp; Pact,github_dataset,0.8
派克特PACT,Better Than Me？Feat. 辛巴 &amp; Pact,github_extended,0.7
派克特PACT,Better Than Me？Feat. 辛巴 &amp; Pact,github_v2,0.75
派克特PACT,HOLD MA HAND,github_dataset,0.8
派克特PACT,HOLD MA HAND,github_extended,0.7
派克特PACT,HOLD MA HAND,github_v2,0.75
派克特PACT,No And Not For A Million Years,github_dataset,0.8
派克特PACT,No And Not For A Million Years,github_extended,0.7
派克特PACT,No And Not For A Million Years,github_v2,0.75
派克特PACT,Y (Live),github_dataset,0.8
派克特PACT,Y (Live),github_extended,0.7
派克特PACT,Y (Live),github_v2,0.75
派克特PACT,再见Hip-Hop,github_dataset,0.8
派克特PACT,再见Hip-Hop,github_extended,0.7
派克特PACT,再见Hip-Hop,github_v2,0.75
派克特PACT,冠军 (Live),github_dataset,0.8
派克特PACT,冠军 (Live),github_extended,0.7
派克特PACT,冠军 (Live),github_v2,0.75
派克特PACT,动脑金 (Live),github_dataset,0.8
派克特PACT,动脑金 (Live),github_extended,0.7
派克特PACT,动脑金 (Live),github_v2,0.75
派克特PACT,唤醒热爱·NBA唤醒季主题曲,github_dataset,0.8
派克特PACT,唤醒热爱·NBA唤醒季主题曲,github_extended,0.7
派克特PACT,唤醒热爱·NBA唤醒季主题曲,github_v2,0.75
派克特PACT,张震岳热狗战队Cypher (Live),github_dataset,0.8
派克特PACT,张震岳热狗战队Cypher (Live),github_extended,0.7
派克特PACT,张震岳热狗战队Cypher (Live),github_v2,0.75
派克特PACT,忘,github_dataset,0.8
派克特PACT,忘,github_extended,0.7
派克特PACT,忘,github_v2,0.75
派克特PACT,派克特（PACT） - 答案的答案 remix(Shout Out To 派克特),github_dataset,0.8
派克特PACT,派克特（PACT） - 答案的答案 remix(Shout Out To 派克特),github_extended,0.7
派克特PACT,派克特（PACT） - 答案的答案 remix(Shout Out To 派克特),github_v2,0.75
派克特PACT,绝可 feat.派克特,github_dataset,0.8
派克特PACT,绝可 feat.派克特,github_extended,0.7
派克特PACT,绝可 feat.派克特,github_v2,0.75
派克特PACT,飞太远 (Live),github_dataset,0.8
派克特PACT,飞太远 (Live),github_extended,0.7
派克特PACT,飞太远 (Live),github_v2,0.75
满舒克,2PHONE,github_dataset,0.8
满舒克,2PHONE,github_extended,0.7
满舒克,2PHONE,github_v2,0.75
满舒克,2phones(Remix),github_dataset,0.8
满舒克,2phones(Remix),github_extended,0.7
满舒克,2phones(Remix),github_v2,0.75
满舒克,ATM,github_dataset,0.8
满舒克,ATM,github_extended,0.7
满舒克,ATM,github_v2,0.75
满舒克,Always On The Road,github_dataset,0.8
满舒克,Always On The Road,github_extended,0.7
满舒克,Always On The Road,github_v2,0.75
满舒克,Always on the Road,github_dataset,0.8
满舒克,Always on the Road,github_extended,0.7
满舒克,Always on the Road,github_v2,0.75
满舒克,Can't take my eyes off you,github_dataset,0.8
满舒克,Can't take my eyes off you,github_extended,0.7
满舒克,Can't take my eyes off you,github_v2,0.75
满舒克,CoolTrip,github_dataset,0.8
满舒克,CoolTrip,github_extended,0.7
满舒克,CoolTrip,github_v2,0.75
满舒克,DAY LOVE NIGHT,github_dataset,0.8
满舒克,DAY LOVE NIGHT,github_extended,0.7
满舒克,DAY LOVE NIGHT,github_v2,0.75
满舒克,Don't Go,github_dataset,0.8
满舒克,Don't Go,github_extended,0.7
满舒克,Don't Go,github_v2,0.75
满舒克,FALL IN LOVE,github_dataset,0.8
满舒克,FALL IN LOVE,github_extended,0.7
满舒克,FALL IN LOVE,github_v2,0.75
满舒克,Feel It Now,github_dataset,0.8
满舒克,Feel It Now,github_extended,0.7
满舒克,Feel It Now,github_v2,0.75
满舒克,Keep My Mind (Live),github_dataset,0.8
满舒克,Keep My Mind (Live),github_extended,0.7
满舒克,Keep My Mind (Live),github_v2,0.75
满舒克,Kill It,github_dataset,0.8
满舒克,Kill It,github_extended,0.7
满舒克,Kill It,github_v2,0.75
满舒克,Logo,github_dataset,0.8
满舒克,Logo,github_extended,0.7
满舒克,Logo,github_v2,0.75
满舒克,My Heart Will Go On,github_dataset,0.8
满舒克,My Heart Will Go On,github_extended,0.7
满舒克,My Heart Will Go On,github_v2,0.75
满舒克,Never Lonely,github_dataset,0.8
满舒克,Never Lonely,github_extended,0.7
满舒克,Never Lonely,github_v2,0.75
满舒克,Pinup Lady,github_dataset,0.8
满舒克,Pinup Lady,github_extended,0.7
满舒克,Pinup Lady,github_v2,0.75
满舒克,Please Everybody,github_dataset,0.8
满舒克,Please Everybody,github_extended,0.7
满舒克,Please Everybody,github_v2,0.75
满舒克,Real Life,github_dataset,0.8
满舒克,Real Life,github_extended,0.7
满舒克,Real Life,github_v2,0.75
满舒克,Stay Alone Together,github_dataset,0.8
满舒克,Stay Alone Together,github_extended,0.7
满舒克,Stay Alone Together,github_v2,0.75
满舒克,Truth,github_dataset,0.8
满舒克,Truth,github_extended,0.7
满舒克,Truth,github_v2,0.75
满舒克,Winter Song (Syrup Remix),github_dataset,0.8
满舒克,Winter Song (Syrup Remix),github_extended,0.7
满舒克,Winter Song (Syrup Remix),github_v2,0.75
满舒克,Yellow Soul (Live),github_dataset,0.8
满舒克,Yellow Soul (Live),github_extended,0.7
满舒克,Yellow Soul (Live),github_v2,0.75
满舒克,You Don't Even Know,github_dataset,0.8
满舒克,You Don't Even Know,github_extended,0.7
满舒克,You Don't Even Know,github_v2,0.75
满舒克,back to the dream,github_dataset,0.8
满舒克,back to the dream,github_extended,0.7
满舒克,back to the dream,github_v2,0.75
满舒克,reset-轮回者（满舒克 / FatKan remix）,github_dataset,0.8
满舒克,reset-轮回者（满舒克 / FatKan remix）,github_extended,0.7
满舒克,reset-轮回者（满舒克 / FatKan remix）,github_v2,0.75
满舒克,不必说再见,github_dataset,0.8
满舒克,不必说再见,github_extended,0.7
满舒克,不必说再见,github_v2,0.75
满舒克,不想错过你,github_dataset,0.8
满舒克,不想错过你,github_extended,0.7
满舒克,不想错过你,github_v2,0.75
满舒克,中国新说唱EP02-RAP02 (Live),github_dataset,0.8
满舒克,中国新说唱EP02-RAP02 (Live),github_extended,0.7
满舒克,中国新说唱EP02-RAP02 (Live),github_v2,0.75
满舒克,你进我退,github_dataset,0.8
满舒克,你进我退,github_extended,0.7
满舒克,你进我退,github_v2,0.75
满舒克,保质期,github_dataset,0.8
满舒克,保质期,github_extended,0.7
满舒克,保质期,github_v2,0.75
满舒克,做我的猫 （圣诞特别版）,github_dataset,0.8
满舒克,做我的猫 （圣诞特别版）,github_extended,0.7
满舒克,做我的猫 （圣诞特别版）,github_v2,0.75
满舒克,凌晨的房间,github_dataset,0.8
满舒克,凌晨的房间,github_extended,0.7
满舒克,凌晨的房间,github_v2,0.75
满舒克,唯一,github_dataset,0.8
满舒克,唯一,github_extended,0.7
满舒克,唯一,github_v2,0.75
满舒克,噢！乖,github_dataset,0.8
满舒克,噢！乖,github_extended,0.7
满舒克,噢！乖,github_v2,0.75
满舒克,夜伴初醒,lrc_cx_ext,0.85
满舒克,夜伴初醒,netease_top,0.85
满舒克,夜伴初醒 (Remix),lrc_cx_ext,0.85
满舒克,大娱乐家,lrc_cx_ext,0.85
满舒克,大娱乐家 (Remix),lrc_cx_ext,0.85
满舒克,天亮前出发,github_dataset,0.8
满舒克,天亮前出发,github_extended,0.7
满舒克,天亮前出发,github_v2,0.75
满舒克,夸张,github_dataset,0.8
满舒克,夸张,github_extended,0.7
满舒克,夸张,github_v2,0.75
满舒克,怎么还没睡,github_dataset,0.8
满舒克,怎么还没睡,github_extended,0.7
满舒克,怎么还没睡,github_v2,0.75
满舒克,慢慢来,github_dataset,0.8
满舒克,慢慢来,github_extended,0.7
满舒克,慢慢来,github_v2,0.75
满舒克,放风筝 ,github_dataset,0.8
满舒克,放风筝 ,github_extended,0.7
满舒克,放风筝 ,github_v2,0.75
满舒克,每一天,github_dataset,0.8
满舒克,每一天,github_extended,0.7
满舒克,每一天,github_v2,0.75
满舒克,浪得冒泡,github_dataset,0.8
满舒克,浪得冒泡,github_extended,0.7
满舒克,浪得冒泡,github_v2,0.75
满舒克,深度失眠,github_dataset,0.8
满舒克,深度失眠,github_extended,0.7
满舒克,深度失眠,github_v2,0.75
满舒克,燃,github_dataset,0.8
满舒克,燃,github_extended,0.7
满舒克,燃,github_v2,0.75
满舒克,燃烧,github_dataset,0.8
满舒克,燃烧,github_extended,0.7
满舒克,燃烧,github_v2,0.75
满舒克,翱翔,github_dataset,0.8
满舒克,翱翔,github_extended,0.7
满舒克,翱翔,github_v2,0.75
满舒克,要 bigger,lrc_cx_ext,0.85
满舒克,要 bigger (Remix),lrc_cx_ext,0.85
满舒克,请你叫我2.0,github_dataset,0.8
满舒克,请你叫我2.0,github_extended,0.7
满舒克,请你叫我2.0,github_v2,0.75
满舒克,追梦 (Live),github_dataset,0.8
满舒克,追梦 (Live),github_extended,0.7
满舒克,追梦 (Live),github_v2,0.75
满舒克,那年我们一起追过的女孩feat.MC何山+孔艺萌 beat prod.by 7JZ,github_dataset,0.8
满舒克,那年我们一起追过的女孩feat.MC何山+孔艺萌 beat prod.by 7JZ,github_extended,0.7
满舒克,那年我们一起追过的女孩feat.MC何山+孔艺萌 beat prod.by 7JZ,github_v2,0.75
满舒克,陪你过夏天,github_dataset,0.8
满舒克,陪你过夏天,github_extended,0.7
满舒克,陪你过夏天,github_v2,0.75
爽子,010,github_dataset,0.8
爽子,010,github_extended,0.7
爽子,010,github_v2,0.75
爽子,Rock2012,github_dataset,0.8
爽子,Rock2012,github_extended,0.7
爽子,Rock2012,github_v2,0.75
爽子,一黑到底,github_dataset,0.8
爽子,一黑到底,github_extended,0.7
爽子,一黑到底,github_v2,0.75
爽子,一黑到底Remix,github_dataset,0.8
爽子,一黑到底Remix,github_extended,0.7
爽子,一黑到底Remix,github_v2,0.75
爽子,写冬天里的一首歌,github_dataset,0.8
爽子,写冬天里的一首歌,github_extended,0.7
爽子,写冬天里的一首歌,github_v2,0.75
爽子,写在冬天里的一首歌,github_dataset,0.8
爽子,写在冬天里的一首歌,github_extended,0.7
爽子,写在冬天里的一首歌,github_v2,0.75
爽子,出去玩,github_dataset,0.8
爽子,出去玩,github_extended,0.7
爽子,出去玩,github_v2,0.75
爽子,别趴下,github_dataset,0.8
爽子,别趴下,github_extended,0.7
爽子,别趴下,github_v2,0.75
爽子,合同,github_dataset,0.8
爽子,合同,github_extended,0.7
爽子,合同,github_v2,0.75
爽子,囧的雷鬼,github_dataset,0.8
爽子,囧的雷鬼,github_extended,0.7
爽子,囧的雷鬼,github_v2,0.75
爽子,在北京,github_dataset,0.8
爽子,在北京,github_extended,0.7
爽子,在北京,github_v2,0.75
爽子,坏孩子,github_dataset,0.8
爽子,坏孩子,github_extended,0.7
爽子,坏孩子,github_v2,0.75
爽子,她,github_dataset,0.8
爽子,她,github_extended,0.7
爽子,她,github_v2,0.75
爽子,对你爱不完,github_dataset,0.8
爽子,对你爱不完,github_extended,0.7
爽子,对你爱不完,github_v2,0.75
爽子,小伙伴,github_dataset,0.8
爽子,小伙伴,github_extended,0.7
爽子,小伙伴,github_v2,0.75
爽子,并不糟糕,github_dataset,0.8
爽子,并不糟糕,github_extended,0.7
爽子,并不糟糕,github_v2,0.75
爽子,怎么回事儿,github_dataset,0.8
爽子,怎么回事儿,github_extended,0.7
爽子,怎么回事儿,github_v2,0.75
爽子,我 的类,github_dataset,0.8
爽子,我 的类,github_extended,0.7
爽子,我 的类,github_v2,0.75
爽子,我就是巨没名,github_dataset,0.8
爽子,我就是巨没名,github_extended,0.7
爽子,我就是巨没名,github_v2,0.75
爽子,我真的累,github_dataset,0.8
爽子,我真的累,github_extended,0.7
爽子,我真的累,github_v2,0.75
爽子,把心事说给爽子听,github_dataset,0.8
爽子,把心事说给爽子听,github_extended,0.7
爽子,把心事说给爽子听,github_v2,0.75
爽子,抑制不住的愤怒,github_dataset,0.8
爽子,抑制不住的愤怒,github_extended,0.7
爽子,抑制不住的愤怒,github_v2,0.75
爽子,挂念,github_dataset,0.8
爽子,挂念,github_extended,0.7
爽子,挂念,github_v2,0.75
爽子,无能为力,github_dataset,0.8
爽子,无能为力,github_extended,0.7
爽子,无能为力,github_v2,0.75
爽子,明天后天,github_dataset,0.8
爽子,明天后天,github_extended,0.7
爽子,明天后天,github_v2,0.75
爽子,没开玩笑,github_dataset,0.8
爽子,没开玩笑,github_extended,0.7
爽子,没开玩笑,github_v2,0.75
爽子,灰remix,github_dataset,0.8
爽子,灰remix,github_extended,0.7
爽子,灰remix,github_v2,0.75
爽子,爽子从地球经过,github_dataset,0.8
爽子,爽子从地球经过,github_extended,0.7
爽子,爽子从地球经过,github_v2,0.75
爽子,生日快乐歌,github_dataset,0.8
爽子,生日快乐歌,github_extended,0.7
爽子,生日快乐歌,github_v2,0.75
爽子,画,github_dataset,0.8
爽子,画,github_extended,0.7
爽子,画,github_v2,0.75
爽子,病,github_dataset,0.8
爽子,病,github_extended,0.7
爽子,病,github_v2,0.75
爽子,礼物,github_dataset,0.8
爽子,礼物,github_extended,0.7
爽子,礼物,github_v2,0.75
爽子,离开,github_dataset,0.8
爽子,离开,github_extended,0.7
爽子,离开,github_v2,0.75
爽子,简单,github_dataset,0.8
爽子,简单,github_extended,0.7
爽子,简单,github_v2,0.75
爽子,老房子,github_dataset,0.8
爽子,老房子,github_extended,0.7
爽子,老房子,github_v2,0.75
爽子,自由的飞,github_dataset,0.8
爽子,自由的飞,github_extended,0.7
爽子,自由的飞,github_v2,0.75
爽子,讲述老百姓自己的故事,github_dataset,0.8
爽子,讲述老百姓自己的故事,github_extended,0.7
爽子,讲述老百姓自己的故事,github_v2,0.75
爽子,过年喽,github_dataset,0.8
爽子,过年喽,github_extended,0.7
爽子,过年喽,github_v2,0.75
爽子,过年喽2015,github_dataset,0.8
爽子,过年喽2015,github_extended,0.7
爽子,过年喽2015,github_v2,0.75
爽子,这是我,github_dataset,0.8
爽子,这是我,github_extended,0.7
爽子,这是我,github_v2,0.75
爽子,那时候,github_dataset,0.8
爽子,那时候,github_extended,0.7
爽子,那时候,github_v2,0.75
爽子,鸽子,github_dataset,0.8
爽子,鸽子,github_extended,0.7
爽子,鸽子,github_v2,0.75
爽子,黑暗中的莲花,github_dataset,0.8
爽子,黑暗中的莲花,github_extended,0.7
爽子,黑暗中的莲花,github_v2,0.75
王以太,- Skrr（王以太 remix）,github_dataset,0.8
王以太,- Skrr（王以太 remix）,github_extended,0.7
王以太,- Skrr（王以太 remix）,github_v2,0.75
王以太,Better Than Me？Feat. 辛巴 &amp; Pact,github_dataset,0.8
王以太,Better Than Me？Feat. 辛巴 &amp; Pact,github_extended,0.7
王以太,Better Than Me？Feat. 辛巴 &amp; Pact,github_v2,0.75
王以太,C.D.C (Panorama City Remix),github_dataset,0.8
王以太,C.D.C (Panorama City Remix),github_extended,0.7
王以太,C.D.C (Panorama City Remix),github_v2,0.75
王以太,Champ(Live),github_dataset,0.8
王以太,Champ(Live),github_extended,0.7
王以太,Champ(Live),github_v2,0.75
王以太,Come and Stay with me,github_dataset,0.8
王以太,Come and Stay with me,github_extended,0.7
王以太,Come and Stay with me,github_v2,0.75
王以太,Dream Girl,github_dataset,0.8
王以太,Dream Girl,github_extended,0.7
王以太,Dream Girl,github_v2,0.75
王以太,FEEL. REMIX,github_dataset,0.8
王以太,FEEL. REMIX,github_extended,0.7
王以太,FEEL. REMIX,github_v2,0.75
王以太,I Feel Great Feat. 黄旭,github_dataset,0.8
王以太,I Feel Great Feat. 黄旭,github_extended,0.7
王以太,I Feel Great Feat. 黄旭,github_v2,0.75
王以太,Liquor Whisper,github_dataset,0.8
王以太,Liquor Whisper,github_extended,0.7
王以太,Liquor Whisper,github_v2,0.75
王以太,Mask Off Remix (freestyle),github_dataset,0.8
王以太,Mask Off Remix (freestyle),github_extended,0.7
王以太,Mask Off Remix (freestyle),github_v2,0.75
王以太,PUMA,github_dataset,0.8
王以太,PUMA,github_extended,0.7
王以太,PUMA,github_v2,0.75
王以太,Shout It Out,github_dataset,0.8
王以太,Shout It Out,github_extended,0.7
王以太,Shout It Out,github_v2,0.75
王以太,wiz khalifa-豹子 (king of everything remix)（王以太 Remix）,github_dataset,0.8
王以太,wiz khalifa-豹子 (king of everything remix)（王以太 Remix）,github_extended,0.7
王以太,wiz khalifa-豹子 (king of everything remix)（王以太 Remix）,github_v2,0.75
王以太,yelawolf - 猎人（till its gone）（王以太 remix）,github_dataset,0.8
王以太,yelawolf - 猎人（till its gone）（王以太 remix）,github_extended,0.7
王以太,yelawolf - 猎人（till its gone）（王以太 remix）,github_v2,0.75
王以太,三思而后行 ,github_dataset,0.8
王以太,三思而后行 ,github_extended,0.7
王以太,三思而后行 ,github_v2,0.75
王以太,中国新说唱EP05-RAP05,github_dataset,0.8
王以太,中国新说唱EP05-RAP05,github_extended,0.7
王以太,中国新说唱EP05-RAP05,github_v2,0.75
王以太,也是福Freestyle Prod. By 也是福,github_dataset,0.8
王以太,也是福Freestyle Prod. By 也是福,github_extended,0.7
王以太,也是福Freestyle Prod. By 也是福,github_v2,0.75
王以太,光,lrc_cx_build,0.88
王以太,冒椒火辣,github_dataset,0.8
王以太,冒椒火辣,github_extended,0.7
王以太,冒椒火辣,github_v2,0.75
王以太,吴亦凡战队Cypher (Live),github_dataset,0.8
王以太,吴亦凡战队Cypher (Live),github_extended,0.7
王以太,吴亦凡战队Cypher (Live),github_v2,0.75
王以太,夜,lrc_cx_build,0.88
王以太,天,lrc_cx_build,0.88
王以太,心,lrc_cx_build,0.88
王以太,悬崖华尔兹 (Live),github_dataset,0.8
王以太,悬崖华尔兹 (Live),github_extended,0.7
王以太,悬崖华尔兹 (Live),github_v2,0.75
王以太,打个总结 (Live),github_dataset,0.8
王以太,打个总结 (Live),github_extended,0.7
王以太,打个总结 (Live),github_v2,0.75
王以太,打个总结 (fly and ride),github_dataset,0.8
王以太,打个总结 (fly and ride),github_extended,0.7
王以太,打个总结 (fly and ride),github_v2,0.75
王以太,时间是金 (Live),github_dataset,0.8
王以太,时间是金 (Live),github_extended,0.7
王以太,时间是金 (Live),github_v2,0.75
王以太,时间是金/ Time Is A Fool,github_dataset,0.8
王以太,时间是金/ Time Is A Fool,github_extended,0.7
王以太,时间是金/ Time Is A Fool,github_v2,0.75
王以太,月,lrc_cx_build,0.88
王以太,有一颗星为我存在,github_dataset,0.8
王以太,有一颗星为我存在,github_extended,0.7
王以太,有一颗星为我存在,github_v2,0.75
王以太,梦,lrc_cx_build,0.88
王以太,梦魇 (live),github_dataset,0.8
王以太,梦魇 (live),github_extended,0.7
王以太,梦魇 (live),github_v2,0.75
王以太,梦魇 Feat 梦徐MX Prod. By CANIS MAJOR,github_dataset,0.8
王以太,梦魇 Feat 梦徐MX Prod. By CANIS MAJOR,github_extended,0.7
王以太,梦魇 Feat 梦徐MX Prod. By CANIS MAJOR,github_v2,0.75
王以太,爱,lrc_cx_build,0.88
王以太,目不转睛,github_dataset,0.8
王以太,目不转睛,github_extended,0.7
王以太,目不转睛,github_v2,0.75
王以太,目不转睛 (Live),github_dataset,0.8
王以太,目不转睛 (Live),github_extended,0.7
王以太,目不转睛 (Live),github_v2,0.75
王以太,童言无忌 (Live),github_dataset,0.8
王以太,童言无忌 (Live),github_extended,0.7
王以太,童言无忌 (Live),github_v2,0.75
王以太,童言无忌（不插电）,github_dataset,0.8
王以太,童言无忌（不插电）,github_extended,0.7
王以太,童言无忌（不插电）,github_v2,0.75
王以太,结不完,github_dataset,0.8
王以太,结不完,github_extended,0.7
王以太,结不完,github_v2,0.75
王以太,结不完REMIX,github_dataset,0.8
王以太,结不完REMIX,github_extended,0.7
王以太,结不完REMIX,github_v2,0.75
王以太,花,lrc_cx_build,0.88
王以太,追梦 (Live),github_dataset,0.8
王以太,追梦 (Live),github_extended,0.7
王以太,追梦 (Live),github_v2,0.75
王以太,铁血战士,github_dataset,0.8
王以太,铁血战士,github_extended,0.7
王以太,铁血战士,github_v2,0.75
王以太,雨,lrc_cx_build,0.88
王以太,风,lrc_cx_build,0.88
王以太,高兴就好,github_dataset,0.8
王以太,高兴就好,github_extended,0.7
王以太,高兴就好,github_v2,0.75
王可Bigdog,02 帆,github_dataset,0.8
王可Bigdog,02 帆,github_extended,0.7
王可Bigdog,02 帆,github_v2,0.75
王可Bigdog,03 Superstar,github_dataset,0.8
王可Bigdog,03 Superstar,github_extended,0.7
王可Bigdog,03 Superstar,github_v2,0.75
王可Bigdog,10 影 SHADOW,github_dataset,0.8
王可Bigdog,10 影 SHADOW,github_extended,0.7
王可Bigdog,10 影 SHADOW,github_v2,0.75
王可Bigdog,2 II,github_dataset,0.8
王可Bigdog,2 II,github_extended,0.7
王可Bigdog,2 II,github_v2,0.75
王可Bigdog,4 洋娃娃和小熊跳舞,github_dataset,0.8
王可Bigdog,4 洋娃娃和小熊跳舞,github_extended,0.7
王可Bigdog,4 洋娃娃和小熊跳舞,github_v2,0.75
王可Bigdog,5 画,github_dataset,0.8
王可Bigdog,5 画,github_extended,0.7
王可Bigdog,5 画,github_v2,0.75
王可Bigdog,6 企图,github_dataset,0.8
王可Bigdog,6 企图,github_extended,0.7
王可Bigdog,6 企图,github_v2,0.75
王可Bigdog,7 讲者第六人,github_dataset,0.8
王可Bigdog,7 讲者第六人,github_extended,0.7
王可Bigdog,7 讲者第六人,github_v2,0.75
王可Bigdog,9 在路上 remix,github_dataset,0.8
王可Bigdog,9 在路上 remix,github_extended,0.7
王可Bigdog,9 在路上 remix,github_v2,0.75
王可Bigdog,We Are Come Back,github_dataset,0.8
王可Bigdog,We Are Come Back,github_extended,0.7
王可Bigdog,We Are Come Back,github_v2,0.75
王可Bigdog,bigdog王可 - 妄语戒,github_dataset,0.8
王可Bigdog,bigdog王可 - 妄语戒,github_extended,0.7
王可Bigdog,bigdog王可 - 妄语戒,github_v2,0.75
王可Bigdog,legends,github_dataset,0.8
王可Bigdog,legends,github_extended,0.7
王可Bigdog,legends,github_v2,0.75
王可Bigdog,唯一的,github_dataset,0.8
王可Bigdog,唯一的,github_extended,0.7
王可Bigdog,唯一的,github_v2,0.75
王可Bigdog,啦啦啦,github_dataset,0.8
王可Bigdog,啦啦啦,github_extended,0.7
王可Bigdog,啦啦啦,github_v2,0.75
王可Bigdog,在路上,github_dataset,0.8
王可Bigdog,在路上,github_extended,0.7
王可Bigdog,在路上,github_v2,0.75
王可Bigdog,妄语戒,github_dataset,0.8
王可Bigdog,妄语戒,github_extended,0.7
王可Bigdog,妄语戒,github_v2,0.75
王可Bigdog,小皮球,github_dataset,0.8
王可Bigdog,小皮球,github_extended,0.7
王可Bigdog,小皮球,github_v2,0.75
王可Bigdog,就这个范儿,github_dataset,0.8
王可Bigdog,就这个范儿,github_extended,0.7
王可Bigdog,就这个范儿,github_v2,0.75
王可Bigdog,接着走,github_dataset,0.8
王可Bigdog,接着走,github_extended,0.7
王可Bigdog,接着走,github_v2,0.75
王可Bigdog,淡淡幽幽,github_dataset,0.8
王可Bigdog,淡淡幽幽,github_extended,0.7
王可Bigdog,淡淡幽幽,github_v2,0.75
王可Bigdog,班扎古鲁白玛的沉默,github_dataset,0.8
王可Bigdog,班扎古鲁白玛的沉默,github_extended,0.7
王可Bigdog,班扎古鲁白玛的沉默,github_v2,0.75
王可Bigdog,继续,github_dataset,0.8
王可Bigdog,继续,github_extended,0.7
王可Bigdog,继续,github_v2,0.75
王可Bigdog,风,github_dataset,0.8
王可Bigdog,风,github_extended,0.7
王可Bigdog,风,github_v2,0.75
王齐铭,一路向北,lrc_cx_ext,0.85
王齐铭,一路向北,netease_top,0.85
王齐铭,去有风的地方,lrc_cx_ext,0.85
王齐铭,叼花,lrc_cx_build,0.88
王齐铭,叼花,lrc_cx_ext,0.85
王齐铭,叼花,netease_top,0.85
王齐铭,城市的光,lrc_cx_ext,0.85
王齐铭,山水之间,lrc_cx_build,0.88
王齐铭,平凡之路,lrc_cx_ext,0.85
王齐铭,平凡人物,lrc_cx_ext,0.85
王齐铭,我本优秀,lrc_cx_build,0.88
王齐铭,我本单纯,lrc_cx_build,0.88
王齐铭,我本善良,lrc_cx_build,0.88
王齐铭,收钱办事,lrc_cx_ext,0.85
王齐铭,收钱办事,netease_top,0.85
王齐铭,辞妈,lrc_cx_ext,0.85
盛宇,WOMAN,lrc_cx_new,0.9
盛宇,大道理,lrc_cx_new,0.9
盛宇,江湖万世,lrc_cx_new,0.9
盛宇 D-Shine,D走,lrc_cx_build,0.88
盛宇 D-Shine,Jungle,lrc_cx_build,0.88
盛宇 D-Shine,WOMAN,lrc_cx_build,0.88
盛宇 D-Shine,你不懂我,lrc_cx_build,0.88
盛宇 D-Shine,大道理,lrc_cx_build,0.88
盛宇 D-Shine,小哥哥,lrc_cx_build,0.88
盛宇 D-Shine,开往春天的列车,lrc_cx_build,0.88
盛宇 D-Shine,我本人,lrc_cx_build,0.88
盛宇 D-Shine,江湖万世,lrc_cx_build,0.88
盛宇 D-Shine,阿果,lrc_cx_build,0.88
盛宇D-SHINE,D-SHINE,lrc_cx_ext,0.85
盛宇D-SHINE,I'm The Man,lrc_cx_ext,0.85
盛宇D-SHINE,Shout Out,lrc_cx_ext,0.85
盛宇D-SHINE,Shout Out,netease_top,0.85
盛宇D-SHINE,Super Star,lrc_cx_ext,0.85
盛宇D-SHINE,Wu Ha,lrc_cx_ext,0.85
盛宇D-SHINE,Wu Ha,netease_top,0.85
盛宇D-SHINE,大道理,lrc_cx_ext,0.85
盛宇D-SHINE,大道理,netease_top,0.85
盛宇D-SHINE,干杯,lrc_cx_ext,0.85
盛宇D-SHINE,干杯,netease_top,0.85
盛宇D-SHINE,成都局,lrc_cx_ext,0.85
盛宇D-SHINE,搞快点,lrc_cx_ext,0.85
盛宇D-SHINE,搞快点,netease_top,0.85
盛宇D-SHINE,阿司匹林,lrc_cx_ext,0.85
盛宇D-SHINE,阿司匹林,netease_top,0.85
直火帮Straight Fire Gang,'16 Spring Freestyle,github_dataset,0.8
直火帮Straight Fire Gang,'16 Spring Freestyle,github_extended,0.7
直火帮Straight Fire Gang,'16 Spring Freestyle,github_v2,0.75
直火帮Straight Fire Gang,25,github_dataset,0.8
直火帮Straight Fire Gang,25,github_extended,0.7
直火帮Straight Fire Gang,25,github_v2,0.75
直火帮Straight Fire Gang,"2:30, 新天地",github_dataset,0.8
直火帮Straight Fire Gang,"2:30, 新天地",github_extended,0.7
直火帮Straight Fire Gang,"2:30, 新天地",github_v2,0.75
直火帮Straight Fire Gang,ANXIETY,github_dataset,0.8
直火帮Straight Fire Gang,ANXIETY,github_extended,0.7
直火帮Straight Fire Gang,ANXIETY,github_v2,0.75
直火帮Straight Fire Gang,Anti-social,github_dataset,0.8
直火帮Straight Fire Gang,Anti-social,github_extended,0.7
直火帮Straight Fire Gang,Anti-social,github_v2,0.75
直火帮Straight Fire Gang,Dead Inside Cypher,github_dataset,0.8
直火帮Straight Fire Gang,Dead Inside Cypher,github_extended,0.7
直火帮Straight Fire Gang,Dead Inside Cypher,github_v2,0.75
直火帮Straight Fire Gang,Dollar Dollar,github_dataset,0.8
直火帮Straight Fire Gang,Dollar Dollar,github_extended,0.7
直火帮Straight Fire Gang,Dollar Dollar,github_v2,0.75
直火帮Straight Fire Gang,FAME,github_dataset,0.8
直火帮Straight Fire Gang,FAME,github_extended,0.7
直火帮Straight Fire Gang,FAME,github_v2,0.75
直火帮Straight Fire Gang,FDG,github_dataset,0.8
直火帮Straight Fire Gang,FDG,github_extended,0.7
直火帮Straight Fire Gang,FDG,github_v2,0.75
直火帮Straight Fire Gang,Family Tree,github_dataset,0.8
直火帮Straight Fire Gang,Family Tree,github_extended,0.7
直火帮Straight Fire Gang,Family Tree,github_v2,0.75
直火帮Straight Fire Gang,Feeling Tired (ft. ODD),github_dataset,0.8
直火帮Straight Fire Gang,Feeling Tired (ft. ODD),github_extended,0.7
直火帮Straight Fire Gang,Feeling Tired (ft. ODD),github_v2,0.75
直火帮Straight Fire Gang,GODDESS-LIKE,github_dataset,0.8
直火帮Straight Fire Gang,GODDESS-LIKE,github_extended,0.7
直火帮Straight Fire Gang,GODDESS-LIKE,github_v2,0.75
直火帮Straight Fire Gang,Girls,github_dataset,0.8
直火帮Straight Fire Gang,Girls,github_extended,0.7
直火帮Straight Fire Gang,Girls,github_v2,0.75
直火帮Straight Fire Gang,Ninja Grime (ft.辛巴),github_dataset,0.8
直火帮Straight Fire Gang,Ninja Grime (ft.辛巴),github_extended,0.7
直火帮Straight Fire Gang,Ninja Grime (ft.辛巴),github_v2,0.75
直火帮Straight Fire Gang,POV,github_dataset,0.8
直火帮Straight Fire Gang,POV,github_extended,0.7
直火帮Straight Fire Gang,POV,github_v2,0.75
直火帮Straight Fire Gang,STAY LOW (ft. 泥鳅),github_dataset,0.8
直火帮Straight Fire Gang,STAY LOW (ft. 泥鳅),github_extended,0.7
直火帮Straight Fire Gang,STAY LOW (ft. 泥鳅),github_v2,0.75
直火帮Straight Fire Gang,TAKE BACK (ft. AlphaSoul),github_dataset,0.8
直火帮Straight Fire Gang,TAKE BACK (ft. AlphaSoul),github_extended,0.7
直火帮Straight Fire Gang,TAKE BACK (ft. AlphaSoul),github_v2,0.75
直火帮Straight Fire Gang,The Style Ain't Free,github_dataset,0.8
直火帮Straight Fire Gang,The Style Ain't Free,github_extended,0.7
直火帮Straight Fire Gang,The Style Ain't Free,github_v2,0.75
直火帮Straight Fire Gang,The Bell Rings (feat. 泥鳅 &amp; 直火帮 XZT),github_dataset,0.8
直火帮Straight Fire Gang,The Bell Rings (feat. 泥鳅 &amp; 直火帮 XZT),github_extended,0.7
直火帮Straight Fire Gang,The Bell Rings (feat. 泥鳅 &amp; 直火帮 XZT),github_v2,0.75
直火帮Straight Fire Gang,udA(Prod. by DiESi),github_dataset,0.8
直火帮Straight Fire Gang,udA(Prod. by DiESi),github_extended,0.7
直火帮Straight Fire Gang,udA(Prod. by DiESi),github_v2,0.75
直火帮Straight Fire Gang,一些三维的意识碎片,github_dataset,0.8
直火帮Straight Fire Gang,一些三维的意识碎片,github_extended,0.7
直火帮Straight Fire Gang,一些三维的意识碎片,github_v2,0.75
直火帮Straight Fire Gang,亿万光年俱乐部,github_dataset,0.8
直火帮Straight Fire Gang,亿万光年俱乐部,github_extended,0.7
直火帮Straight Fire Gang,亿万光年俱乐部,github_v2,0.75
直火帮Straight Fire Gang,从来没有 (feat.法老),github_dataset,0.8
直火帮Straight Fire Gang,从来没有 (feat.法老),github_extended,0.7
直火帮Straight Fire Gang,从来没有 (feat.法老),github_v2,0.75
直火帮Straight Fire Gang,半途(Prod. by DiESi),github_dataset,0.8
直火帮Straight Fire Gang,半途(Prod. by DiESi),github_extended,0.7
直火帮Straight Fire Gang,半途(Prod. by DiESi),github_v2,0.75
直火帮Straight Fire Gang,四重奏,github_dataset,0.8
直火帮Straight Fire Gang,四重奏,github_extended,0.7
直火帮Straight Fire Gang,四重奏,github_v2,0.75
直火帮Straight Fire Gang,天平,github_dataset,0.8
直火帮Straight Fire Gang,天平,github_extended,0.7
直火帮Straight Fire Gang,天平,github_v2,0.75
直火帮Straight Fire Gang,小暑,github_dataset,0.8
直火帮Straight Fire Gang,小暑,github_extended,0.7
直火帮Straight Fire Gang,小暑,github_v2,0.75
直火帮Straight Fire Gang,带你回家,github_dataset,0.8
直火帮Straight Fire Gang,带你回家,github_extended,0.7
直火帮Straight Fire Gang,带你回家,github_v2,0.75
直火帮Straight Fire Gang,我做了一张EP,github_dataset,0.8
直火帮Straight Fire Gang,我做了一张EP,github_extended,0.7
直火帮Straight Fire Gang,我做了一张EP,github_v2,0.75
直火帮Straight Fire Gang,我知道,github_dataset,0.8
直火帮Straight Fire Gang,我知道,github_extended,0.7
直火帮Straight Fire Gang,我知道,github_v2,0.75
直火帮Straight Fire Gang,拖延症,github_dataset,0.8
直火帮Straight Fire Gang,拖延症,github_extended,0.7
直火帮Straight Fire Gang,拖延症,github_v2,0.75
直火帮Straight Fire Gang,捞偏门,github_dataset,0.8
直火帮Straight Fire Gang,捞偏门,github_extended,0.7
直火帮Straight Fire Gang,捞偏门,github_v2,0.75
直火帮Straight Fire Gang,无可奈何,github_dataset,0.8
直火帮Straight Fire Gang,无可奈何,github_extended,0.7
直火帮Straight Fire Gang,无可奈何,github_v2,0.75
直火帮Straight Fire Gang,本命年,github_dataset,0.8
直火帮Straight Fire Gang,本命年,github_extended,0.7
直火帮Straight Fire Gang,本命年,github_v2,0.75
直火帮Straight Fire Gang,浮士德,github_dataset,0.8
直火帮Straight Fire Gang,浮士德,github_extended,0.7
直火帮Straight Fire Gang,浮士德,github_v2,0.75
直火帮Straight Fire Gang,爬墙少年,github_dataset,0.8
直火帮Straight Fire Gang,爬墙少年,github_extended,0.7
直火帮Straight Fire Gang,爬墙少年,github_v2,0.75
直火帮Straight Fire Gang,猫腻,github_dataset,0.8
直火帮Straight Fire Gang,猫腻,github_extended,0.7
直火帮Straight Fire Gang,猫腻,github_v2,0.75
直火帮Straight Fire Gang,神游,github_dataset,0.8
直火帮Straight Fire Gang,神游,github_extended,0.7
直火帮Straight Fire Gang,神游,github_v2,0.75
直火帮Straight Fire Gang,站在镜子前,github_dataset,0.8
直火帮Straight Fire Gang,站在镜子前,github_extended,0.7
直火帮Straight Fire Gang,站在镜子前,github_v2,0.75
直火帮Straight Fire Gang,致美联航 (ft. Shen),github_dataset,0.8
直火帮Straight Fire Gang,致美联航 (ft. Shen),github_extended,0.7
直火帮Straight Fire Gang,致美联航 (ft. Shen),github_v2,0.75
直火帮Straight Fire Gang,财神爷 (feat. 3Bangz &amp;未来星B3Rich),github_dataset,0.8
直火帮Straight Fire Gang,财神爷 (feat. 3Bangz &amp;未来星B3Rich),github_extended,0.7
直火帮Straight Fire Gang,财神爷 (feat. 3Bangz &amp;未来星B3Rich),github_v2,0.75
直火帮Straight Fire Gang,躲雨,github_dataset,0.8
直火帮Straight Fire Gang,躲雨,github_extended,0.7
直火帮Straight Fire Gang,躲雨,github_v2,0.75
直火帮Straight Fire Gang,重混香奈儿 (ft. Lil Jet) (Chanel Remix),github_dataset,0.8
直火帮Straight Fire Gang,重混香奈儿 (ft. Lil Jet) (Chanel Remix),github_extended,0.7
直火帮Straight Fire Gang,重混香奈儿 (ft. Lil Jet) (Chanel Remix),github_v2,0.75
直火帮Straight Fire Gang,隧道,github_dataset,0.8
直火帮Straight Fire Gang,隧道,github_extended,0.7
直火帮Straight Fire Gang,隧道,github_v2,0.75
直火帮Straight Fire Gang,零号,github_dataset,0.8
直火帮Straight Fire Gang,零号,github_extended,0.7
直火帮Straight Fire Gang,零号,github_v2,0.75
直火帮Straight Fire Gang,魔天轮,github_dataset,0.8
直火帮Straight Fire Gang,魔天轮,github_extended,0.7
直火帮Straight Fire Gang,魔天轮,github_v2,0.75
直火帮Straight Fire Gang,鲸吞 (feat. 泥鳅),github_dataset,0.8
直火帮Straight Fire Gang,鲸吞 (feat. 泥鳅),github_extended,0.7
直火帮Straight Fire Gang,鲸吞 (feat. 泥鳅),github_v2,0.75
老郑,CLOSE UR EYES,github_dataset,0.8
老郑,CLOSE UR EYES,github_extended,0.7
老郑,CLOSE UR EYES,github_v2,0.75
老郑,Close Ur Eyes,github_dataset,0.8
老郑,Close Ur Eyes,github_extended,0.7
老郑,Close Ur Eyes,github_v2,0.75
老郑,Dojo Shaolin / 老郑 - Close Ur Eyes Remix（Dojo Shaolin / 老郑 / A-Mac / 龍胆紫/PurpleSoul / 王泓漓 / 小老虎 / Nasty Ray remix）,github_dataset,0.8
老郑,Dojo Shaolin / 老郑 - Close Ur Eyes Remix（Dojo Shaolin / 老郑 / A-Mac / 龍胆紫/PurpleSoul / 王泓漓 / 小老虎 / Nasty Ray remix）,github_extended,0.7
老郑,Dojo Shaolin / 老郑 - Close Ur Eyes Remix（Dojo Shaolin / 老郑 / A-Mac / 龍胆紫/PurpleSoul / 王泓漓 / 小老虎 / Nasty Ray remix）,github_v2,0.75
老郑,我们会成功,github_dataset,0.8
老郑,我们会成功,github_extended,0.7
老郑,我们会成功,github_v2,0.75
艾热,AIR (Live),github_dataset,0.8
艾热,AIR (Live),github_extended,0.7
艾热,AIR (Live),github_v2,0.75
艾热,AMAZING GIRL(Prod by.Ballrockin),github_dataset,0.8
艾热,AMAZING GIRL(Prod by.Ballrockin),github_extended,0.7
艾热,AMAZING GIRL(Prod by.Ballrockin),github_v2,0.75
艾热,B.T.T.O.D(往昔),github_dataset,0.8
艾热,B.T.T.O.D(往昔),github_extended,0.7
艾热,B.T.T.O.D(往昔),github_v2,0.75
艾热,Bad Habit,github_dataset,0.8
艾热,Bad Habit,github_extended,0.7
艾热,Bad Habit,github_v2,0.75
艾热,Blur out(#STONA GANG),github_dataset,0.8
艾热,Blur out(#STONA GANG),github_extended,0.7
艾热,Blur out(#STONA GANG),github_v2,0.75
艾热,Doubt(疑惑),github_dataset,0.8
艾热,Doubt(疑惑),github_extended,0.7
艾热,Doubt(疑惑),github_v2,0.75
艾热,FEELING RIGHT(#STONA GANG),github_dataset,0.8
艾热,FEELING RIGHT(#STONA GANG),github_extended,0.7
艾热,FEELING RIGHT(#STONA GANG),github_v2,0.75
艾热,Get High（Live版）,github_dataset,0.8
艾热,Get High（Live版）,github_extended,0.7
艾热,Get High（Live版）,github_v2,0.75
艾热,HipHop 101,github_dataset,0.8
艾热,HipHop 101,github_extended,0.7
艾热,HipHop 101,github_v2,0.75
艾热,Kichik ishla(都是小事儿),github_dataset,0.8
艾热,Kichik ishla(都是小事儿),github_extended,0.7
艾热,Kichik ishla(都是小事儿),github_v2,0.75
艾热,Lighting,github_dataset,0.8
艾热,Lighting,github_extended,0.7
艾热,Lighting,github_v2,0.75
艾热,Not Young Anymore (Prod. by Vyan &amp; 史家汝),github_dataset,0.8
艾热,Not Young Anymore (Prod. by Vyan &amp; 史家汝),github_extended,0.7
艾热,Not Young Anymore (Prod. by Vyan &amp; 史家汝),github_v2,0.75
艾热,On My Way,github_dataset,0.8
艾热,On My Way,github_extended,0.7
艾热,On My Way,github_v2,0.75
艾热,Pray,github_dataset,0.8
艾热,Pray,github_extended,0.7
艾热,Pray,github_v2,0.75
艾热,THAT'S RIGHT(#STONA GANG),github_dataset,0.8
艾热,THAT'S RIGHT(#STONA GANG),github_extended,0.7
艾热,THAT'S RIGHT(#STONA GANG),github_v2,0.75
艾热,The Black Swan,github_dataset,0.8
艾热,The Black Swan,github_extended,0.7
艾热,The Black Swan,github_v2,0.75
艾热,Tokyo Drift,github_dataset,0.8
艾热,Tokyo Drift,github_extended,0.7
艾热,Tokyo Drift,github_v2,0.75
艾热,Trilogy(三部曲),github_dataset,0.8
艾热,Trilogy(三部曲),github_extended,0.7
艾热,Trilogy(三部曲),github_v2,0.75
艾热,WESTSIDE,github_dataset,0.8
艾热,WESTSIDE,github_extended,0.7
艾热,WESTSIDE,github_v2,0.75
艾热,West Side (live),github_dataset,0.8
艾热,West Side (live),github_extended,0.7
艾热,West Side (live),github_v2,0.75
艾热,中国新说唱EP07 RAP07 (Live),github_dataset,0.8
艾热,中国新说唱EP07 RAP07 (Live),github_extended,0.7
艾热,中国新说唱EP07 RAP07 (Live),github_v2,0.75
艾热,乌云中,github_dataset,0.8
艾热,乌云中,github_extended,0.7
艾热,乌云中,github_v2,0.75
艾热,你能看到我,github_dataset,0.8
艾热,你能看到我,github_extended,0.7
艾热,你能看到我,github_v2,0.75
艾热,光年之外 (热爱版),github_dataset,0.8
艾热,光年之外 (热爱版),github_extended,0.7
艾热,光年之外 (热爱版),github_v2,0.75
艾热,受够了,github_dataset,0.8
艾热,受够了,github_extended,0.7
艾热,受够了,github_v2,0.75
艾热,和平鸽Peace&amp;Dove (Prod by. Situasian张太郎),github_dataset,0.8
艾热,和平鸽Peace&amp;Dove (Prod by. Situasian张太郎),github_extended,0.7
艾热,和平鸽Peace&amp;Dove (Prod by. Situasian张太郎),github_v2,0.75
艾热,唯一的港湾,github_dataset,0.8
艾热,唯一的港湾,github_extended,0.7
艾热,唯一的港湾,github_v2,0.75
艾热,外婆,github_dataset,0.8
艾热,外婆,github_extended,0.7
艾热,外婆,github_v2,0.75
艾热,女孩,github_dataset,0.8
艾热,女孩,github_extended,0.7
艾热,女孩,github_v2,0.75
艾热,家走,github_dataset,0.8
艾热,家走,github_extended,0.7
艾热,家走,github_v2,0.75
艾热,小人物,github_dataset,0.8
艾热,小人物,github_extended,0.7
艾热,小人物,github_v2,0.75
艾热,巨人(JU REN),github_dataset,0.8
艾热,巨人(JU REN),github_extended,0.7
艾热,巨人(JU REN),github_v2,0.75
艾热,往昔,github_dataset,0.8
艾热,往昔,github_extended,0.7
艾热,往昔,github_v2,0.75
艾热,慢慢来,github_dataset,0.8
艾热,慢慢来,github_extended,0.7
艾热,慢慢来,github_v2,0.75
艾热,我到新疆去,github_dataset,0.8
艾热,我到新疆去,github_extended,0.7
艾热,我到新疆去,github_v2,0.75
艾热,攀登 (Live),github_dataset,0.8
艾热,攀登 (Live),github_extended,0.7
艾热,攀登 (Live),github_v2,0.75
艾热,新三部曲 (Live),github_dataset,0.8
艾热,新三部曲 (Live),github_extended,0.7
艾热,新三部曲 (Live),github_v2,0.75
艾热,日落之巅 (Running),github_dataset,0.8
艾热,日落之巅 (Running),github_extended,0.7
艾热,日落之巅 (Running),github_v2,0.75
艾热,星球坠落,github_dataset,0.8
艾热,星球坠落,github_extended,0.7
艾热,星球坠落,github_v2,0.75
艾热,永不独行,github_dataset,0.8
艾热,永不独行,github_extended,0.7
艾热,永不独行,github_v2,0.75
艾热,潘玮柏邓紫棋战队Cypher (Live),github_dataset,0.8
艾热,潘玮柏邓紫棋战队Cypher (Live),github_extended,0.7
艾热,潘玮柏邓紫棋战队Cypher (Live),github_v2,0.75
艾热,真的,github_dataset,0.8
艾热,真的,github_extended,0.7
艾热,真的,github_v2,0.75
艾热,绿色丛林,github_dataset,0.8
艾热,绿色丛林,github_extended,0.7
艾热,绿色丛林,github_v2,0.75
艾热,蛋 feat.艾热,github_dataset,0.8
艾热,蛋 feat.艾热,github_extended,0.7
艾热,蛋 feat.艾热,github_v2,0.75
艾热,蜕变 (Live),github_dataset,0.8
艾热,蜕变 (Live),github_extended,0.7
艾热,蜕变 (Live),github_v2,0.75
艾热,逍遥,github_dataset,0.8
艾热,逍遥,github_extended,0.7
艾热,逍遥,github_v2,0.75
艾热,都是小事儿,github_dataset,0.8
艾热,都是小事儿,github_extended,0.7
艾热,都是小事儿,github_v2,0.75
艾热,顶天立地(Live),github_dataset,0.8
艾热,顶天立地(Live),github_extended,0.7
艾热,顶天立地(Live),github_v2,0.75
艾热AIR,丝绸之路,lrc_cx_ext,0.85
艾热AIR,乌蒙山,lrc_cx_ext,0.85
艾热AIR,可可西里,lrc_cx_ext,0.85
艾热AIR,大风吹,lrc_cx_ext,0.85
艾热AIR,新理想,lrc_cx_ext,0.85
艾热AIR,新疆说唱,lrc_cx_ext,0.85
艾热AIR,热帕提,lrc_cx_ext,0.85
艾热AIR,阿里郎,lrc_cx_ext,0.85
艾福杰尼,2 much,github_dataset,0.8
艾福杰尼,2 much,github_extended,0.7
艾福杰尼,2 much,github_v2,0.75
艾福杰尼,After Journey (Live),github_dataset,0.8
艾福杰尼,After Journey (Live),github_extended,0.7
艾福杰尼,After Journey (Live),github_v2,0.75
艾福杰尼,Born To Fire,github_dataset,0.8
艾福杰尼,Born To Fire,github_extended,0.7
艾福杰尼,Born To Fire,github_v2,0.75
艾福杰尼,FlashBack,github_dataset,0.8
艾福杰尼,FlashBack,github_extended,0.7
艾福杰尼,FlashBack,github_v2,0.75
艾福杰尼,PURE,github_dataset,0.8
艾福杰尼,PURE,github_extended,0.7
艾福杰尼,PURE,github_v2,0.75
艾福杰尼,SLASH,github_dataset,0.8
艾福杰尼,SLASH,github_extended,0.7
艾福杰尼,SLASH,github_v2,0.75
艾福杰尼,SORRY,github_dataset,0.8
艾福杰尼,SORRY,github_extended,0.7
艾福杰尼,SORRY,github_v2,0.75
艾福杰尼,So Different,github_dataset,0.8
艾福杰尼,So Different,github_extended,0.7
艾福杰尼,So Different,github_v2,0.75
艾福杰尼,Sounds G,github_dataset,0.8
艾福杰尼,Sounds G,github_extended,0.7
艾福杰尼,Sounds G,github_v2,0.75
艾福杰尼,Street Fighter (Live),github_dataset,0.8
艾福杰尼,Street Fighter (Live),github_extended,0.7
艾福杰尼,Street Fighter (Live),github_v2,0.75
艾福杰尼,The City The Lights (Skit),github_dataset,0.8
艾福杰尼,The City The Lights (Skit),github_extended,0.7
艾福杰尼,The City The Lights (Skit),github_v2,0.75
艾福杰尼,Ti Amo,github_dataset,0.8
艾福杰尼,Ti Amo,github_extended,0.7
艾福杰尼,Ti Amo,github_v2,0.75
艾福杰尼,Ti Amo remix 通过验证 (Live),github_dataset,0.8
艾福杰尼,Ti Amo remix 通过验证 (Live),github_extended,0.7
艾福杰尼,Ti Amo remix 通过验证 (Live),github_v2,0.75
艾福杰尼,Together We Play,github_dataset,0.8
艾福杰尼,Together We Play,github_extended,0.7
艾福杰尼,Together We Play,github_v2,0.75
艾福杰尼,Yellow Skin Flow,github_dataset,0.8
艾福杰尼,Yellow Skin Flow,github_extended,0.7
艾福杰尼,Yellow Skin Flow,github_v2,0.75
艾福杰尼,Yellow Skin Flow (Live),github_dataset,0.8
艾福杰尼,Yellow Skin Flow (Live),github_extended,0.7
艾福杰尼,Yellow Skin Flow (Live),github_v2,0.75
艾福杰尼,把电视声音关小点 ,github_dataset,0.8
艾福杰尼,把电视声音关小点 ,github_extended,0.7
艾福杰尼,把电视声音关小点 ,github_v2,0.75
艾福杰尼,拜托了,github_dataset,0.8
艾福杰尼,拜托了,github_extended,0.7
艾福杰尼,拜托了,github_v2,0.75
艾福杰尼,杀无赦,github_dataset,0.8
艾福杰尼,杀无赦,github_extended,0.7
艾福杰尼,杀无赦,github_v2,0.75
艾福杰尼,没烦恼,github_dataset,0.8
艾福杰尼,没烦恼,github_extended,0.7
艾福杰尼,没烦恼,github_v2,0.75
艾福杰尼,真心话大冒险,github_dataset,0.8
艾福杰尼,真心话大冒险,github_extended,0.7
艾福杰尼,真心话大冒险,github_v2,0.75
艾福杰尼,说散就散,github_dataset,0.8
艾福杰尼,说散就散,github_extended,0.7
艾福杰尼,说散就散,github_v2,0.75
艾福杰尼,迈克的生日,github_dataset,0.8
艾福杰尼,迈克的生日,github_extended,0.7
艾福杰尼,迈克的生日,github_v2,0.75
艾福杰尼,通过验证,github_dataset,0.8
艾福杰尼,通过验证,github_extended,0.7
艾福杰尼,通过验证,github_v2,0.75
艾福杰尼,通过验证 (Live),github_dataset,0.8
艾福杰尼,通过验证 (Live),github_extended,0.7
艾福杰尼,通过验证 (Live),github_v2,0.75
艾福杰尼,都市物语,github_dataset,0.8
艾福杰尼,都市物语,github_extended,0.7
艾福杰尼,都市物语,github_v2,0.75
艾福杰尼,都市物语 (Live),github_dataset,0.8
艾福杰尼,都市物语 (Live),github_extended,0.7
艾福杰尼,都市物语 (Live),github_v2,0.75
艾福杰尼,青春舞曲 (Live),github_dataset,0.8
艾福杰尼,青春舞曲 (Live),github_extended,0.7
艾福杰尼,青春舞曲 (Live),github_v2,0.75
葛仲珊,Baby C’mon!,github_dataset,0.8
葛仲珊,Baby C’mon!,github_extended,0.7
葛仲珊,Baby C’mon!,github_v2,0.75
葛仲珊,Boom Boom,github_dataset,0.8
葛仲珊,Boom Boom,github_extended,0.7
葛仲珊,Boom Boom,github_v2,0.75
葛仲珊,Call Me,github_dataset,0.8
葛仲珊,Call Me,github_extended,0.7
葛仲珊,Call Me,github_v2,0.75
葛仲珊,Hey DJ,github_dataset,0.8
葛仲珊,Hey DJ,github_extended,0.7
葛仲珊,Hey DJ,github_v2,0.75
葛仲珊,Intro,github_dataset,0.8
葛仲珊,Intro,github_extended,0.7
葛仲珊,Intro,github_v2,0.75
葛仲珊,Just Do Me,github_dataset,0.8
葛仲珊,Just Do Me,github_extended,0.7
葛仲珊,Just Do Me,github_v2,0.75
葛仲珊,Let It Go,github_dataset,0.8
葛仲珊,Let It Go,github_extended,0.7
葛仲珊,Let It Go,github_v2,0.75
葛仲珊,Party,github_dataset,0.8
葛仲珊,Party,github_extended,0.7
葛仲珊,Party,github_v2,0.75
葛仲珊,Pizza,github_dataset,0.8
葛仲珊,Pizza,github_extended,0.7
葛仲珊,Pizza,github_v2,0.75
葛仲珊,Slide,github_dataset,0.8
葛仲珊,Slide,github_extended,0.7
葛仲珊,Slide,github_v2,0.75
葛仲珊,Snap,github_dataset,0.8
葛仲珊,Snap,github_extended,0.7
葛仲珊,Snap,github_v2,0.75
葛仲珊,Stylin',github_dataset,0.8
葛仲珊,Stylin',github_extended,0.7
葛仲珊,Stylin',github_v2,0.75
葛仲珊,Walk This Way,github_dataset,0.8
葛仲珊,Walk This Way,github_extended,0.7
葛仲珊,Walk This Way,github_v2,0.75
葛仲珊,一杯起,github_dataset,0.8
葛仲珊,一杯起,github_extended,0.7
葛仲珊,一杯起,github_v2,0.75
葛仲珊,从黑胶起家,github_dataset,0.8
葛仲珊,从黑胶起家,github_extended,0.7
葛仲珊,从黑胶起家,github_v2,0.75
葛仲珊,你不懂我,github_dataset,0.8
葛仲珊,你不懂我,github_extended,0.7
葛仲珊,你不懂我,github_v2,0.75
葛仲珊,动不动,github_dataset,0.8
葛仲珊,动不动,github_extended,0.7
葛仲珊,动不动,github_v2,0.75
葛仲珊,大伙骑,github_dataset,0.8
葛仲珊,大伙骑,github_extended,0.7
葛仲珊,大伙骑,github_v2,0.75
葛仲珊,太阳下,github_dataset,0.8
葛仲珊,太阳下,github_extended,0.7
葛仲珊,太阳下,github_v2,0.75
葛仲珊,娱乐圈,github_dataset,0.8
葛仲珊,娱乐圈,github_extended,0.7
葛仲珊,娱乐圈,github_v2,0.75
葛仲珊,就改天,github_dataset,0.8
葛仲珊,就改天,github_extended,0.7
葛仲珊,就改天,github_v2,0.75
葛仲珊,当我来到这里,github_dataset,0.8
葛仲珊,当我来到这里,github_extended,0.7
葛仲珊,当我来到这里,github_v2,0.75
葛仲珊,我的饶舌,github_dataset,0.8
葛仲珊,我的饶舌,github_extended,0.7
葛仲珊,我的饶舌,github_v2,0.75
葛仲珊,打破他,github_dataset,0.8
葛仲珊,打破他,github_extended,0.7
葛仲珊,打破他,github_v2,0.75
葛仲珊,捣蛋,github_dataset,0.8
葛仲珊,捣蛋,github_extended,0.7
葛仲珊,捣蛋,github_v2,0.75
葛仲珊,搞定小姐,github_dataset,0.8
葛仲珊,搞定小姐,github_extended,0.7
葛仲珊,搞定小姐,github_v2,0.75
葛仲珊,爱sharing 2017特别版,github_dataset,0.8
葛仲珊,爱sharing 2017特别版,github_extended,0.7
葛仲珊,爱sharing 2017特别版,github_v2,0.75
葛仲珊,爱不来,github_dataset,0.8
葛仲珊,爱不来,github_extended,0.7
葛仲珊,爱不来,github_v2,0.75
葛仲珊,球鞋蜈蚣,github_dataset,0.8
葛仲珊,球鞋蜈蚣,github_extended,0.7
葛仲珊,球鞋蜈蚣,github_v2,0.75
葛仲珊,甩一甩,github_dataset,0.8
葛仲珊,甩一甩,github_extended,0.7
葛仲珊,甩一甩,github_v2,0.75
葛仲珊,疯起来,github_dataset,0.8
葛仲珊,疯起来,github_extended,0.7
葛仲珊,疯起来,github_v2,0.75
葛仲珊,皇后区的皇后,github_dataset,0.8
葛仲珊,皇后区的皇后,github_extended,0.7
葛仲珊,皇后区的皇后,github_v2,0.75
葛仲珊,秘密,github_dataset,0.8
葛仲珊,秘密,github_extended,0.7
葛仲珊,秘密,github_v2,0.75
葛仲珊,继续奋斗(OUTRO),github_dataset,0.8
葛仲珊,继续奋斗(OUTRO),github_extended,0.7
葛仲珊,继续奋斗(OUTRO),github_v2,0.75
葛仲珊,美好梦,github_dataset,0.8
葛仲珊,美好梦,github_extended,0.7
葛仲珊,美好梦,github_v2,0.75
葛仲珊,联欢会,github_dataset,0.8
葛仲珊,联欢会,github_extended,0.7
葛仲珊,联欢会,github_v2,0.75
葛仲珊,自拍,github_dataset,0.8
葛仲珊,自拍,github_extended,0.7
葛仲珊,自拍,github_v2,0.75
葛仲珊,贪心鬼,github_dataset,0.8
葛仲珊,贪心鬼,github_extended,0.7
葛仲珊,贪心鬼,github_v2,0.75
葛仲珊,跟着节奏,github_dataset,0.8
葛仲珊,跟着节奏,github_extended,0.7
葛仲珊,跟着节奏,github_v2,0.75
蛋堡,07 焦点 Highlight feat. 蛋堡,github_dataset,0.8
蛋堡,07 焦点 Highlight feat. 蛋堡,github_extended,0.7
蛋堡,07 焦点 Highlight feat. 蛋堡,github_v2,0.75
蛋堡,Ahh Yeah,github_dataset,0.8
蛋堡,Ahh Yeah,github_extended,0.7
蛋堡,Ahh Yeah,github_v2,0.75
蛋堡,Bamboo Holla,github_dataset,0.8
蛋堡,Bamboo Holla,github_extended,0.7
蛋堡,Bamboo Holla,github_v2,0.75
蛋堡,Hit the Rhyme,github_dataset,0.8
蛋堡,Hit the Rhyme,github_extended,0.7
蛋堡,Hit the Rhyme,github_v2,0.75
蛋堡,I want you,github_dataset,0.8
蛋堡,I want you,github_extended,0.7
蛋堡,I want you,github_v2,0.75
蛋堡,Party到天亮 ,github_dataset,0.8
蛋堡,Party到天亮 ,github_extended,0.7
蛋堡,Party到天亮 ,github_v2,0.75
蛋堡,Start it Underground,github_dataset,0.8
蛋堡,Start it Underground,github_extended,0.7
蛋堡,Start it Underground,github_v2,0.75
蛋堡,“嘘...”,github_dataset,0.8
蛋堡,“嘘...”,github_extended,0.7
蛋堡,“嘘...”,github_v2,0.75
蛋堡,不吃早餐才是一件很嘻哈的事,github_dataset,0.8
蛋堡,不吃早餐才是一件很嘻哈的事,github_extended,0.7
蛋堡,不吃早餐才是一件很嘻哈的事,github_v2,0.75
蛋堡,乡愁,github_dataset,0.8
蛋堡,乡愁,github_extended,0.7
蛋堡,乡愁,github_v2,0.75
蛋堡,仇人的孩子,github_dataset,0.8
蛋堡,仇人的孩子,github_extended,0.7
蛋堡,仇人的孩子,github_v2,0.75
蛋堡,你是我的梦想,github_dataset,0.8
蛋堡,你是我的梦想,github_extended,0.7
蛋堡,你是我的梦想,github_v2,0.75
蛋堡,偏执面,github_dataset,0.8
蛋堡,偏执面,github_extended,0.7
蛋堡,偏执面,github_v2,0.75
蛋堡,关于小熊,github_dataset,0.8
蛋堡,关于小熊,github_extended,0.7
蛋堡,关于小熊,github_v2,0.75
蛋堡,写一首歌,github_dataset,0.8
蛋堡,写一首歌,github_extended,0.7
蛋堡,写一首歌,github_v2,0.75
蛋堡,冰河时期,github_dataset,0.8
蛋堡,冰河时期,github_extended,0.7
蛋堡,冰河时期,github_v2,0.75
蛋堡,十年 Feature(Feat. SoftLipa.Jnco),github_dataset,0.8
蛋堡,十年 Feature(Feat. SoftLipa.Jnco),github_extended,0.7
蛋堡,十年 Feature(Feat. SoftLipa.Jnco),github_v2,0.75
蛋堡,史诗,github_dataset,0.8
蛋堡,史诗,github_extended,0.7
蛋堡,史诗,github_v2,0.75
蛋堡,听一首歌,github_dataset,0.8
蛋堡,听一首歌,github_extended,0.7
蛋堡,听一首歌,github_v2,0.75
蛋堡,回到,github_dataset,0.8
蛋堡,回到,github_extended,0.7
蛋堡,回到,github_v2,0.75
蛋堡,坠落,github_dataset,0.8
蛋堡,坠落,github_extended,0.7
蛋堡,坠落,github_v2,0.75
蛋堡,她和时间跳华尔滋,github_dataset,0.8
蛋堡,她和时间跳华尔滋,github_extended,0.7
蛋堡,她和时间跳华尔滋,github_v2,0.75
蛋堡,如梦似幻,github_dataset,0.8
蛋堡,如梦似幻,github_extended,0.7
蛋堡,如梦似幻,github_v2,0.75
蛋堡,寻找,github_dataset,0.8
蛋堡,寻找,github_extended,0.7
蛋堡,寻找,github_v2,0.75
蛋堡,少年维持着烦恼(Acoustic版) - unplug,github_dataset,0.8
蛋堡,少年维持着烦恼(Acoustic版) - unplug,github_extended,0.7
蛋堡,少年维持着烦恼(Acoustic版) - unplug,github_v2,0.75
蛋堡,屎王,github_dataset,0.8
蛋堡,屎王,github_extended,0.7
蛋堡,屎王,github_v2,0.75
蛋堡,当当当,github_dataset,0.8
蛋堡,当当当,github_extended,0.7
蛋堡,当当当,github_v2,0.75
蛋堡,当我来到这里,github_dataset,0.8
蛋堡,当我来到这里,github_extended,0.7
蛋堡,当我来到这里,github_v2,0.75
蛋堡,恍惚,github_dataset,0.8
蛋堡,恍惚,github_extended,0.7
蛋堡,恍惚,github_v2,0.75
蛋堡,慢轻颂,github_dataset,0.8
蛋堡,慢轻颂,github_extended,0.7
蛋堡,慢轻颂,github_v2,0.75
蛋堡,我们都有问题,github_dataset,0.8
蛋堡,我们都有问题,github_extended,0.7
蛋堡,我们都有问题,github_v2,0.75
蛋堡,房间,github_dataset,0.8
蛋堡,房间,github_extended,0.7
蛋堡,房间,github_v2,0.75
蛋堡,打包,github_dataset,0.8
蛋堡,打包,github_extended,0.7
蛋堡,打包,github_v2,0.75
蛋堡,收敛水,github_dataset,0.8
蛋堡,收敛水,github_extended,0.7
蛋堡,收敛水,github_v2,0.75
蛋堡,放个假,github_dataset,0.8
蛋堡,放个假,github_extended,0.7
蛋堡,放个假,github_v2,0.75
蛋堡,未曾改变,github_dataset,0.8
蛋堡,未曾改变,github_extended,0.7
蛋堡,未曾改变,github_v2,0.75
蛋堡,梦的作者,github_dataset,0.8
蛋堡,梦的作者,github_extended,0.7
蛋堡,梦的作者,github_v2,0.75
蛋堡,欲望,github_dataset,0.8
蛋堡,欲望,github_extended,0.7
蛋堡,欲望,github_v2,0.75
蛋堡,演员,github_dataset,0.8
蛋堡,演员,github_extended,0.7
蛋堡,演员,github_v2,0.75
蛋堡,烟雾弥漫(bouns),github_dataset,0.8
蛋堡,烟雾弥漫(bouns),github_extended,0.7
蛋堡,烟雾弥漫(bouns),github_v2,0.75
蛋堡,热水澡,github_dataset,0.8
蛋堡,热水澡,github_extended,0.7
蛋堡,热水澡,github_v2,0.75
蛋堡,焦点 / Highlight ,github_dataset,0.8
蛋堡,焦点 / Highlight ,github_extended,0.7
蛋堡,焦点 / Highlight ,github_v2,0.75
蛋堡,绑架我,github_dataset,0.8
蛋堡,绑架我,github_extended,0.7
蛋堡,绑架我,github_v2,0.75
蛋堡,给我一个吻(skit) - intro,github_dataset,0.8
蛋堡,给我一个吻(skit) - intro,github_extended,0.7
蛋堡,给我一个吻(skit) - intro,github_v2,0.75
蛋堡,踩.脚.踏.车,github_dataset,0.8
蛋堡,踩.脚.踏.车,github_extended,0.7
蛋堡,踩.脚.踏.车,github_v2,0.75
蛋堡,过程,github_dataset,0.8
蛋堡,过程,github_extended,0.7
蛋堡,过程,github_v2,0.75
蛋堡,遇见,github_dataset,0.8
蛋堡,遇见,github_extended,0.7
蛋堡,遇见,github_v2,0.75
蛋堡,金赌烂,github_dataset,0.8
蛋堡,金赌烂,github_extended,0.7
蛋堡,金赌烂,github_v2,0.75
蛋堡,雨没停过,github_dataset,0.8
蛋堡,雨没停过,github_extended,0.7
蛋堡,雨没停过,github_v2,0.75
西奥Sio,3.绿洲,github_dataset,0.8
西奥Sio,3.绿洲,github_extended,0.7
西奥Sio,3.绿洲,github_v2,0.75
西奥Sio,All Day,github_dataset,0.8
西奥Sio,All Day,github_extended,0.7
西奥Sio,All Day,github_v2,0.75
西奥Sio,Eminem - 为此刻而唱（西奥Sio / 大傻DamnShine remix）,github_dataset,0.8
西奥Sio,Eminem - 为此刻而唱（西奥Sio / 大傻DamnShine remix）,github_extended,0.7
西奥Sio,Eminem - 为此刻而唱（西奥Sio / 大傻DamnShine remix）,github_v2,0.75
西奥Sio,Lil Adi ,github_dataset,0.8
西奥Sio,Lil Adi ,github_extended,0.7
西奥Sio,Lil Adi ,github_v2,0.75
西奥Sio,Mr.Boring,github_dataset,0.8
西奥Sio,Mr.Boring,github_extended,0.7
西奥Sio,Mr.Boring,github_v2,0.75
西奥Sio,Mr.Boring Pt.2,github_dataset,0.8
西奥Sio,Mr.Boring Pt.2,github_extended,0.7
西奥Sio,Mr.Boring Pt.2,github_v2,0.75
西奥Sio,No Matter Where（Prod.by S.O）,github_dataset,0.8
西奥Sio,No Matter Where（Prod.by S.O）,github_extended,0.7
西奥Sio,No Matter Where（Prod.by S.O）,github_v2,0.75
西奥Sio,R.T.D,github_dataset,0.8
西奥Sio,R.T.D,github_extended,0.7
西奥Sio,R.T.D,github_v2,0.75
西奥Sio,Still Motherfxxka(Prod.by DAO),github_dataset,0.8
西奥Sio,Still Motherfxxka(Prod.by DAO),github_extended,0.7
西奥Sio,Still Motherfxxka(Prod.by DAO),github_v2,0.75
西奥Sio,Vancci,github_dataset,0.8
西奥Sio,Vancci,github_extended,0.7
西奥Sio,Vancci,github_v2,0.75
西奥Sio,Yalasuo,github_dataset,0.8
西奥Sio,Yalasuo,github_extended,0.7
西奥Sio,Yalasuo,github_v2,0.75
西奥Sio,Yalasuo(Prod.By BBC &amp; YOKEN),github_dataset,0.8
西奥Sio,Yalasuo(Prod.By BBC &amp; YOKEN),github_extended,0.7
西奥Sio,Yalasuo(Prod.By BBC &amp; YOKEN),github_v2,0.75
西奥Sio,三千里,github_dataset,0.8
西奥Sio,三千里,github_extended,0.7
西奥Sio,三千里,github_v2,0.75
西奥Sio,冥想盆,github_dataset,0.8
西奥Sio,冥想盆,github_extended,0.7
西奥Sio,冥想盆,github_v2,0.75
西奥Sio,冬日战神（凛冬将至REMIX）,github_dataset,0.8
西奥Sio,冬日战神（凛冬将至REMIX）,github_extended,0.7
西奥Sio,冬日战神（凛冬将至REMIX）,github_v2,0.75
西奥Sio,别人家的孩子,github_dataset,0.8
西奥Sio,别人家的孩子,github_extended,0.7
西奥Sio,别人家的孩子,github_v2,0.75
西奥Sio,变相怪杰,github_dataset,0.8
西奥Sio,变相怪杰,github_extended,0.7
西奥Sio,变相怪杰,github_v2,0.75
西奥Sio,变相怪杰(Remix)Pro.By Musik I,github_dataset,0.8
西奥Sio,变相怪杰(Remix)Pro.By Musik I,github_extended,0.7
西奥Sio,变相怪杰(Remix)Pro.By Musik I,github_v2,0.75
西奥Sio,命运,github_dataset,0.8
西奥Sio,命运,github_extended,0.7
西奥Sio,命运,github_v2,0.75
西奥Sio,夜魔,github_dataset,0.8
西奥Sio,夜魔,github_extended,0.7
西奥Sio,夜魔,github_v2,0.75
西奥Sio,开点药,github_dataset,0.8
西奥Sio,开点药,github_extended,0.7
西奥Sio,开点药,github_v2,0.75
西奥Sio,怪物,github_dataset,0.8
西奥Sio,怪物,github_extended,0.7
西奥Sio,怪物,github_v2,0.75
西奥Sio,情人,github_dataset,0.8
西奥Sio,情人,github_extended,0.7
西奥Sio,情人,github_v2,0.75
西奥Sio,情人 (Remix版),github_dataset,0.8
西奥Sio,情人 (Remix版),github_extended,0.7
西奥Sio,情人 (Remix版),github_v2,0.75
西奥Sio,成人世界,github_dataset,0.8
西奥Sio,成人世界,github_extended,0.7
西奥Sio,成人世界,github_v2,0.75
西奥Sio,成人世界（Prod. by S.O）,github_dataset,0.8
西奥Sio,成人世界（Prod. by S.O）,github_extended,0.7
西奥Sio,成人世界（Prod. by S.O）,github_v2,0.75
西奥Sio,楚歌,github_dataset,0.8
西奥Sio,楚歌,github_extended,0.7
西奥Sio,楚歌,github_v2,0.75
西奥Sio,活在当下,github_dataset,0.8
西奥Sio,活在当下,github_extended,0.7
西奥Sio,活在当下,github_v2,0.75
西奥Sio,爱,github_dataset,0.8
西奥Sio,爱,github_extended,0.7
西奥Sio,爱,github_v2,0.75
西奥Sio,着魔,github_dataset,0.8
西奥Sio,着魔,github_extended,0.7
西奥Sio,着魔,github_v2,0.75
西奥Sio,等到,github_dataset,0.8
西奥Sio,等到,github_extended,0.7
西奥Sio,等到,github_v2,0.75
西奥Sio,纸街,github_dataset,0.8
西奥Sio,纸街,github_extended,0.7
西奥Sio,纸街,github_v2,0.75
西奥Sio,继续做梦,github_dataset,0.8
西奥Sio,继续做梦,github_extended,0.7
西奥Sio,继续做梦,github_v2,0.75
西奥Sio,自由之路,github_dataset,0.8
西奥Sio,自由之路,github_extended,0.7
西奥Sio,自由之路,github_v2,0.75
西奥Sio,逗霸,github_dataset,0.8
西奥Sio,逗霸,github_extended,0.7
西奥Sio,逗霸,github_v2,0.75
西奥Sio,阿萨辛摇篮曲,github_dataset,0.8
西奥Sio,阿萨辛摇篮曲,github_extended,0.7
西奥Sio,阿萨辛摇篮曲,github_v2,0.75
西奥Sio,风雨,github_dataset,0.8
西奥Sio,风雨,github_extended,0.7
西奥Sio,风雨,github_v2,0.75
西奥Sio,高山流水,github_dataset,0.8
西奥Sio,高山流水,github_extended,0.7
西奥Sio,高山流水,github_v2,0.75
西奥Sio,黄砖路,github_dataset,0.8
西奥Sio,黄砖路,github_extended,0.7
西奥Sio,黄砖路,github_v2,0.75
西奥Sio,黑色的梦,github_dataset,0.8
西奥Sio,黑色的梦,github_extended,0.7
西奥Sio,黑色的梦,github_v2,0.75
西米,2Time,github_dataset,0.8
西米,2Time,github_extended,0.7
西米,2Time,github_v2,0.75
西米,Chill-2013,github_dataset,0.8
西米,Chill-2013,github_extended,0.7
西米,Chill-2013,github_v2,0.75
西米,Dark Time,github_dataset,0.8
西米,Dark Time,github_extended,0.7
西米,Dark Time,github_v2,0.75
西米,Intro.,github_dataset,0.8
西米,Intro.,github_extended,0.7
西米,Intro.,github_v2,0.75
西米,LONELY TRIP,github_dataset,0.8
西米,LONELY TRIP,github_extended,0.7
西米,LONELY TRIP,github_v2,0.75
西米,M.N.L,github_dataset,0.8
西米,M.N.L,github_extended,0.7
西米,M.N.L,github_v2,0.75
西米,skip..-2013,github_dataset,0.8
西米,skip..-2013,github_extended,0.7
西米,skip..-2013,github_v2,0.75
西米,中国阿姆,github_dataset,0.8
西米,中国阿姆,github_extended,0.7
西米,中国阿姆,github_v2,0.75
西米,带你回来-2013,github_dataset,0.8
西米,带你回来-2013,github_extended,0.7
西米,带你回来-2013,github_v2,0.75
西米,心魔,github_dataset,0.8
西米,心魔,github_extended,0.7
西米,心魔,github_v2,0.75
西米,我的心,github_dataset,0.8
西米,我的心,github_extended,0.7
西米,我的心,github_v2,0.75
西米,没灵魂的猫-2011,github_dataset,0.8
西米,没灵魂的猫-2011,github_extended,0.7
西米,没灵魂的猫-2011,github_v2,0.75
西米,活着,github_dataset,0.8
西米,活着,github_extended,0.7
西米,活着,github_v2,0.75
西米,消失,github_dataset,0.8
西米,消失,github_extended,0.7
西米,消失,github_v2,0.75
西米,红色（Red nation remix)-2012,github_dataset,0.8
西米,红色（Red nation remix)-2012,github_extended,0.7
西米,红色（Red nation remix)-2012,github_v2,0.75
西米,蝴蝶（Don't Judge Me Remix)-2013,github_dataset,0.8
西米,蝴蝶（Don't Judge Me Remix)-2013,github_extended,0.7
西米,蝴蝶（Don't Judge Me Remix)-2013,github_v2,0.75
西米,裸,github_dataset,0.8
西米,裸,github_extended,0.7
西米,裸,github_v2,0.75
西米,还是我吗-2012,github_dataset,0.8
西米,还是我吗-2012,github_extended,0.7
西米,还是我吗-2012,github_v2,0.75
谢宇杰,光,lrc_cx_build,0.88
谢宇杰,夜,lrc_cx_build,0.88
谢宇杰,天,lrc_cx_build,0.88
谢宇杰,心,lrc_cx_build,0.88
谢宇杰,月,lrc_cx_build,0.88
谢宇杰,梦,lrc_cx_build,0.88
谢宇杰,爱,lrc_cx_build,0.88
谢宇杰,花,lrc_cx_build,0.88
谢宇杰,雨,lrc_cx_build,0.88
谢宇杰,风,lrc_cx_build,0.88
谢帝,All Or Nothing (Feat.snoop dogg),github_dataset,0.8
谢帝,All Or Nothing (Feat.snoop dogg),github_extended,0.7
谢帝,All Or Nothing (Feat.snoop dogg),github_v2,0.75
谢帝,BRUCE LEE,github_dataset,0.8
谢帝,BRUCE LEE,github_extended,0.7
谢帝,BRUCE LEE,github_v2,0.75
谢帝,BonusTrack 快跑咯 RMX(Clean Version/Let's Go Remix),github_dataset,0.8
谢帝,BonusTrack 快跑咯 RMX(Clean Version/Let's Go Remix),github_extended,0.7
谢帝,BonusTrack 快跑咯 RMX(Clean Version/Let's Go Remix),github_v2,0.75
谢帝,Brace Brains,lrc_cx_ext,0.85
谢帝,C.R.E.A.M.(Clean Version),github_dataset,0.8
谢帝,C.R.E.A.M.(Clean Version),github_extended,0.7
谢帝,C.R.E.A.M.(Clean Version),github_v2,0.75
谢帝,I See,github_dataset,0.8
谢帝,I See,github_extended,0.7
谢帝,I See,github_v2,0.75
谢帝,KeLiMaCa,github_dataset,0.8
谢帝,KeLiMaCa,github_extended,0.7
谢帝,KeLiMaCa,github_v2,0.75
谢帝,Micphone Check,github_dataset,0.8
谢帝,Micphone Check,github_extended,0.7
谢帝,Micphone Check,github_v2,0.75
谢帝,Shanghai,lrc_cx_ext,0.85
谢帝,Swag up,lrc_cx_ext,0.85
谢帝,Swag up,netease_top,0.85
谢帝,THE WARNING (形意REMIX),github_dataset,0.8
谢帝,THE WARNING (形意REMIX),github_extended,0.7
谢帝,THE WARNING (形意REMIX),github_v2,0.75
谢帝,WHOO,github_dataset,0.8
谢帝,WHOO,github_extended,0.7
谢帝,WHOO,github_v2,0.75
谢帝,XO,github_dataset,0.8
谢帝,XO,github_extended,0.7
谢帝,XO,github_v2,0.75
谢帝,YOU GET THAT (BODAK YELLOW REMIX),github_dataset,0.8
谢帝,YOU GET THAT (BODAK YELLOW REMIX),github_extended,0.7
谢帝,YOU GET THAT (BODAK YELLOW REMIX),github_v2,0.75
谢帝,Youth Anthem,github_dataset,0.8
谢帝,Youth Anthem,github_extended,0.7
谢帝,Youth Anthem,github_v2,0.75
谢帝,一无所求,github_dataset,0.8
谢帝,一无所求,github_extended,0.7
谢帝,一无所求,github_v2,0.75
谢帝,不是歌唱队,github_dataset,0.8
谢帝,不是歌唱队,github_extended,0.7
谢帝,不是歌唱队,github_v2,0.75
谢帝,他们应该懂个铲铲,github_dataset,0.8
谢帝,他们应该懂个铲铲,github_extended,0.7
谢帝,他们应该懂个铲铲,github_v2,0.75
谢帝,你是哪个,github_dataset,0.8
谢帝,你是哪个,github_extended,0.7
谢帝,你是哪个,github_v2,0.75
谢帝,前世今生,github_dataset,0.8
谢帝,前世今生,github_extended,0.7
谢帝,前世今生,github_v2,0.75
谢帝,劳力士Trap,github_dataset,0.8
谢帝,劳力士Trap,github_extended,0.7
谢帝,劳力士Trap,github_v2,0.75
谢帝,变了,github_dataset,0.8
谢帝,变了,github_extended,0.7
谢帝,变了,github_v2,0.75
谢帝,可能是,github_dataset,0.8
谢帝,可能是,github_extended,0.7
谢帝,可能是,github_v2,0.75
谢帝,哥老官,github_dataset,0.8
谢帝,哥老官,github_extended,0.7
谢帝,哥老官,github_v2,0.75
谢帝,四川人,lrc_cx_ext,0.85
谢帝,四川人,netease_top,0.85
谢帝,四川说唱,lrc_cx_ext,0.85
谢帝,四川说唱,netease_top,0.85
谢帝,地狱火,github_dataset,0.8
谢帝,地狱火,github_extended,0.7
谢帝,地狱火,github_v2,0.75
谢帝,帅歌,github_dataset,0.8
谢帝,帅歌,github_extended,0.7
谢帝,帅歌,github_v2,0.75
谢帝,形意,github_dataset,0.8
谢帝,形意,github_extended,0.7
谢帝,形意,github_v2,0.75
谢帝,想去哪就去哪,github_dataset,0.8
谢帝,想去哪就去哪,github_extended,0.7
谢帝,想去哪就去哪,github_v2,0.75
谢帝,慢慢来 (男生版),github_dataset,0.8
谢帝,慢慢来 (男生版),github_extended,0.7
谢帝,慢慢来 (男生版),github_v2,0.75
谢帝,成都,lrc_cx_ext,0.85
谢帝,成都,netease_top,0.85
谢帝,战争,github_dataset,0.8
谢帝,战争,github_extended,0.7
谢帝,战争,github_v2,0.75
谢帝,搞快点,lrc_cx_ext,0.85
谢帝,搞快点,netease_top,0.85
谢帝,断魂汤,github_dataset,0.8
谢帝,断魂汤,github_extended,0.7
谢帝,断魂汤,github_v2,0.75
谢帝,明天不在,lrc_cx_ext,0.85
谢帝,明天不在,netease_top,0.85
谢帝,是否相信,github_dataset,0.8
谢帝,是否相信,github_extended,0.7
谢帝,是否相信,github_v2,0.75
谢帝,有娃儿,github_dataset,0.8
谢帝,有娃儿,github_extended,0.7
谢帝,有娃儿,github_v2,0.75
谢帝,母老虎,github_dataset,0.8
谢帝,母老虎,github_extended,0.7
谢帝,母老虎,github_v2,0.75
谢帝,烫词,github_dataset,0.8
谢帝,烫词,github_extended,0.7
谢帝,烫词,github_v2,0.75
谢帝,独树一帜,github_dataset,0.8
谢帝,独树一帜,github_extended,0.7
谢帝,独树一帜,github_v2,0.75
谢帝,玩具狗,github_dataset,0.8
谢帝,玩具狗,github_extended,0.7
谢帝,玩具狗,github_v2,0.75
谢帝,看不见雾,github_dataset,0.8
谢帝,看不见雾,github_extended,0.7
谢帝,看不见雾,github_v2,0.75
谢帝,瞎打发卡,github_dataset,0.8
谢帝,瞎打发卡,github_extended,0.7
谢帝,瞎打发卡,github_v2,0.75
谢帝,稳当惨,github_dataset,0.8
谢帝,稳当惨,github_extended,0.7
谢帝,稳当惨,github_v2,0.75
谢帝,终会有,github_dataset,0.8
谢帝,终会有,github_extended,0.7
谢帝,终会有,github_v2,0.75
谢帝,耍的潇洒,github_dataset,0.8
谢帝,耍的潇洒,github_extended,0.7
谢帝,耍的潇洒,github_v2,0.75
谢帝,蔡镇鸿,github_dataset,0.8
谢帝,蔡镇鸿,github_extended,0.7
谢帝,蔡镇鸿,github_v2,0.75
谢帝,蛋炒饭 (Feat.MengZi&amp;Melo),github_dataset,0.8
谢帝,蛋炒饭 (Feat.MengZi&amp;Melo),github_extended,0.7
谢帝,蛋炒饭 (Feat.MengZi&amp;Melo),github_v2,0.75
谢帝,蜀道难,github_dataset,0.8
谢帝,蜀道难,github_extended,0.7
谢帝,蜀道难,github_v2,0.75
谢帝,讨伐歪货,github_dataset,0.8
谢帝,讨伐歪货,github_extended,0.7
谢帝,讨伐歪货,github_v2,0.75
谢帝,请揣满人民币,github_dataset,0.8
谢帝,请揣满人民币,github_extended,0.7
谢帝,请揣满人民币,github_v2,0.75
谢帝,谢天谢帝 (Feat.自然而燃),github_dataset,0.8
谢帝,谢天谢帝 (Feat.自然而燃),github_extended,0.7
谢帝,谢天谢帝 (Feat.自然而燃),github_v2,0.75
谢帝,财神爷 (Feat.PSY.P &amp;Y.O.U.N.G&amp;MengZi&amp;Lil Shin),github_dataset,0.8
谢帝,财神爷 (Feat.PSY.P &amp;Y.O.U.N.G&amp;MengZi&amp;Lil Shin),github_extended,0.7
谢帝,财神爷 (Feat.PSY.P &amp;Y.O.U.N.G&amp;MengZi&amp;Lil Shin),github_v2,0.75
谢帝,都行,github_dataset,0.8
谢帝,都行,github_extended,0.7
谢帝,都行,github_v2,0.75
谢帝,闹啥子嘛闹,github_dataset,0.8
谢帝,闹啥子嘛闹,github_extended,0.7
谢帝,闹啥子嘛闹,github_v2,0.75
辉子,1993,github_dataset,0.8
辉子,1993,github_extended,0.7
辉子,1993,github_v2,0.75
辉子,4 MY EVERYTHING,github_dataset,0.8
辉子,4 MY EVERYTHING,github_extended,0.7
辉子,4 MY EVERYTHING,github_v2,0.75
辉子,Baby Don't Go,github_dataset,0.8
辉子,Baby Don't Go,github_extended,0.7
辉子,Baby Don't Go,github_v2,0.75
辉子,Baby dont go,github_dataset,0.8
辉子,Baby dont go,github_extended,0.7
辉子,Baby dont go,github_v2,0.75
辉子,Bee With U,github_dataset,0.8
辉子,Bee With U,github_extended,0.7
辉子,Bee With U,github_v2,0.75
辉子,FRIENDS,github_dataset,0.8
辉子,FRIENDS,github_extended,0.7
辉子,FRIENDS,github_v2,0.75
辉子,Gonna be fine,github_dataset,0.8
辉子,Gonna be fine,github_extended,0.7
辉子,Gonna be fine,github_v2,0.75
辉子,Hater2.0,github_dataset,0.8
辉子,Hater2.0,github_extended,0.7
辉子,Hater2.0,github_v2,0.75
辉子,JE BENT JAMMER,github_dataset,0.8
辉子,JE BENT JAMMER,github_extended,0.7
辉子,JE BENT JAMMER,github_v2,0.75
辉子,TIME,github_dataset,0.8
辉子,TIME,github_extended,0.7
辉子,TIME,github_v2,0.75
辉子,中国有嘻哈 EP06 RAP02 (Live),github_dataset,0.8
辉子,中国有嘻哈 EP06 RAP02 (Live),github_extended,0.7
辉子,中国有嘻哈 EP06 RAP02 (Live),github_v2,0.75
辉子,中国有嘻哈 EP07 RAP02 (Live),github_dataset,0.8
辉子,中国有嘻哈 EP07 RAP02 (Live),github_extended,0.7
辉子,中国有嘻哈 EP07 RAP02 (Live),github_v2,0.75
辉子,你是哪一种,github_dataset,0.8
辉子,你是哪一种,github_extended,0.7
辉子,你是哪一种,github_v2,0.75
辉子,北京残阳(In time Remix),github_dataset,0.8
辉子,北京残阳(In time Remix),github_extended,0.7
辉子,北京残阳(In time Remix),github_v2,0.75
辉子,安和桥,github_dataset,0.8
辉子,安和桥,github_extended,0.7
辉子,安和桥,github_v2,0.75
辉子,我很好,github_dataset,0.8
辉子,我很好,github_extended,0.7
辉子,我很好,github_v2,0.75
辉子,早点回家,github_dataset,0.8
辉子,早点回家,github_extended,0.7
辉子,早点回家,github_v2,0.75
辉子,没得选,github_dataset,0.8
辉子,没得选,github_extended,0.7
辉子,没得选,github_v2,0.75
辉子,英雄,github_dataset,0.8
辉子,英雄,github_extended,0.7
辉子,英雄,github_v2,0.75
辛巴,24K,github_dataset,0.8
辛巴,24K,github_extended,0.7
辛巴,24K,github_v2,0.75
辛巴,90’s,github_dataset,0.8
辛巴,90’s,github_extended,0.7
辛巴,90’s,github_v2,0.75
辛巴,BEATRICE,github_dataset,0.8
辛巴,BEATRICE,github_extended,0.7
辛巴,BEATRICE,github_v2,0.75
辛巴,BOSS（Cover：NCT U）,github_dataset,0.8
辛巴,BOSS（Cover：NCT U）,github_extended,0.7
辛巴,BOSS（Cover：NCT U）,github_v2,0.75
辛巴,Better Than Me？Feat. 辛巴 &amp; Pact,github_dataset,0.8
辛巴,Better Than Me？Feat. 辛巴 &amp; Pact,github_extended,0.7
辛巴,Better Than Me？Feat. 辛巴 &amp; Pact,github_v2,0.75
辛巴,FRESH&amp;CLEAN,github_dataset,0.8
辛巴,FRESH&amp;CLEAN,github_extended,0.7
辛巴,FRESH&amp;CLEAN,github_v2,0.75
辛巴,FRIENDS,github_dataset,0.8
辛巴,FRIENDS,github_extended,0.7
辛巴,FRIENDS,github_v2,0.75
辛巴,GAME MASTA,github_dataset,0.8
辛巴,GAME MASTA,github_extended,0.7
辛巴,GAME MASTA,github_v2,0.75
辛巴,HALLO,github_dataset,0.8
辛巴,HALLO,github_extended,0.7
辛巴,HALLO,github_v2,0.75
辛巴,HOLD MA HAND,github_dataset,0.8
辛巴,HOLD MA HAND,github_extended,0.7
辛巴,HOLD MA HAND,github_v2,0.75
辛巴,Hallo,github_dataset,0.8
辛巴,Hallo,github_extended,0.7
辛巴,Hallo,github_v2,0.75
辛巴,NEVERMIND,github_dataset,0.8
辛巴,NEVERMIND,github_extended,0.7
辛巴,NEVERMIND,github_v2,0.75
辛巴,Ninja Grime (ft.辛巴),github_dataset,0.8
辛巴,Ninja Grime (ft.辛巴),github_extended,0.7
辛巴,Ninja Grime (ft.辛巴),github_v2,0.75
辛巴,PHENOMENON,github_dataset,0.8
辛巴,PHENOMENON,github_extended,0.7
辛巴,PHENOMENON,github_v2,0.75
辛巴,STA 2017 STAFOOD CYPHER,github_dataset,0.8
辛巴,STA 2017 STAFOOD CYPHER,github_extended,0.7
辛巴,STA 2017 STAFOOD CYPHER,github_v2,0.75
辛巴,UNBROKEN,github_dataset,0.8
辛巴,UNBROKEN,github_extended,0.7
辛巴,UNBROKEN,github_v2,0.75
辛巴,Way Home（归途）,github_dataset,0.8
辛巴,Way Home（归途）,github_extended,0.7
辛巴,Way Home（归途）,github_v2,0.75
辛巴,ZERO II HERO,github_dataset,0.8
辛巴,ZERO II HERO,github_extended,0.7
辛巴,ZERO II HERO,github_v2,0.75
辛巴,一往无前,github_dataset,0.8
辛巴,一往无前,github_extended,0.7
辛巴,一往无前,github_v2,0.75
辛巴,假如子弹换成糖果,github_dataset,0.8
辛巴,假如子弹换成糖果,github_extended,0.7
辛巴,假如子弹换成糖果,github_v2,0.75
辛巴,光年外,github_dataset,0.8
辛巴,光年外,github_extended,0.7
辛巴,光年外,github_v2,0.75
辛巴,兰亭集序,github_dataset,0.8
辛巴,兰亭集序,github_extended,0.7
辛巴,兰亭集序,github_v2,0.75
辛巴,失陪,github_dataset,0.8
辛巴,失陪,github_extended,0.7
辛巴,失陪,github_v2,0.75
辛巴,小宇宙,github_dataset,0.8
辛巴,小宇宙,github_extended,0.7
辛巴,小宇宙,github_v2,0.75
辛巴,时间问题,github_dataset,0.8
辛巴,时间问题,github_extended,0.7
辛巴,时间问题,github_v2,0.75
辛巴,游侠,github_dataset,0.8
辛巴,游侠,github_extended,0.7
辛巴,游侠,github_v2,0.75
辛巴,独白,github_dataset,0.8
辛巴,独白,github_extended,0.7
辛巴,独白,github_v2,0.75
辛巴,贝德丽采,github_dataset,0.8
辛巴,贝德丽采,github_extended,0.7
辛巴,贝德丽采,github_v2,0.75
辛巴,逃离星球,github_dataset,0.8
辛巴,逃离星球,github_extended,0.7
辛巴,逃离星球,github_v2,0.75
辛巴,隧道,github_dataset,0.8
辛巴,隧道,github_extended,0.7
辛巴,隧道,github_v2,0.75
辛巴,飞行模式,github_dataset,0.8
辛巴,飞行模式,github_extended,0.7
辛巴,飞行模式,github_v2,0.75
辛巴,魔天轮,github_dataset,0.8
辛巴,魔天轮,github_extended,0.7
辛巴,魔天轮,github_v2,0.75
辛巴,黄种人 (Live),github_dataset,0.8
辛巴,黄种人 (Live),github_extended,0.7
辛巴,黄种人 (Live),github_v2,0.75
邓典果,Dont panic,lrc_cx_build,0.88
邓典果,G.O.A.T,lrc_cx_build,0.88
邓典果,Gods Plan,lrc_cx_build,0.88
邓典果,Hater,lrc_cx_build,0.88
邓典果,KING,lrc_cx_build,0.88
邓典果,No Cap,lrc_cx_build,0.88
邓典果,Rapid Fire,lrc_cx_build,0.88
邓典果,Real Talk,lrc_cx_build,0.88
邓典果,SHEEP,lrc_cx_build,0.88
邓典果,Soul Power,lrc_cx_build,0.88
邓典果,光,lrc_cx_build,0.88
邓典果,夜,lrc_cx_build,0.88
邓典果,天,lrc_cx_build,0.88
邓典果,心,lrc_cx_build,0.88
邓典果,月,lrc_cx_build,0.88
邓典果,梦,lrc_cx_build,0.88
邓典果,爱,lrc_cx_build,0.88
邓典果,花,lrc_cx_build,0.88
邓典果,雨,lrc_cx_build,0.88
邓典果,风,lrc_cx_build,0.88
邓典果DDG,90s,lrc_cx_ext,0.85
邓典果DDG,90s,netease_top,0.85
邓典果DDG,Go Hard,lrc_cx_ext,0.85
邓典果DDG,I Need You,lrc_cx_ext,0.85
邓典果DDG,Killing Me,lrc_cx_ext,0.85
邓典果DDG,Killing Me,netease_top,0.85
邓典果DDG,不要怕不要怕,lrc_cx_ext,0.85
邓典果DDG,不要怕不要怕,netease_top,0.85
邓典果DDG,别让我回头,lrc_cx_ext,0.85
邓典果DDG,别让我回头,netease_top,0.85
邓典果DDG,说唱新世代,lrc_cx_ext,0.85
邓典果DDG,说唱新世代,netease_top,0.85
邓典果DDG,野狼Disco,lrc_cx_ext,0.85
邓典果DDG,野狼Disco,netease_top,0.85
邓见超,光,lrc_cx_build,0.88
邓见超,夜,lrc_cx_build,0.88
邓见超,天,lrc_cx_build,0.88
邓见超,心,lrc_cx_build,0.88
邓见超,月,lrc_cx_build,0.88
邓见超,梦,lrc_cx_build,0.88
邓见超,爱,lrc_cx_build,0.88
邓见超,花,lrc_cx_build,0.88
邓见超,雨,lrc_cx_build,0.88
邓见超,风,lrc_cx_build,0.88
那吾克热,365个祝福 (南航特别版),github_dataset,0.8
那吾克热,365个祝福 (南航特别版),github_extended,0.7
那吾克热,365个祝福 (南航特别版),github_v2,0.75
那吾克热,All Or Nothing,lrc_cx_ext,0.85
那吾克热,All Or Nothing,netease_top,0.85
那吾克热,All in,lrc_cx_build,0.88
那吾克热,All or Nothing,lrc_cx_ext,0.85
那吾克热,Alwayss,lrc_cx_build,0.88
那吾克热,Champ(Live),github_dataset,0.8
那吾克热,Champ(Live),github_extended,0.7
那吾克热,Champ(Live),github_v2,0.75
那吾克热,Cold Hearted,lrc_cx_ext,0.85
那吾克热,Ghetto,lrc_cx_ext,0.85
那吾克热,Go Drink,github_dataset,0.8
那吾克热,Go Drink,github_extended,0.7
那吾克热,Go Drink,github_v2,0.75
那吾克热,Hayat,github_dataset,0.8
那吾克热,Hayat,github_extended,0.7
那吾克热,Hayat,github_v2,0.75
那吾克热,I Got It,lrc_cx_build,0.88
那吾克热,I'm CY,github_dataset,0.8
那吾克热,I'm CY,github_extended,0.7
那吾克热,I'm CY,github_v2,0.75
那吾克热,Killers,lrc_cx_ext,0.85
那吾克热,Killers,netease_top,0.85
那吾克热,Kochiga Chiqma,github_dataset,0.8
那吾克热,Kochiga Chiqma,github_extended,0.7
那吾克热,Kochiga Chiqma,github_v2,0.75
那吾克热,Light It Up,lrc_cx_build,0.88
那吾克热,Mr.King,github_dataset,0.8
那吾克热,Mr.King,github_extended,0.7
那吾克热,Mr.King,github_v2,0.75
那吾克热,Peace,github_dataset,0.8
那吾克热,Peace,github_extended,0.7
那吾克热,Peace,github_v2,0.75
那吾克热,Real Man,github_dataset,0.8
那吾克热,Real Man,github_extended,0.7
那吾克热,Real Man,github_v2,0.75
那吾克热,Rep That Culture (Live),github_dataset,0.8
那吾克热,Rep That Culture (Live),github_extended,0.7
那吾克热,Rep That Culture (Live),github_v2,0.75
那吾克热,Run It Up,lrc_cx_ext,0.85
那吾克热,Run It Up,netease_top,0.85
那吾克热,Tagdir,github_dataset,0.8
那吾克热,Tagdir,github_extended,0.7
那吾克热,Tagdir,github_v2,0.75
那吾克热,The One,lrc_cx_build,0.88
那吾克热,Toylar Mubarek,github_dataset,0.8
那吾克热,Toylar Mubarek,github_extended,0.7
那吾克热,Toylar Mubarek,github_v2,0.75
那吾克热,X,lrc_cx_ext,0.85
那吾克热,You’d Better Run (Live),github_dataset,0.8
那吾克热,You’d Better Run (Live),github_extended,0.7
那吾克热,You’d Better Run (Live),github_v2,0.75
那吾克热,不要上街头,github_dataset,0.8
那吾克热,不要上街头,github_extended,0.7
那吾克热,不要上街头,github_v2,0.75
那吾克热,不需要猜,lrc_cx_ext,0.85
那吾克热,不需要猜,netease_top,0.85
那吾克热,中国新说唱EP03 RAP03 (Live),github_dataset,0.8
那吾克热,中国新说唱EP03 RAP03 (Live),github_extended,0.7
那吾克热,中国新说唱EP03 RAP03 (Live),github_v2,0.75
那吾克热,儿子娃娃,github_dataset,0.8
那吾克热,儿子娃娃,github_extended,0.7
那吾克热,儿子娃娃,github_v2,0.75
那吾克热,光,lrc_cx_build,0.88
那吾克热,冷血动物,lrc_cx_build,0.88
那吾克热,北漂,github_dataset,0.8
那吾克热,北漂,github_extended,0.7
那吾克热,北漂,github_v2,0.75
那吾克热,吴亦凡战队Cypher (Live),github_dataset,0.8
那吾克热,吴亦凡战队Cypher (Live),github_extended,0.7
那吾克热,吴亦凡战队Cypher (Live),github_v2,0.75
那吾克热,四季 (Live),github_dataset,0.8
那吾克热,四季 (Live),github_extended,0.7
那吾克热,四季 (Live),github_v2,0.75
那吾克热,夜,lrc_cx_build,0.88
那吾克热,天,lrc_cx_build,0.88
那吾克热,家人 (Live),github_dataset,0.8
那吾克热,家人 (Live),github_extended,0.7
那吾克热,家人 (Live),github_v2,0.75
那吾克热,征途,github_dataset,0.8
那吾克热,征途,github_extended,0.7
那吾克热,征途,github_v2,0.75
那吾克热,心,lrc_cx_build,0.88
那吾克热,放空,github_dataset,0.8
那吾克热,放空,github_extended,0.7
那吾克热,放空,github_v2,0.75
那吾克热,斗牛,github_dataset,0.8
那吾克热,斗牛,github_extended,0.7
那吾克热,斗牛,github_v2,0.75
那吾克热,新石器,lrc_cx_ext,0.85
那吾克热,新石器,netease_top,0.85
那吾克热,月,lrc_cx_build,0.88
那吾克热,来自中国 (Live),github_dataset,0.8
那吾克热,来自中国 (Live),github_extended,0.7
那吾克热,来自中国 (Live),github_v2,0.75
那吾克热,梦,lrc_cx_build,0.88
那吾克热,毕业时间,github_dataset,0.8
那吾克热,毕业时间,github_extended,0.7
那吾克热,毕业时间,github_v2,0.75
那吾克热,水滴石穿,github_dataset,0.8
那吾克热,水滴石穿,github_extended,0.7
那吾克热,水滴石穿,github_v2,0.75
那吾克热,水滴石穿 + 绳锯木断 (Live),github_dataset,0.8
那吾克热,水滴石穿 + 绳锯木断 (Live),github_extended,0.7
那吾克热,水滴石穿 + 绳锯木断 (Live),github_v2,0.75
那吾克热,漂 - Live,github_dataset,0.8
那吾克热,漂 - Live,github_extended,0.7
那吾克热,漂 - Live,github_v2,0.75
那吾克热,漂 Part II,github_dataset,0.8
那吾克热,漂 Part II,github_extended,0.7
那吾克热,漂 Part II,github_v2,0.75
那吾克热,漂向北方 (Live),github_dataset,0.8
那吾克热,漂向北方 (Live),github_extended,0.7
那吾克热,漂向北方 (Live),github_v2,0.75
那吾克热,热血,lrc_cx_build,0.88
那吾克热,爱,lrc_cx_build,0.88
那吾克热,瓜兮兮 曼,github_dataset,0.8
那吾克热,瓜兮兮 曼,github_extended,0.7
那吾克热,瓜兮兮 曼,github_v2,0.75
那吾克热,疆要野,github_dataset,0.8
那吾克热,疆要野,github_extended,0.7
那吾克热,疆要野,github_v2,0.75
那吾克热,白日梦,github_dataset,0.8
那吾克热,白日梦,github_extended,0.7
那吾克热,白日梦,github_v2,0.75
那吾克热,目不转睛 (Live),github_dataset,0.8
那吾克热,目不转睛 (Live),github_extended,0.7
那吾克热,目不转睛 (Live),github_v2,0.75
那吾克热,空袭,github_dataset,0.8
那吾克热,空袭,github_extended,0.7
那吾克热,空袭,github_v2,0.75
那吾克热,纸飞机 (live),github_dataset,0.8
那吾克热,纸飞机 (live),github_extended,0.7
那吾克热,纸飞机 (live),github_v2,0.75
那吾克热,绕圈,lrc_cx_build,0.88
那吾克热,花,lrc_cx_build,0.88
那吾克热,走位,lrc_cx_build,0.88
那吾克热,趁年轻,github_dataset,0.8
那吾克热,趁年轻,github_extended,0.7
那吾克热,趁年轻,github_v2,0.75
那吾克热,金曲Cypher (Live),github_dataset,0.8
那吾克热,金曲Cypher (Live),github_extended,0.7
那吾克热,金曲Cypher (Live),github_v2,0.75
那吾克热,雨,lrc_cx_build,0.88
那吾克热,风,lrc_cx_build,0.88
那吾克热,飘向北方,lrc_cx_build,0.88
那吾克热,飘向北方,lrc_cx_ext,0.85
那吾克热,飘向北方,netease_top,0.85
那吾克热,飘向北方 (Live),github_dataset,0.8
那吾克热,飘向北方 (Live),github_extended,0.7
那吾克热,飘向北方 (Live),github_v2,0.75
那吾克热,飞越巅峰,github_dataset,0.8
那吾克热,飞越巅峰,github_extended,0.7
那吾克热,飞越巅峰,github_v2,0.75
邪恶少年EB,2K7,github_dataset,0.8
邪恶少年EB,2K7,github_extended,0.7
邪恶少年EB,2K7,github_v2,0.75
邪恶少年EB,"F..., Love.",github_dataset,0.8
邪恶少年EB,"F..., Love.",github_extended,0.7
邪恶少年EB,"F..., Love.",github_v2,0.75
邪恶少年EB,Life Is Still a Struggle(依然在战斗),github_dataset,0.8
邪恶少年EB,Life Is Still a Struggle(依然在战斗),github_extended,0.7
邪恶少年EB,Life Is Still a Struggle(依然在战斗),github_v2,0.75
邪恶少年EB,Uh-huh,github_dataset,0.8
邪恶少年EB,Uh-huh,github_extended,0.7
邪恶少年EB,Uh-huh,github_v2,0.75
邪恶少年EB,世界是你的,github_dataset,0.8
邪恶少年EB,世界是你的,github_extended,0.7
邪恶少年EB,世界是你的,github_v2,0.75
邪恶少年EB,东邪,github_dataset,0.8
邪恶少年EB,东邪,github_extended,0.7
邪恶少年EB,东邪,github_v2,0.75
邪恶少年EB,你好,github_dataset,0.8
邪恶少年EB,你好,github_extended,0.7
邪恶少年EB,你好,github_v2,0.75
邪恶少年EB,你挡不住我,github_dataset,0.8
邪恶少年EB,你挡不住我,github_extended,0.7
邪恶少年EB,你挡不住我,github_v2,0.75
邪恶少年EB,再见,github_dataset,0.8
邪恶少年EB,再见,github_extended,0.7
邪恶少年EB,再见,github_v2,0.75
邪恶少年EB,写在2001年4月30日,github_dataset,0.8
邪恶少年EB,写在2001年4月30日,github_extended,0.7
邪恶少年EB,写在2001年4月30日,github_v2,0.75
邪恶少年EB,半场,github_dataset,0.8
邪恶少年EB,半场,github_extended,0.7
邪恶少年EB,半场,github_v2,0.75
邪恶少年EB,叛徒,github_dataset,0.8
邪恶少年EB,叛徒,github_extended,0.7
邪恶少年EB,叛徒,github_v2,0.75
邪恶少年EB,奇迹,github_dataset,0.8
邪恶少年EB,奇迹,github_extended,0.7
邪恶少年EB,奇迹,github_v2,0.75
邪恶少年EB,微光,github_dataset,0.8
邪恶少年EB,微光,github_extended,0.7
邪恶少年EB,微光,github_v2,0.75
邪恶少年EB,我HIP HOP,github_dataset,0.8
邪恶少年EB,我HIP HOP,github_extended,0.7
邪恶少年EB,我HIP HOP,github_v2,0.75
邪恶少年EB,我HipHop,github_dataset,0.8
邪恶少年EB,我HipHop,github_extended,0.7
邪恶少年EB,我HipHop,github_v2,0.75
邪恶少年EB,我的演说,github_dataset,0.8
邪恶少年EB,我的演说,github_extended,0.7
邪恶少年EB,我的演说,github_v2,0.75
邪恶少年EB,挣扎,github_dataset,0.8
邪恶少年EB,挣扎,github_extended,0.7
邪恶少年EB,挣扎,github_v2,0.75
邪恶少年EB,无敌,github_dataset,0.8
邪恶少年EB,无敌,github_extended,0.7
邪恶少年EB,无敌,github_v2,0.75
邪恶少年EB,星夜,github_dataset,0.8
邪恶少年EB,星夜,github_extended,0.7
邪恶少年EB,星夜,github_v2,0.75
邪恶少年EB,有的人,github_dataset,0.8
邪恶少年EB,有的人,github_extended,0.7
邪恶少年EB,有的人,github_v2,0.75
邪恶少年EB,杀死差不多先生,github_dataset,0.8
邪恶少年EB,杀死差不多先生,github_extended,0.7
邪恶少年EB,杀死差不多先生,github_v2,0.75
邪恶少年EB,死灰,github_dataset,0.8
邪恶少年EB,死灰,github_extended,0.7
邪恶少年EB,死灰,github_v2,0.75
邪恶少年EB,活着,github_dataset,0.8
邪恶少年EB,活着,github_extended,0.7
邪恶少年EB,活着,github_v2,0.75
邪恶少年EB,自己,github_dataset,0.8
邪恶少年EB,自己,github_extended,0.7
邪恶少年EB,自己,github_v2,0.75
邪恶少年EB,街头球魂,github_dataset,0.8
邪恶少年EB,街头球魂,github_extended,0.7
邪恶少年EB,街头球魂,github_v2,0.75
邪恶少年EB,街舞少年,github_dataset,0.8
邪恶少年EB,街舞少年,github_extended,0.7
邪恶少年EB,街舞少年,github_v2,0.75
邪恶少年EB,走火,github_dataset,0.8
邪恶少年EB,走火,github_extended,0.7
邪恶少年EB,走火,github_v2,0.75
邪恶少年EB,选择,github_dataset,0.8
邪恶少年EB,选择,github_extended,0.7
邪恶少年EB,选择,github_v2,0.75
邪恶少年EB,邪恶少年,github_dataset,0.8
邪恶少年EB,邪恶少年,github_extended,0.7
邪恶少年EB,邪恶少年,github_v2,0.75
邪恶少年EB,错爱,github_dataset,0.8
邪恶少年EB,错爱,github_extended,0.7
邪恶少年EB,错爱,github_v2,0.75
陈冠希,69 Fm Mixtape - remix,github_dataset,0.8
陈冠希,69 Fm Mixtape - remix,github_extended,0.7
陈冠希,69 Fm Mixtape - remix,github_v2,0.75
陈冠希,Act Like U Know,github_dataset,0.8
陈冠希,Act Like U Know,github_extended,0.7
陈冠希,Act Like U Know,github_v2,0.75
陈冠希,Alien Girl,github_dataset,0.8
陈冠希,Alien Girl,github_extended,0.7
陈冠希,Alien Girl,github_v2,0.75
陈冠希,Dreams,github_dataset,0.8
陈冠希,Dreams,github_extended,0.7
陈冠希,Dreams,github_v2,0.75
陈冠希,For Love,github_dataset,0.8
陈冠希,For Love,github_extended,0.7
陈冠希,For Love,github_v2,0.75
陈冠希,I Can Fly,github_dataset,0.8
陈冠希,I Can Fly,github_extended,0.7
陈冠希,I Can Fly,github_v2,0.75
陈冠希,I Get High,github_dataset,0.8
陈冠希,I Get High,github_extended,0.7
陈冠希,I Get High,github_v2,0.75
陈冠希,Interude,github_dataset,0.8
陈冠希,Interude,github_extended,0.7
陈冠希,Interude,github_v2,0.75
陈冠希,King Boomba's Crew,github_dataset,0.8
陈冠希,King Boomba's Crew,github_extended,0.7
陈冠希,King Boomba's Crew,github_v2,0.75
陈冠希,Man In the Mirror,github_dataset,0.8
陈冠希,Man In the Mirror,github_extended,0.7
陈冠希,Man In the Mirror,github_v2,0.75
陈冠希,Mario Karting,github_dataset,0.8
陈冠希,Mario Karting,github_extended,0.7
陈冠希,Mario Karting,github_v2,0.75
陈冠希,Mr. Sandman,github_dataset,0.8
陈冠希,Mr. Sandman,github_extended,0.7
陈冠希,Mr. Sandman,github_v2,0.75
陈冠希,My Baby,github_dataset,0.8
陈冠希,My Baby,github_extended,0.7
陈冠希,My Baby,github_v2,0.75
陈冠希,Reboot 关机 ，开机,github_dataset,0.8
陈冠希,Reboot 关机 ，开机,github_extended,0.7
陈冠希,Reboot 关机 ，开机,github_v2,0.75
陈冠希,Running,github_dataset,0.8
陈冠希,Running,github_extended,0.7
陈冠希,Running,github_v2,0.75
陈冠希,Salute,github_dataset,0.8
陈冠希,Salute,github_extended,0.7
陈冠希,Salute,github_v2,0.75
陈冠希,Sky Blue Pink,github_dataset,0.8
陈冠希,Sky Blue Pink,github_extended,0.7
陈冠希,Sky Blue Pink,github_v2,0.75
陈冠希,Stack Ya Coins,github_dataset,0.8
陈冠希,Stack Ya Coins,github_extended,0.7
陈冠希,Stack Ya Coins,github_v2,0.75
陈冠希,The Castle,github_dataset,0.8
陈冠希,The Castle,github_extended,0.7
陈冠希,The Castle,github_v2,0.75
陈冠希,Where Are You,github_dataset,0.8
陈冠希,Where Are You,github_extended,0.7
陈冠希,Where Are You,github_v2,0.75
陈冠希,上当,github_dataset,0.8
陈冠希,上当,github_extended,0.7
陈冠希,上当,github_v2,0.75
陈冠希,上路,github_dataset,0.8
陈冠希,上路,github_extended,0.7
陈冠希,上路,github_v2,0.75
陈冠希,上路2,github_dataset,0.8
陈冠希,上路2,github_extended,0.7
陈冠希,上路2,github_v2,0.75
陈冠希,不可能,github_dataset,0.8
陈冠希,不可能,github_extended,0.7
陈冠希,不可能,github_v2,0.75
陈冠希,东方快车,github_dataset,0.8
陈冠希,东方快车,github_extended,0.7
陈冠希,东方快车,github_v2,0.75
陈冠希,凌晨1:37,github_dataset,0.8
陈冠希,凌晨1:37,github_extended,0.7
陈冠希,凌晨1:37,github_v2,0.75
陈冠希,几点,github_dataset,0.8
陈冠希,几点,github_extended,0.7
陈冠希,几点,github_v2,0.75
陈冠希,又一年,github_dataset,0.8
陈冠希,又一年,github_extended,0.7
陈冠希,又一年,github_v2,0.75
陈冠希,外星伴侣,github_dataset,0.8
陈冠希,外星伴侣,github_extended,0.7
陈冠希,外星伴侣,github_v2,0.75
陈冠希,夜来妖,github_dataset,0.8
陈冠希,夜来妖,github_extended,0.7
陈冠希,夜来妖,github_v2,0.75
陈冠希,天外有天,github_dataset,0.8
陈冠希,天外有天,github_extended,0.7
陈冠希,天外有天,github_v2,0.75
陈冠希,宇宙牛郎,github_dataset,0.8
陈冠希,宇宙牛郎,github_extended,0.7
陈冠希,宇宙牛郎,github_v2,0.75
陈冠希,成就气味,github_dataset,0.8
陈冠希,成就气味,github_extended,0.7
陈冠希,成就气味,github_v2,0.75
陈冠希,拳头,github_dataset,0.8
陈冠希,拳头,github_extended,0.7
陈冠希,拳头,github_v2,0.75
陈冠希,无心睡眠,github_dataset,0.8
陈冠希,无心睡眠,github_extended,0.7
陈冠希,无心睡眠,github_v2,0.75
陈冠希,星际怨曲,github_dataset,0.8
陈冠希,星际怨曲,github_extended,0.7
陈冠希,星际怨曲,github_v2,0.75
陈冠希,是我,github_dataset,0.8
陈冠希,是我,github_extended,0.7
陈冠希,是我,github_v2,0.75
陈冠希,李琛琛留言,github_dataset,0.8
陈冠希,李琛琛留言,github_extended,0.7
陈冠希,李琛琛留言,github_v2,0.75
陈冠希,神,github_dataset,0.8
陈冠希,神,github_extended,0.7
陈冠希,神,github_v2,0.75
陈冠希,精神分裂,github_dataset,0.8
陈冠希,精神分裂,github_extended,0.7
陈冠希,精神分裂,github_v2,0.75
陈冠希,继续做,github_dataset,0.8
陈冠希,继续做,github_extended,0.7
陈冠希,继续做,github_v2,0.75
陈冠希,观星,github_dataset,0.8
陈冠希,观星,github_extended,0.7
陈冠希,观星,github_v2,0.75
陈冠希,记得我吗,github_dataset,0.8
陈冠希,记得我吗,github_extended,0.7
陈冠希,记得我吗,github_v2,0.75
陈冠希,谣言,github_dataset,0.8
陈冠希,谣言,github_extended,0.7
陈冠希,谣言,github_v2,0.75
陈冠希,起飞2,github_dataset,0.8
陈冠希,起飞2,github_extended,0.7
陈冠希,起飞2,github_v2,0.75
陈冠希,超时空,github_dataset,0.8
陈冠希,超时空,github_extended,0.7
陈冠希,超时空,github_v2,0.75
陈冠希,跟女朋友讲电话,github_dataset,0.8
陈冠希,跟女朋友讲电话,github_extended,0.7
陈冠希,跟女朋友讲电话,github_v2,0.75
陈冠希,问世上有几多爱,github_dataset,0.8
陈冠希,问世上有几多爱,github_extended,0.7
陈冠希,问世上有几多爱,github_v2,0.75
陈梓童,Amazing,github_dataset,0.8
陈梓童,Amazing,github_extended,0.7
陈梓童,Amazing,github_v2,0.75
陈梓童,Bang Bang (Live) (陈梓童胜出),github_dataset,0.8
陈梓童,Bang Bang (Live) (陈梓童胜出),github_extended,0.7
陈梓童,Bang Bang (Live) (陈梓童胜出),github_v2,0.75
陈梓童,Don’t Say,github_dataset,0.8
陈梓童,Don’t Say,github_extended,0.7
陈梓童,Don’t Say,github_v2,0.75
陈梓童,Go!精彩,github_dataset,0.8
陈梓童,Go!精彩,github_extended,0.7
陈梓童,Go!精彩,github_v2,0.75
陈梓童,Gril Man(女汉子),github_dataset,0.8
陈梓童,Gril Man(女汉子),github_extended,0.7
陈梓童,Gril Man(女汉子),github_v2,0.75
陈梓童,HUSTLE,github_dataset,0.8
陈梓童,HUSTLE,github_extended,0.7
陈梓童,HUSTLE,github_v2,0.75
陈梓童,HUSTLE (Live),github_dataset,0.8
陈梓童,HUSTLE (Live),github_extended,0.7
陈梓童,HUSTLE (Live),github_v2,0.75
陈梓童,Hands Up ,github_dataset,0.8
陈梓童,Hands Up ,github_extended,0.7
陈梓童,Hands Up ,github_v2,0.75
陈梓童,Live It Up,github_dataset,0.8
陈梓童,Live It Up,github_extended,0.7
陈梓童,Live It Up,github_v2,0.75
陈梓童,ONE MORE,github_dataset,0.8
陈梓童,ONE MORE,github_extended,0.7
陈梓童,ONE MORE,github_v2,0.75
陈梓童,不见不散,github_dataset,0.8
陈梓童,不见不散,github_extended,0.7
陈梓童,不见不散,github_v2,0.75
陈梓童,中国新说唱EP06 RAP01 (Live),github_dataset,0.8
陈梓童,中国新说唱EP06 RAP01 (Live),github_extended,0.7
陈梓童,中国新说唱EP06 RAP01 (Live),github_v2,0.75
陈梓童,刀剑如梦 (Live) (陈梓童胜出),github_dataset,0.8
陈梓童,刀剑如梦 (Live) (陈梓童胜出),github_extended,0.7
陈梓童,刀剑如梦 (Live) (陈梓童胜出),github_v2,0.75
陈梓童,刀马旦 (Live),github_dataset,0.8
陈梓童,刀马旦 (Live),github_extended,0.7
陈梓童,刀马旦 (Live),github_v2,0.75
陈梓童,双截棍 (Live),github_dataset,0.8
陈梓童,双截棍 (Live),github_extended,0.7
陈梓童,双截棍 (Live),github_v2,0.75
陈梓童,双截棍(Live),github_dataset,0.8
陈梓童,双截棍(Live),github_extended,0.7
陈梓童,双截棍(Live),github_v2,0.75
陈梓童,可爱女人 (Live),github_dataset,0.8
陈梓童,可爱女人 (Live),github_extended,0.7
陈梓童,可爱女人 (Live),github_v2,0.75
陈梓童,女皇令,github_dataset,0.8
陈梓童,女皇令,github_extended,0.7
陈梓童,女皇令,github_v2,0.75
陈梓童,心战,github_dataset,0.8
陈梓童,心战,github_extended,0.7
陈梓童,心战,github_v2,0.75
陈梓童,我最骄傲爱过的人,github_dataset,0.8
陈梓童,我最骄傲爱过的人,github_extended,0.7
陈梓童,我最骄傲爱过的人,github_v2,0.75
陈梓童,控制(Lie),github_dataset,0.8
陈梓童,控制(Lie),github_extended,0.7
陈梓童,控制(Lie),github_v2,0.75
陈梓童,最后一击(Last Shot),github_dataset,0.8
陈梓童,最后一击(Last Shot),github_extended,0.7
陈梓童,最后一击(Last Shot),github_v2,0.75
陈梓童,未来,github_dataset,0.8
陈梓童,未来,github_extended,0.7
陈梓童,未来,github_v2,0.75
陈梓童,流浪记 (Live),github_dataset,0.8
陈梓童,流浪记 (Live),github_extended,0.7
陈梓童,流浪记 (Live),github_v2,0.75
陈梓童,观音阁,github_dataset,0.8
陈梓童,观音阁,github_extended,0.7
陈梓童,观音阁,github_v2,0.75
陈梓童,让我一次爱个够 (Live),github_dataset,0.8
陈梓童,让我一次爱个够 (Live),github_extended,0.7
陈梓童,让我一次爱个够 (Live),github_v2,0.75
陈梓童,起范儿 (Live),github_dataset,0.8
陈梓童,起范儿 (Live),github_extended,0.7
陈梓童,起范儿 (Live),github_v2,0.75
陈然Cee,02 不能带你去 ,github_dataset,0.8
陈然Cee,02 不能带你去 ,github_extended,0.7
陈然Cee,02 不能带你去 ,github_v2,0.75
陈然Cee,03 Dont Know Why,github_dataset,0.8
陈然Cee,03 Dont Know Why,github_extended,0.7
陈然Cee,03 Dont Know Why,github_v2,0.75
陈然Cee,04 都市背包客,github_dataset,0.8
陈然Cee,04 都市背包客,github_extended,0.7
陈然Cee,04 都市背包客,github_v2,0.75
陈然Cee,05 Turn the Radio Off (Commercial Break),github_dataset,0.8
陈然Cee,05 Turn the Radio Off (Commercial Break),github_extended,0.7
陈然Cee,05 Turn the Radio Off (Commercial Break),github_v2,0.75
陈然Cee,07 焦点 Highlight feat. 蛋堡,github_dataset,0.8
陈然Cee,07 焦点 Highlight feat. 蛋堡,github_extended,0.7
陈然Cee,07 焦点 Highlight feat. 蛋堡,github_v2,0.75
陈然Cee,09 那段 Episode,github_dataset,0.8
陈然Cee,09 那段 Episode,github_extended,0.7
陈然Cee,09 那段 Episode,github_v2,0.75
陈然Cee,11 Nod To It,github_dataset,0.8
陈然Cee,11 Nod To It,github_extended,0.7
陈然Cee,11 Nod To It,github_v2,0.75
陈然Cee,12 MIC feat. 肥宝,github_dataset,0.8
陈然Cee,12 MIC feat. 肥宝,github_extended,0.7
陈然Cee,12 MIC feat. 肥宝,github_v2,0.75
陈然Cee,14 深夜 feat. 慢行 After Midnight feat. Manhand,github_dataset,0.8
陈然Cee,14 深夜 feat. 慢行 After Midnight feat. Manhand,github_extended,0.7
陈然Cee,14 深夜 feat. 慢行 After Midnight feat. Manhand,github_v2,0.75
陈然Cee,Come Ride With Me feat.Cee,github_dataset,0.8
陈然Cee,Come Ride With Me feat.Cee,github_extended,0.7
陈然Cee,Come Ride With Me feat.Cee,github_v2,0.75
陈然Cee,Dont Know Why  - Reprise / Outro,github_dataset,0.8
陈然Cee,Dont Know Why  - Reprise / Outro,github_extended,0.7
陈然Cee,Dont Know Why  - Reprise / Outro,github_v2,0.75
陈然Cee,Drive Slow,github_dataset,0.8
陈然Cee,Drive Slow,github_extended,0.7
陈然Cee,Drive Slow,github_v2,0.75
陈然Cee,Flava In Ya Ear 2016 Remix,github_dataset,0.8
陈然Cee,Flava In Ya Ear 2016 Remix,github_extended,0.7
陈然Cee,Flava In Ya Ear 2016 Remix,github_v2,0.75
陈然Cee,G.O.A.T(Cee Version),github_dataset,0.8
陈然Cee,G.O.A.T(Cee Version),github_extended,0.7
陈然Cee,G.O.A.T(Cee Version),github_v2,0.75
陈然Cee,Lu1 - My Fathers Watch Remix-爸爸的手表Remix（Sbazzo / Lu1 / Cee remix）,github_dataset,0.8
陈然Cee,Lu1 - My Fathers Watch Remix-爸爸的手表Remix（Sbazzo / Lu1 / Cee remix）,github_extended,0.7
陈然Cee,Lu1 - My Fathers Watch Remix-爸爸的手表Remix（Sbazzo / Lu1 / Cee remix）,github_v2,0.75
陈然Cee,MIC,github_dataset,0.8
陈然Cee,MIC,github_extended,0.7
陈然Cee,MIC,github_v2,0.75
陈然Cee,Nod To It  - HARIKIRI Remix,github_dataset,0.8
陈然Cee,Nod To It  - HARIKIRI Remix,github_extended,0.7
陈然Cee,Nod To It  - HARIKIRI Remix,github_v2,0.75
陈然Cee,Parrot or Not,github_dataset,0.8
陈然Cee,Parrot or Not,github_extended,0.7
陈然Cee,Parrot or Not,github_v2,0.75
陈然Cee,R3. 不能带你去 Places feat. IllMo (14 Soulful Mix),github_dataset,0.8
陈然Cee,R3. 不能带你去 Places feat. IllMo (14 Soulful Mix),github_extended,0.7
陈然Cee,R3. 不能带你去 Places feat. IllMo (14 Soulful Mix),github_v2,0.75
陈然Cee,RunAwaY,github_dataset,0.8
陈然Cee,RunAwaY,github_extended,0.7
陈然Cee,RunAwaY,github_v2,0.75
陈然Cee,RunAway,github_dataset,0.8
陈然Cee,RunAway,github_extended,0.7
陈然Cee,RunAway,github_v2,0.75
陈然Cee,Soul Plane Featuring 阿克江,github_dataset,0.8
陈然Cee,Soul Plane Featuring 阿克江,github_extended,0.7
陈然Cee,Soul Plane Featuring 阿克江,github_v2,0.75
陈然Cee,Turn the Radio Off - Commercial Break,github_dataset,0.8
陈然Cee,Turn the Radio Off - Commercial Break,github_extended,0.7
陈然Cee,Turn the Radio Off - Commercial Break,github_v2,0.75
陈然Cee,上(SHANG)2019,github_dataset,0.8
陈然Cee,上(SHANG)2019,github_extended,0.7
陈然Cee,上(SHANG)2019,github_v2,0.75
陈然Cee,不知为何 / Dont Know Why,github_dataset,0.8
陈然Cee,不知为何 / Dont Know Why,github_extended,0.7
陈然Cee,不知为何 / Dont Know Why,github_v2,0.75
陈然Cee,不能带你去(14？ Soulful Remix),github_dataset,0.8
陈然Cee,不能带你去(14？ Soulful Remix),github_extended,0.7
陈然Cee,不能带你去(14？ Soulful Remix),github_v2,0.75
陈然Cee,不能带你去 / Places,github_dataset,0.8
陈然Cee,不能带你去 / Places,github_extended,0.7
陈然Cee,不能带你去 / Places,github_v2,0.75
陈然Cee,名人堂,github_dataset,0.8
陈然Cee,名人堂,github_extended,0.7
陈然Cee,名人堂,github_v2,0.75
陈然Cee,土,github_dataset,0.8
陈然Cee,土,github_extended,0.7
陈然Cee,土,github_v2,0.75
陈然Cee,对号入座 FT. AR,github_dataset,0.8
陈然Cee,对号入座 FT. AR,github_extended,0.7
陈然Cee,对号入座 FT. AR,github_v2,0.75
陈然Cee,押韵歌(All-Star Remix),github_dataset,0.8
陈然Cee,押韵歌(All-Star Remix),github_extended,0.7
陈然Cee,押韵歌(All-Star Remix),github_v2,0.75
陈然Cee,旋转木马 / Carousel  - Skit,github_dataset,0.8
陈然Cee,旋转木马 / Carousel  - Skit,github_extended,0.7
陈然Cee,旋转木马 / Carousel  - Skit,github_v2,0.75
陈然Cee,无法衣锦还乡的骑士 / The Land of Endless,github_dataset,0.8
陈然Cee,无法衣锦还乡的骑士 / The Land of Endless,github_extended,0.7
陈然Cee,无法衣锦还乡的骑士 / The Land of Endless,github_v2,0.75
陈然Cee,时光机 Time Machine - Skit,github_dataset,0.8
陈然Cee,时光机 Time Machine - Skit,github_extended,0.7
陈然Cee,时光机 Time Machine - Skit,github_v2,0.75
陈然Cee,木,github_dataset,0.8
陈然Cee,木,github_extended,0.7
陈然Cee,木,github_v2,0.75
陈然Cee,水,github_dataset,0.8
陈然Cee,水,github_extended,0.7
陈然Cee,水,github_v2,0.75
陈然Cee,深夜 / After Midnight ,github_dataset,0.8
陈然Cee,深夜 / After Midnight ,github_extended,0.7
陈然Cee,深夜 / After Midnight ,github_v2,0.75
陈然Cee,火,github_dataset,0.8
陈然Cee,火,github_extended,0.7
陈然Cee,火,github_v2,0.75
陈然Cee,焦点 / Highlight ,github_dataset,0.8
陈然Cee,焦点 / Highlight ,github_extended,0.7
陈然Cee,焦点 / Highlight ,github_v2,0.75
陈然Cee,置身事外(The Lost Version),github_dataset,0.8
陈然Cee,置身事外(The Lost Version),github_extended,0.7
陈然Cee,置身事外(The Lost Version),github_v2,0.75
陈然Cee,老电影,github_dataset,0.8
陈然Cee,老电影,github_extended,0.7
陈然Cee,老电影,github_v2,0.75
陈然Cee,老电影 feat. Cee,github_dataset,0.8
陈然Cee,老电影 feat. Cee,github_extended,0.7
陈然Cee,老电影 feat. Cee,github_v2,0.75
陈然Cee,自己做决定,github_dataset,0.8
陈然Cee,自己做决定,github_extended,0.7
陈然Cee,自己做决定,github_v2,0.75
陈然Cee,自己做决定 / This Day Forth ,github_dataset,0.8
陈然Cee,自己做决定 / This Day Forth ,github_extended,0.7
陈然Cee,自己做决定 / This Day Forth ,github_v2,0.75
陈然Cee,街头巨星 Pt.3 / Hoodstar Pt.3,github_dataset,0.8
陈然Cee,街头巨星 Pt.3 / Hoodstar Pt.3,github_extended,0.7
陈然Cee,街头巨星 Pt.3 / Hoodstar Pt.3,github_v2,0.75
陈然Cee,起点,github_dataset,0.8
陈然Cee,起点,github_extended,0.7
陈然Cee,起点,github_v2,0.75
陈然Cee,那段 / Episode,github_dataset,0.8
陈然Cee,那段 / Episode,github_extended,0.7
陈然Cee,那段 / Episode,github_v2,0.75
陈然Cee,都市背包客 / The City Backpackers,github_dataset,0.8
陈然Cee,都市背包客 / The City Backpackers,github_extended,0.7
陈然Cee,都市背包客 / The City Backpackers,github_v2,0.75
陈然Cee,金,github_dataset,0.8
陈然Cee,金,github_extended,0.7
陈然Cee,金,github_v2,0.75
陈萝莉,大娱乐家,lrc_cx_ext,0.85
陈萝莉,大娱乐家 (Remix),lrc_cx_ext,0.85
陈萝莉,少女,lrc_cx_build,0.88
陈萝莉,我本优秀,lrc_cx_build,0.88
陈萝莉,我本单纯,lrc_cx_build,0.88
陈萝莉,我本善良,lrc_cx_build,0.88
陈萝莉,玫瑰,lrc_cx_build,0.88
陈萝莉,要 bigger,lrc_cx_ext,0.85
陈萝莉,要 bigger (Remix),lrc_cx_ext,0.85
陈萝莉,陈萝莉,lrc_cx_ext,0.85
陈萝莉,陈萝莉,netease_top,0.85
陈萝莉,陈萝莉 (Remix),lrc_cx_ext,0.85
隐藏,RIGHT NOW,github_dataset,0.8
隐藏,RIGHT NOW,github_extended,0.7
隐藏,RIGHT NOW,github_v2,0.75
隐藏,在北京,github_dataset,0.8
隐藏,在北京,github_extended,0.7
隐藏,在北京,github_v2,0.75
隐藏,如果我能回头,github_dataset,0.8
隐藏,如果我能回头,github_extended,0.7
隐藏,如果我能回头,github_v2,0.75
隐藏,往左往右,github_dataset,0.8
隐藏,往左往右,github_extended,0.7
隐藏,往左往右,github_v2,0.75
隐藏,我的街头,github_dataset,0.8
隐藏,我的街头,github_extended,0.7
隐藏,我的街头,github_v2,0.75
隐藏,最后一次,github_dataset,0.8
隐藏,最后一次,github_extended,0.7
隐藏,最后一次,github_v2,0.75
隐藏,狂人日记,github_dataset,0.8
隐藏,狂人日记,github_extended,0.7
隐藏,狂人日记,github_v2,0.75
隐藏,街头诗人,github_dataset,0.8
隐藏,街头诗人,github_extended,0.7
隐藏,街头诗人,github_v2,0.75
隐藏,说,github_dataset,0.8
隐藏,说,github_extended,0.7
隐藏,说,github_v2,0.75
隐藏,说唱体操,github_dataset,0.8
隐藏,说唱体操,github_extended,0.7
隐藏,说唱体操,github_v2,0.75
隐藏,走起来,github_dataset,0.8
隐藏,走起来,github_extended,0.7
隐藏,走起来,github_v2,0.75
隐藏,还在北京,github_dataset,0.8
隐藏,还在北京,github_extended,0.7
隐藏,还在北京,github_v2,0.75
隐藏,飞了,github_dataset,0.8
隐藏,飞了,github_extended,0.7
隐藏,飞了,github_v2,0.75
隐藏,黄皮肤的路,github_dataset,0.8
隐藏,黄皮肤的路,github_extended,0.7
隐藏,黄皮肤的路,github_v2,0.75
顽童MJ116,2030,github_dataset,0.8
顽童MJ116,2030,github_extended,0.7
顽童MJ116,2030,github_v2,0.75
顽童MJ116,Better Believe,github_dataset,0.8
顽童MJ116,Better Believe,github_extended,0.7
顽童MJ116,Better Believe,github_v2,0.75
顽童MJ116,Coming Home,github_dataset,0.8
顽童MJ116,Coming Home,github_extended,0.7
顽童MJ116,Coming Home,github_v2,0.75
顽童MJ116,Costly Love,github_dataset,0.8
顽童MJ116,Costly Love,github_extended,0.7
顽童MJ116,Costly Love,github_v2,0.75
顽童MJ116,"GOOD VIBE Feat. STARR CHEN , MOOZLIE",github_dataset,0.8
顽童MJ116,"GOOD VIBE Feat. STARR CHEN , MOOZLIE",github_extended,0.7
顽童MJ116,"GOOD VIBE Feat. STARR CHEN , MOOZLIE",github_v2,0.75
顽童MJ116,How we roll,github_dataset,0.8
顽童MJ116,How we roll,github_extended,0.7
顽童MJ116,How we roll,github_v2,0.75
顽童MJ116,I Hate People Talk,github_dataset,0.8
顽童MJ116,I Hate People Talk,github_extended,0.7
顽童MJ116,I Hate People Talk,github_v2,0.75
顽童MJ116,I Want It All,github_dataset,0.8
顽童MJ116,I Want It All,github_extended,0.7
顽童MJ116,I Want It All,github_v2,0.75
顽童MJ116,Intro,github_dataset,0.8
顽童MJ116,Intro,github_extended,0.7
顽童MJ116,Intro,github_v2,0.75
顽童MJ116,Jungle,github_dataset,0.8
顽童MJ116,Jungle,github_extended,0.7
顽童MJ116,Jungle,github_v2,0.75
顽童MJ116,Just Believe,github_dataset,0.8
顽童MJ116,Just Believe,github_extended,0.7
顽童MJ116,Just Believe,github_v2,0.75
顽童MJ116,Last Man Standing,github_dataset,0.8
顽童MJ116,Last Man Standing,github_extended,0.7
顽童MJ116,Last Man Standing,github_v2,0.75
顽童MJ116,MJ Fresh Gang ,github_dataset,0.8
顽童MJ116,MJ Fresh Gang ,github_extended,0.7
顽童MJ116,MJ Fresh Gang ,github_v2,0.75
顽童MJ116,Man In the Mirror ,github_dataset,0.8
顽童MJ116,Man In the Mirror ,github_extended,0.7
顽童MJ116,Man In the Mirror ,github_v2,0.75
顽童MJ116,Party MC,github_dataset,0.8
顽童MJ116,Party MC,github_extended,0.7
顽童MJ116,Party MC,github_v2,0.75
顽童MJ116,R&amp;B Girl Feat. J.Sheon,github_dataset,0.8
顽童MJ116,R&amp;B Girl Feat. J.Sheon,github_extended,0.7
顽童MJ116,R&amp;B Girl Feat. J.Sheon,github_v2,0.75
顽童MJ116,Rap Star,github_dataset,0.8
顽童MJ116,Rap Star,github_extended,0.7
顽童MJ116,Rap Star,github_v2,0.75
顽童MJ116,Running ,github_dataset,0.8
顽童MJ116,Running ,github_extended,0.7
顽童MJ116,Running ,github_v2,0.75
顽童MJ116,Shake,github_dataset,0.8
顽童MJ116,Shake,github_extended,0.7
顽童MJ116,Shake,github_v2,0.75
顽童MJ116,Sing Forever,github_dataset,0.8
顽童MJ116,Sing Forever,github_extended,0.7
顽童MJ116,Sing Forever,github_v2,0.75
顽童MJ116,Skit (ESO),github_dataset,0.8
顽童MJ116,Skit (ESO),github_extended,0.7
顽童MJ116,Skit (ESO),github_v2,0.75
顽童MJ116,South Side,github_dataset,0.8
顽童MJ116,South Side,github_extended,0.7
顽童MJ116,South Side,github_v2,0.75
顽童MJ116,Southside,github_dataset,0.8
顽童MJ116,Southside,github_extended,0.7
顽童MJ116,Southside,github_v2,0.75
顽童MJ116,Spotlight,github_dataset,0.8
顽童MJ116,Spotlight,github_extended,0.7
顽童MJ116,Spotlight,github_v2,0.75
顽童MJ116,Super Duper,github_dataset,0.8
顽童MJ116,Super Duper,github_extended,0.7
顽童MJ116,Super Duper,github_v2,0.75
顽童MJ116,Super Duper Fly,github_dataset,0.8
顽童MJ116,Super Duper Fly,github_extended,0.7
顽童MJ116,Super Duper Fly,github_v2,0.75
顽童MJ116,二手车 (Live版),github_dataset,0.8
顽童MJ116,二手车 (Live版),github_extended,0.7
顽童MJ116,二手车 (Live版),github_v2,0.75
顽童MJ116,凡人,github_dataset,0.8
顽童MJ116,凡人,github_extended,0.7
顽童MJ116,凡人,github_v2,0.75
顽童MJ116,双手插口袋 ,github_dataset,0.8
顽童MJ116,双手插口袋 ,github_extended,0.7
顽童MJ116,双手插口袋 ,github_v2,0.75
顽童MJ116,地痞,github_dataset,0.8
顽童MJ116,地痞,github_extended,0.7
顽童MJ116,地痞,github_v2,0.75
顽童MJ116,坏邻居,github_dataset,0.8
顽童MJ116,坏邻居,github_extended,0.7
顽童MJ116,坏邻居,github_v2,0.75
顽童MJ116,好朋友,github_dataset,0.8
顽童MJ116,好朋友,github_extended,0.7
顽童MJ116,好朋友,github_v2,0.75
顽童MJ116,少年董,github_dataset,0.8
顽童MJ116,少年董,github_extended,0.7
顽童MJ116,少年董,github_v2,0.75
顽童MJ116,少年董 ,github_dataset,0.8
顽童MJ116,少年董 ,github_extended,0.7
顽童MJ116,少年董 ,github_v2,0.75
顽童MJ116,干大事,github_dataset,0.8
顽童MJ116,干大事,github_extended,0.7
顽童MJ116,干大事,github_v2,0.75
顽童MJ116,干大事 ,github_dataset,0.8
顽童MJ116,干大事 ,github_extended,0.7
顽童MJ116,干大事 ,github_v2,0.75
顽童MJ116,敞篷车,github_dataset,0.8
顽童MJ116,敞篷车,github_extended,0.7
顽童MJ116,敞篷车,github_v2,0.75
顽童MJ116,梦想的力量,github_dataset,0.8
顽童MJ116,梦想的力量,github_extended,0.7
顽童MJ116,梦想的力量,github_v2,0.75
顽童MJ116,歹性底,github_dataset,0.8
顽童MJ116,歹性底,github_extended,0.7
顽童MJ116,歹性底,github_v2,0.75
顽童MJ116,浪漫一下,github_dataset,0.8
顽童MJ116,浪漫一下,github_extended,0.7
顽童MJ116,浪漫一下,github_v2,0.75
顽童MJ116,生煎包,github_dataset,0.8
顽童MJ116,生煎包,github_extended,0.7
顽童MJ116,生煎包,github_v2,0.75
顽童MJ116,脱罪,github_dataset,0.8
顽童MJ116,脱罪,github_extended,0.7
顽童MJ116,脱罪,github_v2,0.75
顽童MJ116,苹果,github_dataset,0.8
顽童MJ116,苹果,github_extended,0.7
顽童MJ116,苹果,github_v2,0.75
顽童MJ116,质感老乡,github_dataset,0.8
顽童MJ116,质感老乡,github_extended,0.7
顽童MJ116,质感老乡,github_v2,0.75
顽童MJ116,走跳,github_dataset,0.8
顽童MJ116,走跳,github_extended,0.7
顽童MJ116,走跳,github_v2,0.75
顽童MJ116,超級酷,github_dataset,0.8
顽童MJ116,超級酷,github_extended,0.7
顽童MJ116,超級酷,github_v2,0.75
顽童MJ116,辣台妹,github_dataset,0.8
顽童MJ116,辣台妹,github_extended,0.7
顽童MJ116,辣台妹,github_v2,0.75
顽童MJ116,金上瘾,github_dataset,0.8
顽童MJ116,金上瘾,github_extended,0.7
顽童MJ116,金上瘾,github_v2,0.75
顽童MJ116,飙高速,github_dataset,0.8
顽童MJ116,飙高速,github_extended,0.7
顽童MJ116,飙高速,github_v2,0.75
顽童MJ116,骗吃骗吃,github_dataset,0.8
顽童MJ116,骗吃骗吃,github_extended,0.7
顽童MJ116,骗吃骗吃,github_v2,0.75
马思唯,711,github_dataset,0.8
马思唯,711,github_extended,0.7
马思唯,711,github_v2,0.75
马思唯,A Girl Needs Love(Feat.马思唯),github_dataset,0.8
马思唯,A Girl Needs Love(Feat.马思唯),github_extended,0.7
马思唯,A Girl Needs Love(Feat.马思唯),github_v2,0.75
马思唯,Ape (Prod. By Blasian Beats),github_dataset,0.8
马思唯,Ape (Prod. By Blasian Beats),github_extended,0.7
马思唯,Ape (Prod. By Blasian Beats),github_v2,0.75
马思唯,BAPESTA(Prod.Izak),github_dataset,0.8
马思唯,BAPESTA(Prod.Izak),github_extended,0.7
马思唯,BAPESTA(Prod.Izak),github_v2,0.75
马思唯,Blue (Prod. By Tantu),github_dataset,0.8
马思唯,Blue (Prod. By Tantu),github_extended,0.7
马思唯,Blue (Prod. By Tantu),github_v2,0.75
马思唯,CINDERELLA,lrc_cx_build,0.88
马思唯,Can't be the one (prod by Kaytranada),github_dataset,0.8
马思唯,Can't be the one (prod by Kaytranada),github_extended,0.7
马思唯,Can't be the one (prod by Kaytranada),github_v2,0.75
马思唯,Crown,lrc_cx_ext,0.85
马思唯,Crown,netease_top,0.85
马思唯,Crush On You (Remix),github_dataset,0.8
马思唯,Crush On You (Remix),github_extended,0.7
马思唯,Crush On You (Remix),github_v2,0.75
马思唯,Don't Stop,lrc_cx_build,0.88
马思唯,GOAT,lrc_cx_ext,0.85
马思唯,GOAT,netease_top,0.85
马思唯,Goon,lrc_cx_build,0.88
马思唯,HUSTLE HARD,lrc_cx_build,0.88
马思唯,Hahaha,lrc_cx_ext,0.85
马思唯,Hahaha,netease_top,0.85
马思唯,Humble,lrc_cx_build,0.88
马思唯,I Really Mean It Freestyle (Prod By Just Blaze),github_dataset,0.8
马思唯,I Really Mean It Freestyle (Prod By Just Blaze),github_extended,0.7
马思唯,I Really Mean It Freestyle (Prod By Just Blaze),github_v2,0.75
马思唯,I Wanna Be,lrc_cx_ext,0.85
马思唯,Know You,lrc_cx_build,0.88
马思唯,LOVE MATH,lrc_cx_build,0.88
马思唯,Lifestyle,lrc_cx_build,0.88
马思唯,Lose Control,lrc_cx_ext,0.85
马思唯,Made in China,lrc_cx_build,0.88
马思唯,Mamba,lrc_cx_ext,0.85
马思唯,My Homies,lrc_cx_build,0.88
马思唯,My Style (Prod. By Harikiri),github_dataset,0.8
马思唯,My Style (Prod. By Harikiri),github_extended,0.7
马思唯,My Style (Prod. By Harikiri),github_v2,0.75
马思唯,Neva End,lrc_cx_ext,0.85
马思唯,Neva End,netease_top,0.85
马思唯,No Sleep,lrc_cx_ext,0.85
马思唯,Old Friend(prod. by Eddie Beatz),github_dataset,0.8
马思唯,Old Friend(prod. by Eddie Beatz),github_extended,0.7
马思唯,Old Friend(prod. by Eddie Beatz),github_v2,0.75
马思唯,Overseas Freestyle (Prod. By Nilson Edgardo On Da Track),github_dataset,0.8
马思唯,Overseas Freestyle (Prod. By Nilson Edgardo On Da Track),github_extended,0.7
马思唯,Overseas Freestyle (Prod. By Nilson Edgardo On Da Track),github_v2,0.75
马思唯,REFRESH,github_dataset,0.8
马思唯,REFRESH,github_extended,0.7
马思唯,REFRESH,github_v2,0.75
马思唯,Ruthless,lrc_cx_build,0.88
马思唯,Salute,github_dataset,0.8
马思唯,Salute,github_extended,0.7
马思唯,Salute,github_v2,0.75
马思唯,Slide,github_dataset,0.8
马思唯,Slide,github_extended,0.7
马思唯,Slide,github_v2,0.75
马思唯,Small Chainz (Prod. By Kino Beats),github_dataset,0.8
马思唯,Small Chainz (Prod. By Kino Beats),github_extended,0.7
马思唯,Small Chainz (Prod. By Kino Beats),github_v2,0.75
马思唯,Super Saiyan Broly (Prod.By Blasian),github_dataset,0.8
马思唯,Super Saiyan Broly (Prod.By Blasian),github_extended,0.7
马思唯,Super Saiyan Broly (Prod.By Blasian),github_v2,0.75
马思唯,Superstar,lrc_cx_build,0.88
马思唯,Superstar,lrc_cx_ext,0.85
马思唯,Sweat,lrc_cx_build,0.88
马思唯,Tom And Jerry(Prod.KRVZE),github_dataset,0.8
马思唯,Tom And Jerry(Prod.KRVZE),github_extended,0.7
马思唯,Tom And Jerry(Prod.KRVZE),github_v2,0.75
马思唯,Woh Wah,lrc_cx_ext,0.85
马思唯,YIKES,lrc_cx_build,0.88
马思唯,YSL,lrc_cx_ext,0.85
马思唯,YSL,netease_top,0.85
马思唯,You Don’t Know (Prod By Snapz),github_dataset,0.8
马思唯,You Don’t Know (Prod By Snapz),github_extended,0.7
马思唯,You Don’t Know (Prod By Snapz),github_v2,0.75
马思唯,Young Prince (Prod. By Masked Man),github_dataset,0.8
马思唯,Young Prince (Prod. By Masked Man),github_extended,0.7
马思唯,Young Prince (Prod. By Masked Man),github_v2,0.75
马思唯,intro冷板凳,github_dataset,0.8
马思唯,intro冷板凳,github_extended,0.7
马思唯,intro冷板凳,github_v2,0.75
马思唯,不爱你了 (Prod. By Snapz),github_dataset,0.8
马思唯,不爱你了 (Prod. By Snapz),github_extended,0.7
马思唯,不爱你了 (Prod. By Snapz),github_v2,0.75
马思唯,办得到(feat.马思唯）,github_dataset,0.8
马思唯,办得到(feat.马思唯）,github_extended,0.7
马思唯,办得到(feat.马思唯）,github_v2,0.75
马思唯,功成名就 Feat. Masiwei,github_dataset,0.8
马思唯,功成名就 Feat. Masiwei,github_extended,0.7
马思唯,功成名就 Feat. Masiwei,github_v2,0.75
马思唯,四季不败,lrc_cx_build,0.88
马思唯,成都Rappers,github_dataset,0.8
马思唯,成都Rappers,github_extended,0.7
马思唯,成都Rappers,github_v2,0.75
马思唯,我不再担心 (Prod. By Snapz),github_dataset,0.8
马思唯,我不再担心 (Prod. By Snapz),github_extended,0.7
马思唯,我不再担心 (Prod. By Snapz),github_v2,0.75
马思唯,票儿吃起走,github_dataset,0.8
马思唯,票儿吃起走,github_extended,0.7
马思唯,票儿吃起走,github_v2,0.75
马思唯,赚更多 (Prod. By Lex Luger),github_dataset,0.8
马思唯,赚更多 (Prod. By Lex Luger),github_extended,0.7
马思唯,赚更多 (Prod. By Lex Luger),github_v2,0.75
马思唯,追求,github_dataset,0.8
马思唯,追求,github_extended,0.7
马思唯,追求,github_v2,0.75
马思唯,马拉马拉,lrc_cx_ext,0.85
马思唯,马拉马拉,netease_top,0.85
鬼卞,24 hrs,github_dataset,0.8
鬼卞,24 hrs,github_extended,0.7
鬼卞,24 hrs,github_v2,0.75
鬼卞,Autumn Rain remix,github_dataset,0.8
鬼卞,Autumn Rain remix,github_extended,0.7
鬼卞,Autumn Rain remix,github_v2,0.75
鬼卞,Fade 2 Black,github_dataset,0.8
鬼卞,Fade 2 Black,github_extended,0.7
鬼卞,Fade 2 Black,github_v2,0.75
鬼卞,Joker,github_dataset,0.8
鬼卞,Joker,github_extended,0.7
鬼卞,Joker,github_v2,0.75
鬼卞,Jungle Rules,github_dataset,0.8
鬼卞,Jungle Rules,github_extended,0.7
鬼卞,Jungle Rules,github_v2,0.75
鬼卞,Jungle Rules (iMoon Remix),github_dataset,0.8
鬼卞,Jungle Rules (iMoon Remix),github_extended,0.7
鬼卞,Jungle Rules (iMoon Remix),github_v2,0.75
鬼卞,Love is pain,github_dataset,0.8
鬼卞,Love is pain,github_extended,0.7
鬼卞,Love is pain,github_v2,0.75
鬼卞,SEE NO EVIL,github_dataset,0.8
鬼卞,SEE NO EVIL,github_extended,0.7
鬼卞,SEE NO EVIL,github_v2,0.75
鬼卞,She's So Loyal,github_dataset,0.8
鬼卞,She's So Loyal,github_extended,0.7
鬼卞,She's So Loyal,github_v2,0.75
鬼卞,Skrillex / Rick ross - The Graduation,github_dataset,0.8
鬼卞,Skrillex / Rick ross - The Graduation,github_extended,0.7
鬼卞,Skrillex / Rick ross - The Graduation,github_v2,0.75
鬼卞,Solo,github_dataset,0.8
鬼卞,Solo,github_extended,0.7
鬼卞,Solo,github_v2,0.75
鬼卞,Stockings,github_dataset,0.8
鬼卞,Stockings,github_extended,0.7
鬼卞,Stockings,github_v2,0.75
鬼卞,Waiting For,github_dataset,0.8
鬼卞,Waiting For,github_extended,0.7
鬼卞,Waiting For,github_v2,0.75
鬼卞,We Are The GOD.,github_dataset,0.8
鬼卞,We Are The GOD.,github_extended,0.7
鬼卞,We Are The GOD.,github_v2,0.75
鬼卞,Wonderful World,github_dataset,0.8
鬼卞,Wonderful World,github_extended,0.7
鬼卞,Wonderful World,github_v2,0.75
鬼卞,不悔,lrc_cx_ext,0.85
鬼卞,不悔,netease_top,0.85
鬼卞,不是我,github_dataset,0.8
鬼卞,不是我,github_extended,0.7
鬼卞,不是我,github_v2,0.75
鬼卞,乌托邦,github_dataset,0.8
鬼卞,乌托邦,github_extended,0.7
鬼卞,乌托邦,github_v2,0.75
鬼卞,乱世,github_dataset,0.8
鬼卞,乱世,github_extended,0.7
鬼卞,乱世,github_v2,0.75
鬼卞,人格分裂症,github_dataset,0.8
鬼卞,人格分裂症,github_extended,0.7
鬼卞,人格分裂症,github_v2,0.75
鬼卞,从不停歇,github_dataset,0.8
鬼卞,从不停歇,github_extended,0.7
鬼卞,从不停歇,github_v2,0.75
鬼卞,佳人,github_dataset,0.8
鬼卞,佳人,github_extended,0.7
鬼卞,佳人,github_v2,0.75
鬼卞,侠客,github_dataset,0.8
鬼卞,侠客,github_extended,0.7
鬼卞,侠客,github_v2,0.75
鬼卞,冬日战神（凛冬将至REMIX）,github_dataset,0.8
鬼卞,冬日战神（凛冬将至REMIX）,github_extended,0.7
鬼卞,冬日战神（凛冬将至REMIX）,github_v2,0.75
鬼卞,净土,github_dataset,0.8
鬼卞,净土,github_extended,0.7
鬼卞,净土,github_v2,0.75
鬼卞,别哭,lrc_cx_build,0.88
鬼卞,刺痛,github_dataset,0.8
鬼卞,刺痛,github_extended,0.7
鬼卞,刺痛,github_v2,0.75
鬼卞,只想要你知道,github_dataset,0.8
鬼卞,只想要你知道,github_extended,0.7
鬼卞,只想要你知道,github_v2,0.75
鬼卞,哭不出来,github_dataset,0.8
鬼卞,哭不出来,github_extended,0.7
鬼卞,哭不出来,github_v2,0.75
鬼卞,困兽,lrc_cx_build,0.88
鬼卞,夜曲,lrc_cx_ext,0.85
鬼卞,夜曲,netease_top,0.85
鬼卞,大梦,lrc_cx_build,0.88
鬼卞,失忆症,github_dataset,0.8
鬼卞,失忆症,github_extended,0.7
鬼卞,失忆症,github_v2,0.75
鬼卞,将我碾进土里,github_dataset,0.8
鬼卞,将我碾进土里,github_extended,0.7
鬼卞,将我碾进土里,github_v2,0.75
鬼卞,尸行,github_dataset,0.8
鬼卞,尸行,github_extended,0.7
鬼卞,尸行,github_v2,0.75
鬼卞,山海,lrc_cx_build,0.88
鬼卞,平安喜乐 ,github_dataset,0.8
鬼卞,平安喜乐 ,github_extended,0.7
鬼卞,平安喜乐 ,github_v2,0.75
鬼卞,恶作剧,lrc_cx_ext,0.85
鬼卞,恶作剧,netease_top,0.85
鬼卞,情人 (Remix版),github_dataset,0.8
鬼卞,情人 (Remix版),github_extended,0.7
鬼卞,情人 (Remix版),github_v2,0.75
鬼卞,成全,lrc_cx_ext,0.85
鬼卞,我有病,github_dataset,0.8
鬼卞,我有病,github_extended,0.7
鬼卞,我有病,github_v2,0.75
鬼卞,我的时代,lrc_cx_build,0.88
鬼卞,我的时代,lrc_cx_ext,0.85
鬼卞,我的时代,netease_top,0.85
鬼卞,故纵,github_dataset,0.8
鬼卞,故纵,github_extended,0.7
鬼卞,故纵,github_v2,0.75
鬼卞,文明坠落,github_dataset,0.8
鬼卞,文明坠落,github_extended,0.7
鬼卞,文明坠落,github_v2,0.75
鬼卞,文艺复兴,github_dataset,0.8
鬼卞,文艺复兴,github_extended,0.7
鬼卞,文艺复兴,github_v2,0.75
鬼卞,断线飞蛾,github_dataset,0.8
鬼卞,断线飞蛾,github_extended,0.7
鬼卞,断线飞蛾,github_v2,0.75
鬼卞,无人之岛,lrc_cx_ext,0.85
鬼卞,无人之岛,netease_top,0.85
鬼卞,无名之辈,lrc_cx_build,0.88
鬼卞,杀手鬼卞,github_dataset,0.8
鬼卞,杀手鬼卞,github_extended,0.7
鬼卞,杀手鬼卞,github_v2,0.75
鬼卞,死地,github_dataset,0.8
鬼卞,死地,github_extended,0.7
鬼卞,死地,github_v2,0.75
鬼卞,浮夸,lrc_cx_ext,0.85
鬼卞,浮夸,netease_top,0.85
鬼卞,涅槃重生,github_dataset,0.8
鬼卞,涅槃重生,github_extended,0.7
鬼卞,涅槃重生,github_v2,0.75
鬼卞,独行者,lrc_cx_build,0.88
鬼卞,甜葡萄 红眼睛,github_dataset,0.8
鬼卞,甜葡萄 红眼睛,github_extended,0.7
鬼卞,甜葡萄 红眼睛,github_v2,0.75
鬼卞,甜酸酱/Sweet &amp; Sour,github_dataset,0.8
鬼卞,甜酸酱/Sweet &amp; Sour,github_extended,0.7
鬼卞,甜酸酱/Sweet &amp; Sour,github_v2,0.75
鬼卞,睡前故事,github_dataset,0.8
鬼卞,睡前故事,github_extended,0.7
鬼卞,睡前故事,github_v2,0.75
鬼卞,绝命,github_dataset,0.8
鬼卞,绝命,github_extended,0.7
鬼卞,绝命,github_v2,0.75
鬼卞,自祈,github_dataset,0.8
鬼卞,自祈,github_extended,0.7
鬼卞,自祈,github_v2,0.75
鬼卞,蝴蝶效应,github_dataset,0.8
鬼卞,蝴蝶效应,github_extended,0.7
鬼卞,蝴蝶效应,github_v2,0.75
鬼卞,说散就散,lrc_cx_ext,0.85
鬼卞,追光者,lrc_cx_ext,0.85
鬼卞,追光者,netease_top,0.85
鬼卞,逆光,lrc_cx_ext,0.85
鬼卞,逆光,netease_top,0.85
鬼卞,逆浪,lrc_cx_build,0.88
鬼卞,重庆森林,github_dataset,0.8
鬼卞,重庆森林,github_extended,0.7
鬼卞,重庆森林,github_v2,0.75
鬼卞,野人,lrc_cx_build,0.88
鬼卞,颠倒,github_dataset,0.8
鬼卞,颠倒,github_extended,0.7
鬼卞,颠倒,github_v2,0.75
鬼卞,骨折,github_dataset,0.8
鬼卞,骨折,github_extended,0.7
鬼卞,骨折,github_v2,0.75
鬼卞,黑神话,lrc_cx_build,0.88
黄旭,07. Friday,github_dataset,0.8
黄旭,07. Friday,github_extended,0.7
黄旭,07. Friday,github_v2,0.75
黄旭,11. 天堂来信,github_dataset,0.8
黄旭,11. 天堂来信,github_extended,0.7
黄旭,11. 天堂来信,github_v2,0.75
黄旭,17. Real,github_dataset,0.8
黄旭,17. Real,github_extended,0.7
黄旭,17. Real,github_v2,0.75
黄旭,Cool Like Us,github_dataset,0.8
黄旭,Cool Like Us,github_extended,0.7
黄旭,Cool Like Us,github_v2,0.75
黄旭,Flow,github_dataset,0.8
黄旭,Flow,github_extended,0.7
黄旭,Flow,github_v2,0.75
黄旭,Forget it,github_dataset,0.8
黄旭,Forget it,github_extended,0.7
黄旭,Forget it,github_v2,0.75
黄旭,Get Yours,github_dataset,0.8
黄旭,Get Yours,github_extended,0.7
黄旭,Get Yours,github_v2,0.75
黄旭,I Feel Great Feat. 黄旭,github_dataset,0.8
黄旭,I Feel Great Feat. 黄旭,github_extended,0.7
黄旭,I Feel Great Feat. 黄旭,github_v2,0.75
黄旭,Maybe,github_dataset,0.8
黄旭,Maybe,github_extended,0.7
黄旭,Maybe,github_v2,0.75
黄旭,New K,github_dataset,0.8
黄旭,New K,github_extended,0.7
黄旭,New K,github_v2,0.75
黄旭,ROUND 4,github_dataset,0.8
黄旭,ROUND 4,github_extended,0.7
黄旭,ROUND 4,github_v2,0.75
黄旭,Round 4 (Live),github_dataset,0.8
黄旭,Round 4 (Live),github_extended,0.7
黄旭,Round 4 (Live),github_v2,0.75
黄旭,Round 4,github_dataset,0.8
黄旭,Round 4,github_extended,0.7
黄旭,Round 4,github_v2,0.75
黄旭,Street Fighter (Live),github_dataset,0.8
黄旭,Street Fighter (Live),github_extended,0.7
黄旭,Street Fighter (Live),github_v2,0.75
黄旭,Time,github_dataset,0.8
黄旭,Time,github_extended,0.7
黄旭,Time,github_v2,0.75
黄旭,Together We Play,github_dataset,0.8
黄旭,Together We Play,github_extended,0.7
黄旭,Together We Play,github_v2,0.75
黄旭,U Don't Know My Name,github_dataset,0.8
黄旭,U Don't Know My Name,github_extended,0.7
黄旭,U Don't Know My Name,github_v2,0.75
黄旭,When I Feel The World,github_dataset,0.8
黄旭,When I Feel The World,github_extended,0.7
黄旭,When I Feel The World,github_v2,0.75
黄旭,你不知道我的名字,github_dataset,0.8
黄旭,你不知道我的名字,github_extended,0.7
黄旭,你不知道我的名字,github_v2,0.75
黄旭,你能看到我,github_dataset,0.8
黄旭,你能看到我,github_extended,0.7
黄旭,你能看到我,github_v2,0.75
黄旭,凡人歌 (Live),github_dataset,0.8
黄旭,凡人歌 (Live),github_extended,0.7
黄旭,凡人歌 (Live),github_v2,0.75
黄旭,天堂来信,github_dataset,0.8
黄旭,天堂来信,github_extended,0.7
黄旭,天堂来信,github_v2,0.75
黄旭,奔跑,github_dataset,0.8
黄旭,奔跑,github_extended,0.7
黄旭,奔跑,github_v2,0.75
黄旭,强你好几倍,github_dataset,0.8
黄旭,强你好几倍,github_extended,0.7
黄旭,强你好几倍,github_v2,0.75
黄旭,拿回來 Remix,github_dataset,0.8
黄旭,拿回來 Remix,github_extended,0.7
黄旭,拿回來 Remix,github_v2,0.75
黄旭,杀无赦,github_dataset,0.8
黄旭,杀无赦,github_extended,0.7
黄旭,杀无赦,github_v2,0.75
黄旭,深夜电话粥,github_dataset,0.8
黄旭,深夜电话粥,github_extended,0.7
黄旭,深夜电话粥,github_v2,0.75
黄旭,燕儿归 (贺年版),github_dataset,0.8
黄旭,燕儿归 (贺年版),github_extended,0.7
黄旭,燕儿归 (贺年版),github_v2,0.75
黄旭,爸爸妈妈真心话,github_dataset,0.8
黄旭,爸爸妈妈真心话,github_extended,0.7
黄旭,爸爸妈妈真心话,github_v2,0.75
黄旭,第四回合,github_dataset,0.8
黄旭,第四回合,github_extended,0.7
黄旭,第四回合,github_v2,0.75
黄旭,给妈妈的歌,github_dataset,0.8
黄旭,给妈妈的歌,github_extended,0.7
黄旭,给妈妈的歌,github_v2,0.75
黄旭,说散就散,github_dataset,0.8
黄旭,说散就散,github_extended,0.7
黄旭,说散就散,github_v2,0.75
黄旭,转身,github_dataset,0.8
黄旭,转身,github_extended,0.7
黄旭,转身,github_v2,0.75
黄旭,逍遥,github_dataset,0.8
黄旭,逍遥,github_extended,0.7
黄旭,逍遥,github_v2,0.75
黄旭,都市物语,github_dataset,0.8
黄旭,都市物语,github_extended,0.7
黄旭,都市物语,github_v2,0.75
黄旭,黄绿青蓝紫,github_dataset,0.8
黄旭,黄绿青蓝紫,github_extended,0.7
黄旭,黄绿青蓝紫,github_v2,0.75
黑羊,02 创作动机,github_dataset,0.8
黑羊,02 创作动机,github_extended,0.7
黑羊,02 创作动机,github_v2,0.75
黑羊,03 随性演绎,github_dataset,0.8
黑羊,03 随性演绎,github_extended,0.7
黑羊,03 随性演绎,github_v2,0.75
黑羊,06 命题作文,github_dataset,0.8
黑羊,06 命题作文,github_extended,0.7
黑羊,06 命题作文,github_v2,0.75
黑羊,07 新放虎归山,github_dataset,0.8
黑羊,07 新放虎归山,github_extended,0.7
黑羊,07 新放虎归山,github_v2,0.75
黑羊,08 感觉得到,github_dataset,0.8
黑羊,08 感觉得到,github_extended,0.7
黑羊,08 感觉得到,github_v2,0.75
黑羊,0825鼓浪屿夜,github_dataset,0.8
黑羊,0825鼓浪屿夜,github_extended,0.7
黑羊,0825鼓浪屿夜,github_v2,0.75
黑羊,09 陀西塔律定,github_dataset,0.8
黑羊,09 陀西塔律定,github_extended,0.7
黑羊,09 陀西塔律定,github_v2,0.75
黑羊,11 无眠曲 Pt.2 Prod.by 志国夜总会,github_dataset,0.8
黑羊,11 无眠曲 Pt.2 Prod.by 志国夜总会,github_extended,0.7
黑羊,11 无眠曲 Pt.2 Prod.by 志国夜总会,github_v2,0.75
黑羊,13 总有一天,github_dataset,0.8
黑羊,13 总有一天,github_extended,0.7
黑羊,13 总有一天,github_v2,0.75
黑羊,BE MY CAT (Prod. by Lopu$),github_dataset,0.8
黑羊,BE MY CAT (Prod. by Lopu$),github_extended,0.7
黑羊,BE MY CAT (Prod. by Lopu$),github_v2,0.75
黑羊,Back I promised to be,github_dataset,0.8
黑羊,Back I promised to be,github_extended,0.7
黑羊,Back I promised to be,github_v2,0.75
黑羊,Back I promised to be,github_dataset,0.8
黑羊,Back I promised to be,github_extended,0.7
黑羊,Back I promised to be,github_v2,0.75
黑羊,Bonus1 这只伶俐的棕色狐狸跳过一只懒惰的狗 Remix,github_dataset,0.8
黑羊,Bonus1 这只伶俐的棕色狐狸跳过一只懒惰的狗 Remix,github_extended,0.7
黑羊,Bonus1 这只伶俐的棕色狐狸跳过一只懒惰的狗 Remix,github_v2,0.75
黑羊,Flasky Fish Prod. by 志国夜总会,github_dataset,0.8
黑羊,Flasky Fish Prod. by 志国夜总会,github_extended,0.7
黑羊,Flasky Fish Prod. by 志国夜总会,github_v2,0.75
黑羊,ISOLATE,github_dataset,0.8
黑羊,ISOLATE,github_extended,0.7
黑羊,ISOLATE,github_v2,0.75
黑羊,Otaku (2011) Ft.李彩瑞,github_dataset,0.8
黑羊,Otaku (2011) Ft.李彩瑞,github_extended,0.7
黑羊,Otaku (2011) Ft.李彩瑞,github_v2,0.75
黑羊,Stuck in a dream,github_dataset,0.8
黑羊,Stuck in a dream,github_extended,0.7
黑羊,Stuck in a dream,github_v2,0.75
黑羊,下一张的序 (2013),github_dataset,0.8
黑羊,下一张的序 (2013),github_extended,0.7
黑羊,下一张的序 (2013),github_v2,0.75
黑羊,下一首,github_dataset,0.8
黑羊,下一首,github_extended,0.7
黑羊,下一首,github_v2,0.75
黑羊,不管 Ft. 李彩瑞（Cover：传琦SAMA）,github_dataset,0.8
黑羊,不管 Ft. 李彩瑞（Cover：传琦SAMA）,github_extended,0.7
黑羊,不管 Ft. 李彩瑞（Cover：传琦SAMA）,github_v2,0.75
黑羊,不识货马泽法克,github_dataset,0.8
黑羊,不识货马泽法克,github_extended,0.7
黑羊,不识货马泽法克,github_v2,0.75
黑羊,佐々木あき Prod.by 李老板,github_dataset,0.8
黑羊,佐々木あき Prod.by 李老板,github_extended,0.7
黑羊,佐々木あき Prod.by 李老板,github_v2,0.75
黑羊,你管我 (with T-Pain Effect),github_dataset,0.8
黑羊,你管我 (with T-Pain Effect),github_extended,0.7
黑羊,你管我 (with T-Pain Effect),github_v2,0.75
黑羊,关乎态度,github_dataset,0.8
黑羊,关乎态度,github_extended,0.7
黑羊,关乎态度,github_v2,0.75
黑羊,关于远方,github_dataset,0.8
黑羊,关于远方,github_extended,0.7
黑羊,关于远方,github_v2,0.75
黑羊,"再次自我介绍 「Words Powerful, Talkers Sh**i Vol.3」先行曲",github_dataset,0.8
黑羊,"再次自我介绍 「Words Powerful, Talkers Sh**i Vol.3」先行曲",github_extended,0.7
黑羊,"再次自我介绍 「Words Powerful, Talkers Sh**i Vol.3」先行曲",github_v2,0.75
黑羊,别把他们叫醒 (Remix by Alienkey),github_dataset,0.8
黑羊,别把他们叫醒 (Remix by Alienkey),github_extended,0.7
黑羊,别把他们叫醒 (Remix by Alienkey),github_v2,0.75
黑羊,在他们眼里 (Intro),github_dataset,0.8
黑羊,在他们眼里 (Intro),github_extended,0.7
黑羊,在他们眼里 (Intro),github_v2,0.75
黑羊,就像是我们,github_dataset,0.8
黑羊,就像是我们,github_extended,0.7
黑羊,就像是我们,github_v2,0.75
黑羊,巴黎绑匪2017,github_dataset,0.8
黑羊,巴黎绑匪2017,github_extended,0.7
黑羊,巴黎绑匪2017,github_v2,0.75
黑羊,总有一天 (Words Powerful Talkers S***i Vol.2 先行曲),github_dataset,0.8
黑羊,总有一天 (Words Powerful Talkers S***i Vol.2 先行曲),github_extended,0.7
黑羊,总有一天 (Words Powerful Talkers S***i Vol.2 先行曲),github_v2,0.75
黑羊,想要那样一个收音机 Featuring 香菇,github_dataset,0.8
黑羊,想要那样一个收音机 Featuring 香菇,github_extended,0.7
黑羊,想要那样一个收音机 Featuring 香菇,github_v2,0.75
黑羊,我的城市,github_dataset,0.8
黑羊,我的城市,github_extended,0.7
黑羊,我的城市,github_v2,0.75
黑羊,散 Ft.毛毛Queencs,github_dataset,0.8
黑羊,散 Ft.毛毛Queencs,github_extended,0.7
黑羊,散 Ft.毛毛Queencs,github_v2,0.75
黑羊,无眠曲,github_dataset,0.8
黑羊,无眠曲,github_extended,0.7
黑羊,无眠曲,github_v2,0.75
黑羊,无眠曲 Pt.2,github_dataset,0.8
黑羊,无眠曲 Pt.2,github_extended,0.7
黑羊,无眠曲 Pt.2,github_v2,0.75
黑羊,望京 Pt.2,github_dataset,0.8
黑羊,望京 Pt.2,github_extended,0.7
黑羊,望京 Pt.2,github_v2,0.75
黑羊,末班车,github_dataset,0.8
黑羊,末班车,github_extended,0.7
黑羊,末班车,github_v2,0.75
黑羊,末班车 (Karaoke Version),github_dataset,0.8
黑羊,末班车 (Karaoke Version),github_extended,0.7
黑羊,末班车 (Karaoke Version),github_v2,0.75
黑羊,梦里花 Remix,github_dataset,0.8
黑羊,梦里花 Remix,github_extended,0.7
黑羊,梦里花 Remix,github_v2,0.75
黑羊,海豹,github_dataset,0.8
黑羊,海豹,github_extended,0.7
黑羊,海豹,github_v2,0.75
黑羊,消失,github_dataset,0.8
黑羊,消失,github_extended,0.7
黑羊,消失,github_v2,0.75
黑羊,致说唱,github_dataset,0.8
黑羊,致说唱,github_extended,0.7
黑羊,致说唱,github_v2,0.75
黑羊,说唱,github_dataset,0.8
黑羊,说唱,github_extended,0.7
黑羊,说唱,github_v2,0.75
黑羊,这只伶俐的棕色狐狸跳过一只懒惰的狗,github_dataset,0.8
黑羊,这只伶俐的棕色狐狸跳过一只懒惰的狗,github_extended,0.7
黑羊,这只伶俐的棕色狐狸跳过一只懒惰的狗,github_v2,0.75
黑羊,这只伶俐的棕色狐狸跳过一只懒惰的狗 Remix (2018) Ft. 李彩瑞,github_dataset,0.8
黑羊,这只伶俐的棕色狐狸跳过一只懒惰的狗 Remix (2018) Ft. 李彩瑞,github_extended,0.7
黑羊,这只伶俐的棕色狐狸跳过一只懒惰的狗 Remix (2018) Ft. 李彩瑞,github_v2,0.75
黑羊,迷路,github_dataset,0.8
黑羊,迷路,github_extended,0.7
黑羊,迷路,github_v2,0.75
黑羊,黑羊 - 消失 Remix Ft. Fi,github_dataset,0.8
黑羊,黑羊 - 消失 Remix Ft. Fi,github_extended,0.7
黑羊,黑羊 - 消失 Remix Ft. Fi,github_v2,0.75
黑羊,"黑羊 - 雾，终将散去 Remix Ft. Fi, 李彩瑞",github_dataset,0.8
黑羊,"黑羊 - 雾，终将散去 Remix Ft. Fi, 李彩瑞",github_extended,0.7
黑羊,"黑羊 - 雾，终将散去 Remix Ft. Fi, 李彩瑞",github_v2,0.75
龙井说唱,"A, Just Like You ",github_dataset,0.8
龙井说唱,"A, Just Like You ",github_extended,0.7
龙井说唱,"A, Just Like You ",github_v2,0.75
龙井说唱,Brain Holiday,github_dataset,0.8
龙井说唱,Brain Holiday,github_extended,0.7
龙井说唱,Brain Holiday,github_v2,0.75
龙井说唱,Don't worry,github_dataset,0.8
龙井说唱,Don't worry,github_extended,0.7
龙井说唱,Don't worry,github_v2,0.75
龙井说唱,Forever young,github_dataset,0.8
龙井说唱,Forever young,github_extended,0.7
龙井说唱,Forever young,github_v2,0.75
龙井说唱,It's My Time,github_dataset,0.8
龙井说唱,It's My Time,github_extended,0.7
龙井说唱,It's My Time,github_v2,0.75
龙井说唱,It's my time,github_dataset,0.8
龙井说唱,It's my time,github_extended,0.7
龙井说唱,It's my time,github_v2,0.75
龙井说唱,To the top,github_dataset,0.8
龙井说唱,To the top,github_extended,0.7
龙井说唱,To the top,github_v2,0.75
龙井说唱,U can't back down,github_dataset,0.8
龙井说唱,U can't back down,github_extended,0.7
龙井说唱,U can't back down,github_v2,0.75
龙井说唱,WOW,github_dataset,0.8
龙井说唱,WOW,github_extended,0.7
龙井说唱,WOW,github_v2,0.75
龙井说唱,hiphop stay alive,github_dataset,0.8
龙井说唱,hiphop stay alive,github_extended,0.7
龙井说唱,hiphop stay alive,github_v2,0.75
龙井说唱,sky,github_dataset,0.8
龙井说唱,sky,github_extended,0.7
龙井说唱,sky,github_v2,0.75
龙井说唱,乐在其中,github_dataset,0.8
龙井说唱,乐在其中,github_extended,0.7
龙井说唱,乐在其中,github_v2,0.75
龙井说唱,修炼,github_dataset,0.8
龙井说唱,修炼,github_extended,0.7
龙井说唱,修炼,github_v2,0.75
龙井说唱,兄弟 ,github_dataset,0.8
龙井说唱,兄弟 ,github_extended,0.7
龙井说唱,兄弟 ,github_v2,0.75
龙井说唱,关于你 关于我,github_dataset,0.8
龙井说唱,关于你 关于我,github_extended,0.7
龙井说唱,关于你 关于我,github_v2,0.75
龙井说唱,其乐无穷,github_dataset,0.8
龙井说唱,其乐无穷,github_extended,0.7
龙井说唱,其乐无穷,github_v2,0.75
龙井说唱,北京在哪,github_dataset,0.8
龙井说唱,北京在哪,github_extended,0.7
龙井说唱,北京在哪,github_v2,0.75
龙井说唱,及时行乐,github_dataset,0.8
龙井说唱,及时行乐,github_extended,0.7
龙井说唱,及时行乐,github_v2,0.75
龙井说唱,后会有期,github_dataset,0.8
龙井说唱,后会有期,github_extended,0.7
龙井说唱,后会有期,github_v2,0.75
龙井说唱,听我说(Dark Mix2011 Rap),github_dataset,0.8
龙井说唱,听我说(Dark Mix2011 Rap),github_extended,0.7
龙井说唱,听我说(Dark Mix2011 Rap),github_v2,0.75
龙井说唱,回到未来,github_dataset,0.8
龙井说唱,回到未来,github_extended,0.7
龙井说唱,回到未来,github_v2,0.75
龙井说唱,在路上,github_dataset,0.8
龙井说唱,在路上,github_extended,0.7
龙井说唱,在路上,github_v2,0.75
龙井说唱,夜三里,github_dataset,0.8
龙井说唱,夜三里,github_extended,0.7
龙井说唱,夜三里,github_v2,0.75
龙井说唱,大脑假日,github_dataset,0.8
龙井说唱,大脑假日,github_extended,0.7
龙井说唱,大脑假日,github_v2,0.75
龙井说唱,天使城,github_dataset,0.8
龙井说唱,天使城,github_extended,0.7
龙井说唱,天使城,github_v2,0.75
龙井说唱,孙大圣,github_dataset,0.8
龙井说唱,孙大圣,github_extended,0.7
龙井说唱,孙大圣,github_v2,0.75
龙井说唱,尘埃,github_dataset,0.8
龙井说唱,尘埃,github_extended,0.7
龙井说唱,尘埃,github_v2,0.75
龙井说唱,平凡之路（翻唱版）,github_dataset,0.8
龙井说唱,平凡之路（翻唱版）,github_extended,0.7
龙井说唱,平凡之路（翻唱版）,github_v2,0.75
龙井说唱,归,github_dataset,0.8
龙井说唱,归,github_extended,0.7
龙井说唱,归,github_v2,0.75
龙井说唱,感谢,github_dataset,0.8
龙井说唱,感谢,github_extended,0.7
龙井说唱,感谢,github_v2,0.75
龙井说唱,我的生活,github_dataset,0.8
龙井说唱,我的生活,github_extended,0.7
龙井说唱,我的生活,github_v2,0.75
龙井说唱,拿球说话,github_dataset,0.8
龙井说唱,拿球说话,github_extended,0.7
龙井说唱,拿球说话,github_v2,0.75
龙井说唱,朋友,github_dataset,0.8
龙井说唱,朋友,github_extended,0.7
龙井说唱,朋友,github_v2,0.75
龙井说唱,清早儿,github_dataset,0.8
龙井说唱,清早儿,github_extended,0.7
龙井说唱,清早儿,github_v2,0.75
龙井说唱,炸酱面,github_dataset,0.8
龙井说唱,炸酱面,github_extended,0.7
龙井说唱,炸酱面,github_v2,0.75
龙井说唱,玩hiphop,github_dataset,0.8
龙井说唱,玩hiphop,github_extended,0.7
龙井说唱,玩hiphop,github_v2,0.75
龙井说唱,玩儿,github_dataset,0.8
龙井说唱,玩儿,github_extended,0.7
龙井说唱,玩儿,github_v2,0.75
龙井说唱,篮球游戏,github_dataset,0.8
龙井说唱,篮球游戏,github_extended,0.7
龙井说唱,篮球游戏,github_v2,0.75
龙井说唱,老北京变了,github_dataset,0.8
龙井说唱,老北京变了,github_extended,0.7
龙井说唱,老北京变了,github_v2,0.75
龙井说唱,老虎油,github_dataset,0.8
龙井说唱,老虎油,github_extended,0.7
龙井说唱,老虎油,github_v2,0.75
龙井说唱,跟风狗与键盘侠 (Prod. by 陆放),github_dataset,0.8
龙井说唱,跟风狗与键盘侠 (Prod. by 陆放),github_extended,0.7
龙井说唱,跟风狗与键盘侠 (Prod. by 陆放),github_v2,0.75
龙井说唱,轮回,github_dataset,0.8
龙井说唱,轮回,github_extended,0.7
龙井说唱,轮回,github_v2,0.75
龙井说唱,过眼云烟,github_dataset,0.8
龙井说唱,过眼云烟,github_extended,0.7
龙井说唱,过眼云烟,github_v2,0.75
龙井说唱,这儿.北京,github_dataset,0.8
龙井说唱,这儿.北京,github_extended,0.7
龙井说唱,这儿.北京,github_v2,0.75
龙井说唱,遗忘,github_dataset,0.8
龙井说唱,遗忘,github_extended,0.7
龙井说唱,遗忘,github_v2,0.75
龙井说唱,闲的,github_dataset,0.8
龙井说唱,闲的,github_extended,0.7
龙井说唱,闲的,github_v2,0.75
龙井说唱,阴影的背后,github_dataset,0.8
龙井说唱,阴影的背后,github_extended,0.7
龙井说唱,阴影的背后,github_v2,0.75
龙井说唱,骗子,github_dataset,0.8
龙井说唱,骗子,github_extended,0.7
龙井说唱,骗子,github_v2,0.75
龙井说唱,高级动物,github_dataset,0.8
龙井说唱,高级动物,github_extended,0.7
龙井说唱,高级动物,github_v2,0.75
